Gender,Age,Daily Meal Frequency,Physical Exercise,Height,Weight,BMR,Carbs,Proteins,Fats,Calories
0,29,3,0,165,101,1901.25,285.188,114.075,76.05,2281.502
1,25,3,4,165,53,1275.25,302.872,121.149,80.766,2422.978
0,23,2,0,170,70,1652.5,247.875,99.15,66.1,1983
0,22,3,0,168,112,2065,309.75,123.9,82.6,2478
0,19,3,2,175,67,1673.75,324.289,129.716,86.477,2594.313
0,24,2,0,165,70,1616.25,242.438,96.975,64.65,1939.502
0,30,3,0,155,90,1723.75,258.562,103.425,68.95,2068.498
0,16,4,0,157,73,1636.25,245.438,98.175,65.45,1963.502
0,23,4,0,183,110,2133.75,320.062,128.025,85.35,2560.498
0,23,3,0,168,49,1430,214.5,85.8,57.2,1716
0,32,2,0,165,46,1336.25,200.438,80.175,53.45,1603.502
0,18,2,1,180,110,2140,367.812,147.125,98.083,2942.495
1,22,3,0,155,43,1127.75,169.162,67.665,45.11,1353.298
0,25,3,3,173,69,1651.25,356.051,142.42,94.947,2848.407
0,26,3,0,168,52,1445,216.75,86.7,57.8,1734
0,22,2,0,165,75,1676.25,251.438,100.575,67.05,2011.502
0,20,3,0,170,60,1567.5,235.125,94.05,62.7,1881
0,24,2,0,170,90,1847.5,277.125,110.85,73.9,2217
1,44,4,0,165,92,1570.25,235.538,94.215,62.81,1884.302
0,21,2,1,168,90,1850,317.969,127.188,84.792,2543.756
0,34,3,0,155,88,1683.75,252.562,101.025,67.35,2020.498
0,20,3,0,163,49,1413.75,212.062,84.825,56.55,1696.498
0,36,3,0,155,120,1993.75,299.062,119.625,79.75,2392.498
1,28,2,0,157,75,1430.25,214.538,85.815,57.21,1716.302
0,21,3,2,168,65,1600,310,124,82.667,2480.003
0,22,2,0,168,105,1995,299.25,119.7,79.8,2394
1,22,3,0,163,61,1357.75,203.662,81.465,54.31,1629.298
0,24,4,1,173,61,1576.25,270.918,108.367,72.245,2167.345
0,24,2,0,168,77,1705,255.75,102.3,68.2,2046
1,52,3,0,160,78,1359,203.85,81.54,54.36,1630.8
0,21,4,4,180,64,1665,395.438,158.175,105.45,3163.502
0,51,3,0,170,51,1322.5,198.375,79.35,52.9,1587
0,30,2,1,168,91,1815,311.953,124.781,83.188,2495.628
0,21,3,0,160,45,1350,202.5,81,54,1620
0,26,2,0,163,47,1363.75,204.562,81.825,54.55,1636.498
0,24,3,0,163,107,1973.75,296.062,118.425,78.95,2368.498
0,22,3,0,165,110,2026.25,303.938,121.575,81.05,2431.502
1,29,2,1,163,82,1532.75,263.441,105.377,70.251,2107.531
0,21,3,0,168,67,1620,243,97.2,64.8,1944
0,22,3,0,173,80,1776.25,266.438,106.575,71.05,2131.502
1,32,3,0,142,96,1526.5,228.975,91.59,61.06,1831.8
1,37,2,0,155,78,1402.75,210.412,84.165,56.11,1683.298
0,25,3,0,160,104,1920,288,115.2,76.8,2304
1,24,2,0,165,61,1360.25,204.038,81.615,54.41,1632.302
0,35,3,0,163,62,1468.75,220.312,88.125,58.75,1762.498
1,29,3,0,152,98,1624,243.6,97.44,64.96,1948.8
0,26,2,1,173,96,1916.25,329.355,131.742,87.828,2634.84
0,26,3,0,170,94,1877.5,281.625,112.65,75.1,2253
1,34,2,0,152,58,1199,179.85,71.94,47.96,1438.8
0,28,3,0,170,109,2017.5,302.625,121.05,80.7,2421
1,27,3,0,157,77,1455.25,218.288,87.315,58.21,1746.302
1,21,2,0,163,92,1672.75,250.912,100.365,66.91,2007.298
0,44,3,0,157,55,1316.25,197.438,78.975,52.65,1579.502
1,22,4,0,157,58,1290.25,193.538,77.415,51.61,1548.302
1,35,3,0,160,80,1464,219.6,87.84,58.56,1756.8
1,24,3,0,168,103,1799,269.85,107.94,71.96,2158.8
1,40,3,0,142,82,1346.5,201.975,80.79,53.86,1615.8
1,21,4,0,142,80,1421.5,213.225,85.29,56.86,1705.8
1,22,2,0,157,48,1190.25,178.538,71.415,47.61,1428.302
1,22,2,0,155,45,1147.75,172.162,68.865,45.91,1377.298
1,23,3,1,168,65,1424,244.75,97.9,65.267,1958.003
1,21,4,1,157,50,1215.25,208.871,83.548,55.699,1670.967
0,23,4,4,170,77,1722.5,409.094,163.638,109.092,3272.756
0,23,4,1,168,85,1790,307.656,123.062,82.042,2461.25
0,21,3,3,170,60,1562.5,336.914,134.766,89.844,2695.316
1,20,3,0,160,65,1389,208.35,83.34,55.56,1666.8
0,22,3,0,165,40,1326.25,198.938,79.575,53.05,1591.502
0,30,4,0,165,103,1916.25,287.438,114.975,76.65,2299.502
1,20,3,0,165,46,1230.25,184.538,73.815,49.21,1476.302
1,30,3,0,152,99,1629,244.35,97.74,65.16,1954.8
0,36,3,0,168,51,1385,207.75,83.1,55.4,1662
0,23,2,0,160,41,1300,195,78,52,1560
0,19,3,0,155,99,1868.75,280.312,112.125,74.75,2242.498
0,25,3,0,157,113,1991.25,298.688,119.475,79.65,2389.502
0,22,4,0,175,81,1798.75,269.812,107.925,71.95,2158.498
0,41,3,0,163,101,1828.75,274.312,109.725,73.15,2194.498
0,32,3,0,168,117,2065,309.75,123.9,82.6,2478
0,21,3,0,168,55,1500,225,90,60,1800
1,36,3,0,160,44,1099,164.85,65.94,43.96,1318.8
0,19,2,0,160,44,1350,202.5,81,54,1620
0,32,4,0,173,106,1986.25,297.938,119.175,79.45,2383.502
1,18,3,0,145,69,1345.25,201.788,80.715,53.81,1614.302
1,19,2,1,157,54,1265.25,217.465,86.986,57.991,1739.723
0,18,2,1,163,71,1643.75,282.52,113.008,75.339,2260.163
0,23,3,0,165,53,1451.25,217.688,87.075,58.05,1741.502
1,21,4,0,160,97,1704,255.6,102.24,68.16,2044.8
1,22,4,0,140,72,1324,198.6,79.44,52.96,1588.8
1,31,2,0,157,78,1445.25,216.788,86.715,57.81,1734.302
1,20,3,3,160,38,1119,241.284,96.514,64.342,1930.27
0,23,3,0,168,105,1990,298.5,119.4,79.6,2388
1,22,4,0,163,55,1297.75,194.662,77.865,51.91,1557.298
0,21,3,4,168,58,1530,363.375,145.35,96.9,2907
0,16,3,2,173,58,1586.25,307.336,122.934,81.956,2458.684
0,25,2,0,178,100,1992.5,298.875,119.55,79.7,2391
1,37,3,0,145,97,1530.25,229.538,91.815,61.21,1836.302
0,22,3,1,165,63,1556.25,267.48,106.992,71.328,2139.84
1,25,3,0,160,45,1164,174.6,69.84,46.56,1396.8
1,35,3,0,163,80,1482.75,222.412,88.965,59.31,1779.298
1,30,3,0,142,100,1576.5,236.475,94.59,63.06,1891.8
0,28,3,0,173,54,1486.25,222.938,89.175,59.45,1783.502
1,20,2,0,145,72,1365.25,204.788,81.915,54.61,1638.302
1,58,2,0,142,70,1136.5,170.475,68.19,45.46,1363.8
1,21,2,0,168,67,1454,218.1,87.24,58.16,1744.8
1,22,3,0,155,50,1197.75,179.662,71.865,47.91,1437.298
1,21,2,0,165,85,1615.25,242.288,96.915,64.61,1938.302
0,20,3,0,170,50,1467.5,220.125,88.05,58.7,1761
1,26,2,2,155,72,1397.75,270.814,108.326,72.217,2166.513
0,37,2,1,163,68,1518.75,261.035,104.414,69.609,2088.277
1,41,3,0,157,107,1685.25,252.788,101.115,67.41,2022.302
1,46,3,1,160,47,1079,185.453,74.181,49.454,1483.622
1,35,3,0,140,100,1539,230.85,92.34,61.56,1846.8
1,25,3,0,160,85,1564,234.6,93.84,62.56,1876.8
0,25,3,1,178,97,1962.5,337.305,134.922,89.948,2698.44
0,22,3,0,165,45,1376.25,206.438,82.575,55.05,1651.502
0,26,3,0,173,52,1476.25,221.438,88.575,59.05,1771.502
0,24,2,4,160,70,1585,376.438,150.575,100.383,3011.499
1,18,3,0,165,50,1280.25,192.038,76.815,51.21,1536.302
1,18,2,0,168,55,1349,202.35,80.94,53.96,1618.8
0,23,3,0,173,91,1881.25,282.188,112.875,75.25,2257.502
1,26,3,0,157,99,1680.25,252.038,100.815,67.21,2016.302
1,40,3,0,160,40,1039,155.85,62.34,41.56,1246.8
1,25,2,3,152,64,1304,281.175,112.47,74.98,2249.4
0,35,4,0,168,109,1970,295.5,118.2,78.8,2364
0,22,2,0,170,61,1567.5,235.125,94.05,62.7,1881
1,22,4,0,170,90,1691.5,253.725,101.49,67.66,2029.8
0,34,3,0,163,112,1973.75,296.062,118.425,78.95,2368.498
0,25,4,0,178,90,1892.5,283.875,113.55,75.7,2271
0,25,2,0,170,78,1722.5,258.375,103.35,68.9,2067
1,25,2,0,157,48,1175.25,176.288,70.515,47.01,1410.302
0,24,4,1,170,70,1647.5,283.164,113.266,75.51,2265.31
1,41,4,0,155,88,1482.75,222.412,88.965,59.31,1779.298
1,39,2,0,155,76,1372.75,205.912,82.365,54.91,1647.298
0,18,3,0,152,93,1795,269.25,107.7,71.8,2154
0,23,4,4,173,86,1831.25,434.922,173.969,115.979,3479.375
1,23,3,0,163,67,1412.75,211.912,84.765,56.51,1695.298
0,26,2,0,165,89,1796.25,269.438,107.775,71.85,2155.502
0,17,2,0,163,95,1888.75,283.312,113.325,75.55,2266.498
0,22,3,0,168,113,2075,311.25,124.5,83,2490
0,25,2,0,163,44,1338.75,200.812,80.325,53.55,1606.498
0,26,3,1,170,88,1817.5,312.383,124.953,83.302,2499.062
1,22,3,0,140,48,1084,162.6,65.04,43.36,1300.8
1,25,2,0,157,75,1445.25,216.788,86.715,57.81,1734.302
1,20,3,0,157,76,1480.25,222.038,88.815,59.21,1776.302
0,22,3,0,157,115,2026.25,303.938,121.575,81.05,2431.502
0,23,3,3,178,92,1922.5,414.539,165.816,110.544,3316.316
1,32,3,0,163,46,1157.75,173.662,69.465,46.31,1389.298
0,21,3,3,173,60,1581.25,340.957,136.383,90.922,2727.658
0,25,3,0,165,46,1371.25,205.688,82.275,54.85,1645.502
0,25,3,0,170,52,1462.5,219.375,87.75,58.5,1755
0,23,4,1,170,72,1672.5,287.461,114.984,76.656,2299.684
1,23,2,0,160,67,1394,209.1,83.64,55.76,1672.8
0,23,2,1,170,71,1662.5,285.742,114.297,76.198,2285.938
0,23,3,0,173,54,1511.25,226.688,90.675,60.45,1813.502
0,22,3,0,170,65,1607.5,241.125,96.45,64.3,1929
0,25,3,0,170,46,1402.5,210.375,84.15,56.1,1683
0,25,3,0,165,42,1331.25,199.688,79.875,53.25,1597.502
1,23,4,0,152,80,1474,221.1,88.44,58.96,1768.8
0,18,2,0,168,73,1695,254.25,101.7,67.8,2034
0,21,3,0,165,46,1391.25,208.688,83.475,55.65,1669.502
0,18,3,0,168,55,1515,227.25,90.9,60.6,1818
0,22,3,2,173,56,1536.25,297.648,119.059,79.373,2381.185
0,25,3,0,160,116,2040,306,122.4,81.6,2448
0,24,2,0,180,74,1750,262.5,105,70,2100
1,22,2,0,160,75,1479,221.85,88.74,59.16,1774.8
0,22,3,0,168,50,1445,216.75,86.7,57.8,1734
0,32,3,4,165,77,1646.25,390.984,156.394,104.262,3127.87
0,22,2,4,170,72,1677.5,398.406,159.362,106.242,3187.25
0,30,3,0,163,98,1853.75,278.062,111.225,74.15,2224.498
1,20,4,0,165,80,1570.25,235.538,94.215,62.81,1884.302
1,59,2,0,145,72,1170.25,175.538,70.215,46.81,1404.302
0,17,3,0,188,55,1645,246.75,98.7,65.8,1974
1,26,3,0,145,87,1485.25,222.788,89.115,59.41,1782.302
1,44,3,0,157,85,1450.25,217.538,87.015,58.01,1740.302
1,40,3,1,152,80,1389,238.734,95.494,63.662,1909.87
0,19,3,0,170,65,1622.5,243.375,97.35,64.9,1947
1,28,2,0,137,55,1105.25,165.788,66.315,44.21,1326.302
0,24,3,0,163,117,2073.75,311.062,124.425,82.95,2488.498
1,27,3,0,165,49,1225.25,183.788,73.515,49.01,1470.302
1,22,3,3,160,79,1519,327.534,131.014,87.342,2620.27
1,24,4,0,147,59,1227.75,184.162,73.665,49.11,1473.298
1,21,3,0,163,45,1202.75,180.412,72.165,48.11,1443.298
0,20,2,4,185,88,1941.25,461.047,184.419,122.946,3688.378
0,23,2,0,165,69,1611.25,241.688,96.675,64.45,1933.502
1,22,2,0,173,50,1310.25,196.538,78.615,52.41,1572.302
0,24,3,0,173,113,2096.25,314.438,125.775,83.85,2515.502
0,24,3,0,163,49,1393.75,209.062,83.625,55.75,1672.498
1,34,2,0,152,66,1279,191.85,76.74,51.16,1534.8
0,23,3,0,157,120,2071.25,310.688,124.275,82.85,2485.502
0,22,3,0,178,80,1807.5,271.125,108.45,72.3,2169
1,21,2,0,152,50,1184,177.6,71.04,47.36,1420.8
0,36,3,0,168,110,1975,296.25,118.5,79,2370
0,22,2,0,175,72,1708.75,256.312,102.525,68.35,2050.498
1,33,2,0,145,56,1140.25,171.038,68.415,45.61,1368.302
0,23,2,0,170,78,1732.5,259.875,103.95,69.3,2079
0,21,3,0,170,50,1462.5,219.375,87.75,58.5,1755
0,34,3,0,163,48,1333.75,200.062,80.025,53.35,1600.498
1,23,3,0,152,58,1254,188.1,75.24,50.16,1504.8
0,27,3,0,173,104,1991.25,298.688,119.475,79.65,2389.502
0,51,4,0,152,85,1550,232.5,93,62,1860
0,23,4,0,178,62,1622.5,243.375,97.35,64.9,1947
0,23,3,0,165,113,2051.25,307.688,123.075,82.05,2461.502
1,33,2,0,145,73,1310.25,196.538,78.615,52.41,1572.302
0,23,2,0,163,72,1628.75,244.312,97.725,65.15,1954.498
0,24,2,1,170,99,1937.5,333.008,133.203,88.802,2664.062
1,27,3,0,160,47,1174,176.1,70.44,46.96,1408.8
0,23,3,0,165,44,1361.25,204.188,81.675,54.45,1633.502
1,21,3,2,157,70,1415.25,274.205,109.682,73.121,2193.637
0,45,3,0,175,45,1323.75,198.562,79.425,52.95,1588.498
0,33,3,0,168,73,1620,243,97.2,64.8,1944
1,15,2,3,168,65,1464,315.675,126.27,84.18,2525.4
1,27,3,0,145,90,1510.25,226.538,90.615,60.41,1812.302
0,23,2,2,170,85,1802.5,349.234,139.694,93.129,2793.873
0,24,2,0,163,40,1303.75,195.562,78.225,52.15,1564.498
1,31,2,0,165,110,1815.25,272.287,108.915,72.61,2178.298
0,23,2,0,173,100,1971.25,295.688,118.275,78.85,2365.502
0,24,3,2,170,70,1647.5,319.203,127.681,85.121,2553.625
1,54,4,0,157,88,1430.25,214.538,85.815,57.21,1716.302
0,24,3,0,178,90,1897.5,284.625,113.85,75.9,2277
1,28,2,1,152,52,1169,200.922,80.369,53.579,1607.375
0,38,3,0,168,118,2045,306.75,122.7,81.8,2454
1,25,2,1,145,61,1230.25,211.449,84.58,56.386,1691.59
1,58,2,0,157,77,1300.25,195.038,78.015,52.01,1560.302
1,21,3,4,157,54,1255.25,298.122,119.249,79.499,2384.975
0,23,3,0,178,69,1692.5,253.875,101.55,67.7,2031
0,35,3,0,173,110,2011.25,301.688,120.675,80.45,2413.502
0,23,3,0,168,58,1520,228,91.2,60.8,1824
0,26,3,0,157,114,1996.25,299.438,119.775,79.85,2395.502
0,24,3,0,175,80,1778.75,266.812,106.725,71.15,2134.498
0,25,3,0,168,49,1420,213,85.2,56.8,1704
1,37,2,0,157,80,1435.25,215.288,86.115,57.41,1722.302
1,50,2,0,152,65,1189,178.35,71.34,47.56,1426.8
0,25,3,0,185,78,1816.25,272.438,108.975,72.65,2179.502
1,29,3,0,145,97,1570.25,235.538,94.215,62.81,1884.302
0,24,2,0,170,88,1827.5,274.125,109.65,73.1,2193
1,20,2,1,155,53,1237.75,212.738,85.095,56.73,1701.902
0,21,3,0,175,62,1613.75,242.062,96.825,64.55,1936.498
0,33,3,0,173,52,1441.25,216.188,86.475,57.65,1729.502
0,22,2,2,170,82,1777.5,344.391,137.756,91.838,2755.13
0,18,3,2,188,70,1790,346.812,138.725,92.483,2774.495
1,49,3,0,140,72,1189,178.35,71.34,47.56,1426.8
0,21,3,0,175,56,1553.75,233.062,93.225,62.15,1864.498
1,54,2,0,140,57,1014,152.1,60.84,40.56,1216.8
1,24,2,0,170,55,1331.5,199.725,79.89,53.26,1597.8
0,26,3,0,157,95,1806.25,270.938,108.375,72.25,2167.502
0,28,2,1,170,98,1907.5,327.852,131.141,87.427,2622.815
1,21,2,1,175,84,1667.75,286.645,114.658,76.439,2293.163
0,30,2,0,180,91,1890,283.5,113.4,75.6,2268
0,29,4,0,168,102,1930,289.5,115.8,77.2,2316
1,41,4,0,145,78,1320.25,198.038,79.215,52.81,1584.302
0,23,3,2,168,78,1720,333.25,133.3,88.867,2666.003
1,40,3,0,142,78,1306.5,195.975,78.39,52.26,1567.8
1,42,3,0,152,99,1569,235.35,94.14,62.76,1882.8
0,23,3,4,175,69,1673.75,397.516,159.006,106.004,3180.124
1,30,4,0,163,95,1657.75,248.662,99.465,66.31,1989.298
0,28,4,0,163,94,1823.75,273.562,109.425,72.95,2188.498
0,23,2,0,163,85,1758.75,263.812,105.525,70.35,2110.498
0,22,3,0,168,61,1555,233.25,93.3,62.2,1866
1,27,2,1,152,64,1294,222.406,88.962,59.308,1779.244
0,22,4,4,183,68,1718.75,408.203,163.281,108.854,3265.622
1,21,2,0,155,47,1172.75,175.912,70.365,46.91,1407.298
1,20,4,2,178,70,1551.5,300.603,120.241,80.161,2404.825
0,26,3,1,173,77,1726.25,296.699,118.68,79.12,2373.596
1,25,3,0,152,70,1364,204.6,81.84,54.56,1636.8
0,25,3,0,163,50,1398.75,209.812,83.925,55.95,1678.498
1,46,3,0,145,103,1545.25,231.788,92.715,61.81,1854.302
1,22,3,0,163,45,1197.75,179.662,71.865,47.91,1437.298
0,22,3,0,170,50,1457.5,218.625,87.45,58.3,1749
1,34,2,0,152,78,1399,209.85,83.94,55.96,1678.8
1,23,2,0,147,56,1202.75,180.412,72.165,48.11,1443.298
0,25,3,0,163,96,1858.75,278.812,111.525,74.35,2230.498
1,22,3,1,152,55,1229,211.234,84.494,56.329,1689.873
0,19,3,0,173,80,1791.25,268.688,107.475,71.65,2149.502
0,22,3,0,183,85,1888.75,283.312,113.325,75.55,2266.498
0,23,3,0,175,65,1633.75,245.062,98.025,65.35,1960.498
0,19,3,1,185,100,2066.25,355.137,142.055,94.703,2841.095
1,22,4,3,165,65,1410.25,304.085,121.634,81.089,2432.677
0,21,4,4,178,64,1652.5,392.469,156.988,104.658,3139.75
0,23,3,0,163,92,1828.75,274.312,109.725,73.15,2194.498
0,28,4,0,160,90,1765,264.75,105.9,70.6,2118
1,22,3,1,163,56,1307.75,224.77,89.908,59.939,1798.163
0,23,3,0,183,90,1933.75,290.062,116.025,77.35,2320.498
1,25,4,0,140,72,1309,196.35,78.54,52.36,1570.8
1,19,3,1,160,56,1304,224.125,89.65,59.767,1793.003
1,50,3,0,152,82,1359,203.85,81.54,54.36,1630.8
0,20,3,1,173,64,1626.25,279.512,111.805,74.536,2236.092
0,32,3,0,165,50,1376.25,206.438,82.575,55.05,1651.502
1,35,2,0,165,58,1275.25,191.288,76.515,51.01,1530.302
1,48,4,0,142,74,1226.5,183.975,73.59,49.06,1471.8
1,21,3,0,163,60,1352.75,202.912,81.165,54.11,1623.298
1,25,3,0,142,95,1551.5,232.725,93.09,62.06,1861.8
1,20,3,1,160,60,1339,230.141,92.056,61.371,1841.127
0,23,3,0,170,52,1472.5,220.875,88.35,58.9,1767
1,20,2,0,168,65,1439,215.85,86.34,57.56,1726.8
0,24,2,0,165,49,1406.25,210.938,84.375,56.25,1687.502
0,30,3,1,173,94,1876.25,322.48,128.992,85.995,2579.843
1,48,3,0,140,73,1204,180.6,72.24,48.16,1444.8
0,22,2,0,173,65,1626.25,243.938,97.575,65.05,1951.502
0,23,2,0,173,69,1661.25,249.188,99.675,66.45,1993.502
0,22,3,0,160,119,2085,312.75,125.1,83.4,2502
1,22,3,2,155,56,1257.75,243.689,97.476,64.984,1949.516
0,19,2,3,183,72,1773.75,382.465,152.986,101.991,3059.723
1,25,4,0,160,58,1294,194.1,77.64,51.76,1552.8
0,25,3,0,175,106,2033.75,305.062,122.025,81.35,2440.498
0,23,3,0,178,64,1642.5,246.375,98.55,65.7,1971
1,27,3,1,135,62,1167.75,200.707,80.283,53.522,1605.658
0,26,2,0,168,88,1805,270.75,108.3,72.2,2166
1,22,3,4,163,54,1287.75,305.841,122.336,81.557,2446.721
1,25,4,0,160,94,1654,248.1,99.24,66.16,1984.8
0,26,3,0,170,109,2027.5,304.125,121.65,81.1,2433
0,26,2,0,173,92,1876.25,281.438,112.575,75.05,2251.502
1,27,4,0,163,70,1422.75,213.412,85.365,56.91,1707.298
0,23,3,4,173,72,1691.25,401.672,160.669,107.112,3213.372
0,21,4,4,168,68,1630,387.125,154.85,103.233,3096.997
0,42,3,0,168,110,1945,291.75,116.7,77.8,2334
0,23,4,0,178,70,1702.5,255.375,102.15,68.1,2043
1,26,4,0,180,72,1554,233.1,93.24,62.16,1864.8
0,21,3,0,168,75,1700,255,102,68,2040
0,20,2,0,170,70,1667.5,250.125,100.05,66.7,2001
0,20,3,0,173,50,1486.25,222.938,89.175,59.45,1783.502
0,27,3,0,173,82,1771.25,265.688,106.275,70.85,2125.502
0,22,3,0,173,74,1716.25,257.438,102.975,68.65,2059.502
1,26,3,0,155,86,1537.75,230.662,92.265,61.51,1845.298
0,24,4,0,168,77,1705,255.75,102.3,68.2,2046
0,24,2,4,178,85,1847.5,438.781,175.513,117.008,3510.248
0,28,3,0,168,50,1415,212.25,84.9,56.6,1698
0,28,4,1,183,112,2128.75,365.879,146.352,97.568,2927.036
0,62,3,4,165,57,1296.25,307.859,123.144,82.096,2462.876
0,35,4,0,155,87,1668.75,250.312,100.125,66.75,2002.498
1,25,3,0,163,48,1212.75,181.912,72.765,48.51,1455.298
1,21,3,0,157,51,1225.25,183.788,73.515,49.01,1470.302
1,16,3,2,157,45,1190.25,230.611,92.244,61.496,1844.884
1,33,3,0,157,41,1065.25,159.788,63.915,42.61,1278.302
0,23,2,0,157,45,1321.25,198.188,79.275,52.85,1585.502
1,20,3,0,157,46,1180.25,177.038,70.815,47.21,1416.302
1,23,3,1,160,49,1214,208.656,83.462,55.642,1669.25
0,25,4,0,168,102,1950,292.5,117,78,2340
1,24,2,0,147,46,1097.75,164.662,65.865,43.91,1317.298
0,24,2,2,173,75,1716.25,332.523,133.009,88.673,2660.185
0,23,3,0,173,60,1571.25,235.688,94.275,62.85,1885.502
1,20,3,0,163,54,1297.75,194.662,77.865,51.91,1557.298
0,22,3,0,170,76,1717.5,257.625,103.05,68.7,2061
1,19,4,0,168,41,1204,180.6,72.24,48.16,1444.8
1,20,3,2,163,81,1567.75,303.752,121.501,81,2430.012
0,22,3,0,175,60,1588.75,238.312,95.325,63.55,1906.498
1,21,3,0,155,57,1272.75,190.912,76.365,50.91,1527.298
0,25,4,3,185,87,1906.25,411.035,164.414,109.609,3288.277
1,50,3,0,145,104,1535.25,230.288,92.115,61.41,1842.302
0,20,3,0,180,75,1780,267,106.8,71.2,2136
1,46,2,0,157,45,1040.25,156.038,62.415,41.61,1248.302
1,18,4,0,140,72,1344,201.6,80.64,53.76,1612.8
0,21,2,1,173,68,1661.25,285.527,114.211,76.141,2284.221
0,23,3,0,178,72,1722.5,258.375,103.35,68.9,2067
0,23,3,0,180,63,1645,246.75,98.7,65.8,1974
0,25,2,0,155,41,1258.75,188.812,75.525,50.35,1510.498
1,22,2,0,170,82,1611.5,241.725,96.69,64.46,1933.8
0,42,3,0,155,85,1613.75,242.062,96.825,64.55,1936.498
0,23,2,4,175,65,1633.75,388.016,155.206,103.471,3104.127
0,22,3,0,185,75,1801.25,270.188,108.075,72.05,2161.502
1,27,4,0,152,83,1484,222.6,89.04,59.36,1780.8
0,22,3,0,165,52,1446.25,216.938,86.775,57.85,1735.502
0,21,3,0,170,85,1812.5,271.875,108.75,72.5,2175
1,20,4,2,165,76,1530.25,296.486,118.594,79.063,2371.887
1,22,2,0,163,55,1297.75,194.662,77.865,51.91,1557.298
0,43,4,0,163,94,1748.75,262.312,104.925,69.95,2098.498
0,25,4,3,178,70,1692.5,364.945,145.978,97.319,2919.563
0,25,3,0,173,55,1511.25,226.688,90.675,60.45,1813.502
1,41,4,0,145,76,1300.25,195.038,78.015,52.01,1560.302
1,28,2,0,142,53,1116.5,167.475,66.99,44.66,1339.8
0,29,3,1,170,93,1852.5,318.398,127.359,84.906,2547.182
0,23,3,0,157,110,1971.25,295.688,118.275,78.85,2365.502
1,22,3,0,147,38,1027.75,154.162,61.665,41.11,1233.298
1,25,4,0,157,88,1575.25,236.288,94.515,63.01,1890.302
1,25,4,0,160,90,1614,242.1,96.84,64.56,1936.8
0,21,3,0,168,74,1690,253.5,101.4,67.6,2028
1,30,3,0,163,46,1167.75,175.162,70.065,46.71,1401.298
0,20,2,0,160,47,1375,206.25,82.5,55,1650
0,25,2,0,170,65,1592.5,238.875,95.55,63.7,1911
0,24,2,0,168,88,1815,272.25,108.9,72.6,2178
0,24,3,0,157,102,1886.25,282.938,113.175,75.45,2263.502
1,22,4,0,157,62,1330.25,199.538,79.815,53.21,1596.302
0,29,3,1,165,93,1821.25,313.027,125.211,83.474,2504.218
0,24,3,1,175,71,1688.75,290.254,116.102,77.401,2322.033
0,30,3,0,165,86,1746.25,261.938,104.775,69.85,2095.502
1,19,2,0,145,70,1350.25,202.538,81.015,54.01,1620.302
0,29,2,0,170,95,1872.5,280.875,112.35,74.9,2247
1,30,3,0,140,85,1414,212.1,84.84,56.56,1696.8
0,22,3,2,175,69,1678.75,325.258,130.103,86.735,2602.059
0,22,2,0,168,95,1895,284.25,113.7,75.8,2274
1,61,4,0,155,61,1112.75,166.912,66.765,44.51,1335.298
0,34,3,0,160,107,1905,285.75,114.3,76.2,2286
1,21,2,0,152,63,1314,197.1,78.84,52.56,1576.8
0,20,4,0,183,81,1858.75,278.812,111.525,74.35,2230.498
0,23,2,0,165,76,1681.25,252.188,100.875,67.25,2017.502
0,23,3,1,175,73,1713.75,294.551,117.82,78.547,2356.407
0,23,2,1,168,55,1490,256.094,102.438,68.292,2048.756
0,22,3,0,168,40,1345,201.75,80.7,53.8,1614
0,21,2,0,160,64,1540,231,92.4,61.6,1848
1,32,3,0,140,89,1444,216.6,86.64,57.76,1732.8
0,23,3,0,168,60,1540,231,92.4,61.6,1848
1,24,3,0,152,73,1399,209.85,83.94,55.96,1678.8
1,28,2,0,168,62,1369,205.35,82.14,54.76,1642.8
0,23,2,0,163,130,2208.75,331.312,132.525,88.35,2650.498
0,23,4,0,180,62,1635,245.25,98.1,65.4,1962
0,20,2,0,178,65,1667.5,250.125,100.05,66.7,2001
0,43,3,0,155,88,1638.75,245.812,98.325,65.55,1966.498
0,26,3,0,168,107,1995,299.25,119.7,79.8,2394
0,23,4,0,165,65,1571.25,235.688,94.275,62.85,1885.502
0,27,2,0,160,70,1570,235.5,94.2,62.8,1884
0,23,4,0,178,72,1722.5,258.375,103.35,68.9,2067
0,23,3,0,160,104,1930,289.5,115.8,77.2,2316
0,26,3,2,183,74,1758.75,340.758,136.303,90.869,2726.065
0,28,3,0,175,127,2228.75,334.312,133.725,89.15,2674.498
1,60,2,0,152,80,1289,193.35,77.34,51.56,1546.8
0,25,4,0,175,109,2063.75,309.562,123.825,82.55,2476.498
0,29,3,0,168,52,1430,214.5,85.8,57.2,1716
0,33,4,0,157,87,1691.25,253.688,101.475,67.65,2029.502
0,23,3,0,165,110,2021.25,303.188,121.275,80.85,2425.502
0,22,3,0,168,52,1465,219.75,87.9,58.6,1758
1,38,3,0,140,82,1344,201.6,80.64,53.76,1612.8
0,23,3,4,170,74,1692.5,401.969,160.788,107.192,3215.756
0,24,3,0,183,78,1808.75,271.312,108.525,72.35,2170.498
1,19,3,0,163,85,1612.75,241.912,96.765,64.51,1935.298
0,34,4,0,170,84,1737.5,260.625,104.25,69.5,2085
0,25,3,0,168,75,1680,252,100.8,67.2,2016
0,23,4,2,173,79,1761.25,341.242,136.497,90.998,2729.938
1,21,2,1,165,82,1585.25,272.465,108.986,72.657,2179.717
0,23,3,0,168,71,1650,247.5,99,66,1980
1,24,3,0,157,44,1140.25,171.038,68.415,45.61,1368.302
1,50,2,1,165,46,1080.25,185.668,74.267,49.511,1485.339
0,21,3,0,180,78,1805,270.75,108.3,72.2,2166
1,28,3,0,145,87,1475.25,221.288,88.515,59.01,1770.302
0,18,3,1,170,108,2057.5,353.633,141.453,94.302,2829.062
0,23,3,0,178,110,2102.5,315.375,126.15,84.1,2523
0,22,3,0,165,48,1406.25,210.938,84.375,56.25,1687.502
1,18,3,0,165,90,1680.25,252.038,100.815,67.21,2016.302
0,22,3,1,163,58,1493.75,256.738,102.695,68.464,2053.908
0,24,3,0,178,90,1897.5,284.625,113.85,75.9,2277
0,22,2,0,163,48,1393.75,209.062,83.625,55.75,1672.498
1,21,3,0,168,85,1634,245.1,98.04,65.36,1960.8
1,21,2,0,163,57,1322.75,198.412,79.365,52.91,1587.298
0,20,2,0,165,60,1536.25,230.438,92.175,61.45,1843.502
1,24,4,0,157,87,1570.25,235.538,94.215,62.81,1884.302
1,37,3,0,157,44,1075.25,161.288,64.515,43.01,1290.302
0,22,4,0,157,75,1626.25,243.938,97.575,65.05,1951.502
0,34,4,1,150,85,1622.5,278.867,111.547,74.365,2230.941
1,21,3,0,165,47,1235.25,185.288,74.115,49.41,1482.302
0,27,2,1,163,84,1728.75,297.129,118.852,79.234,2377.03
1,19,3,0,157,85,1575.25,236.288,94.515,63.01,1890.302
1,26,3,0,157,100,1690.25,253.538,101.415,67.61,2028.302
0,21,2,1,163,69,1608.75,276.504,110.602,73.734,2212.03
0,31,3,0,157,89,1721.25,258.188,103.275,68.85,2065.502
1,34,3,0,152,77,1389,208.35,83.34,55.56,1666.8
0,20,2,0,160,46,1365,204.75,81.9,54.6,1638
0,21,3,0,165,95,1881.25,282.188,112.875,75.25,2257.502
0,35,2,0,152,57,1350,202.5,81,54,1620
1,16,3,0,165,93,1720.25,258.037,103.215,68.81,2064.298
0,18,2,0,165,77,1716.25,257.438,102.975,68.65,2059.502
0,23,3,3,180,77,1785,384.891,153.956,102.637,3079.121
0,22,3,0,168,92,1865,279.75,111.9,74.6,2238
0,45,2,0,170,96,1802.5,270.375,108.15,72.1,2163
0,18,2,0,163,72,1653.75,248.062,99.225,66.15,1984.498
1,18,2,1,163,60,1367.75,235.082,94.033,62.689,1880.661
0,22,2,1,173,78,1756.25,301.855,120.742,80.495,2414.843
1,28,2,0,152,67,1319,197.85,79.14,52.76,1582.8
1,22,2,0,155,66,1357.75,203.662,81.465,54.31,1629.298
1,21,3,0,168,88,1664,249.6,99.84,66.56,1996.8
1,21,3,0,157,45,1165.25,174.788,69.915,46.61,1398.302
0,30,3,0,163,80,1673.75,251.062,100.425,66.95,2008.498
1,22,2,0,160,80,1529,229.35,91.74,61.16,1834.8
0,20,2,0,157,62,1506.25,225.938,90.375,60.25,1807.502
1,23,3,0,152,70,1374,206.1,82.44,54.96,1648.8
0,75,3,1,180,72,1475,253.516,101.406,67.604,2028.124
1,22,4,0,145,99,1625.25,243.788,97.515,65.01,1950.302
1,22,2,0,157,55,1260.25,189.038,75.615,50.41,1512.302
1,30,3,0,165,99,1710.25,256.537,102.615,68.41,2052.298
1,26,2,1,145,54,1155.25,198.559,79.423,52.949,1588.469
1,20,2,4,155,48,1187.75,282.091,112.836,75.224,2256.724
1,22,2,0,152,79,1469,220.35,88.14,58.76,1762.8
1,28,3,0,163,93,1647.75,247.162,98.865,65.91,1977.298
0,21,2,1,178,75,1762.5,302.93,121.172,80.781,2423.437
1,20,3,0,150,52,1196.5,179.475,71.79,47.86,1435.8
1,40,3,0,142,100,1526.5,228.975,91.59,61.06,1831.8
1,24,2,0,140,53,1124,168.6,67.44,44.96,1348.8
0,40,3,0,170,53,1397.5,209.625,83.85,55.9,1677
0,23,3,0,178,87,1872.5,280.875,112.35,74.9,2247
1,49,3,0,155,107,1632.75,244.912,97.965,65.31,1959.298
0,19,2,0,175,76,1763.75,264.562,105.825,70.55,2116.498
1,24,3,0,163,65,1387.75,208.162,83.265,55.51,1665.298
1,22,4,0,157,46,1170.25,175.538,70.215,46.81,1404.302
0,30,3,0,170,52,1437.5,215.625,86.25,57.5,1725
0,28,2,0,155,84,1673.75,251.062,100.425,66.95,2008.498
1,16,2,1,165,60,1390.25,238.949,95.58,63.72,1911.596
0,29,3,0,170,50,1422.5,213.375,85.35,56.9,1707
0,30,4,0,168,107,1975,296.25,118.5,79,2370
1,37,3,0,155,99,1612.75,241.912,96.765,64.51,1935.298
1,22,2,0,157,67,1380.25,207.038,82.815,55.21,1656.302
0,25,3,2,170,72,1662.5,322.109,128.844,85.896,2576.876
0,24,3,0,168,117,2105,315.75,126.3,84.2,2526
1,23,3,3,168,55,1324,285.488,114.195,76.13,2283.902
1,23,2,0,163,75,1492.75,223.912,89.565,59.71,1791.298
0,19,2,1,168,71,1670,287.031,114.812,76.542,2296.25
0,22,2,0,160,67,1565,234.75,93.9,62.6,1878
0,24,3,0,160,44,1325,198.75,79.5,53,1590
0,21,2,0,165,51,1441.25,216.188,86.475,57.65,1729.502
0,24,3,0,165,114,2056.25,308.438,123.375,82.25,2467.502
1,41,3,0,157,105,1665.25,249.788,99.915,66.61,1998.302
1,35,3,0,142,77,1321.5,198.225,79.29,52.86,1585.8
0,25,3,0,168,113,2060,309,123.6,82.4,2472
0,28,3,0,168,48,1395,209.25,83.7,55.8,1674
1,28,2,1,163,49,1207.75,207.582,83.033,55.355,1660.655
1,21,2,2,155,42,1122.75,217.533,87.013,58.009,1740.265
1,23,3,3,142,55,1161.5,250.448,100.179,66.786,2003.582
0,21,3,0,180,78,1805,270.75,108.3,72.2,2166
1,51,2,0,152,80,1334,200.1,80.04,53.36,1600.8
0,29,3,0,152,84,1650,247.5,99,66,1980
0,50,2,1,160,68,1435,246.641,98.656,65.771,1973.127
1,25,2,0,160,54,1254,188.1,75.24,50.16,1504.8
1,23,3,0,157,89,1595.25,239.288,95.715,63.81,1914.302
1,28,3,0,140,72,1294,194.1,77.64,51.76,1552.8
1,24,3,0,170,59,1371.5,205.725,82.29,54.86,1645.8
1,21,2,2,165,56,1325.25,256.767,102.707,68.471,2054.135
1,22,4,0,142,86,1476.5,221.475,88.59,59.06,1771.8
1,22,4,0,152,95,1629,244.35,97.74,65.16,1954.8
0,30,3,0,170,52,1437.5,215.625,86.25,57.5,1725
1,25,3,0,152,66,1324,198.6,79.44,52.96,1588.8
0,24,2,0,175,66,1638.75,245.812,98.325,65.55,1966.498
0,18,4,0,173,74,1736.25,260.438,104.175,69.45,2083.502
1,45,3,0,145,58,1100.25,165.038,66.015,44.01,1320.302
0,22,2,1,165,62,1546.25,265.762,106.305,70.87,2126.098
0,22,3,0,163,60,1513.75,227.062,90.825,60.55,1816.498
0,21,3,4,180,78,1805,428.688,171.475,114.317,3429.505
0,29,4,0,168,101,1920,288,115.2,76.8,2304
1,23,3,0,157,61,1315.25,197.288,78.915,52.61,1578.302
1,44,4,0,137,72,1195.25,179.288,71.715,47.81,1434.302
0,23,3,0,168,82,1760,264,105.6,70.4,2112
1,23,3,0,160,43,1154,173.1,69.24,46.16,1384.8
0,53,3,0,170,50,1302.5,195.375,78.15,52.1,1563
0,20,3,0,165,41,1346.25,201.938,80.775,53.85,1615.502
0,23,3,0,168,61,1550,232.5,93,62,1860
0,22,3,0,180,105,2070,310.5,124.2,82.8,2484
0,21,3,0,168,65,1600,240,96,64,1920
0,24,3,0,168,93,1865,279.75,111.9,74.6,2238
0,35,4,0,152,85,1630,244.5,97.8,65.2,1956
0,21,2,0,163,67,1588.75,238.312,95.325,63.55,1906.498
0,26,2,0,175,63,1598.75,239.812,95.925,63.95,1918.498
1,44,3,1,163,45,1087.75,186.957,74.783,49.855,1495.655
1,47,2,0,163,68,1302.75,195.412,78.165,52.11,1563.298
1,22,2,1,168,51,1289,221.547,88.619,59.079,1772.375
0,22,2,0,180,78,1800,270,108,72,2160
1,36,3,0,155,40,1027.75,154.162,61.665,41.11,1233.298
0,22,4,3,165,70,1626.25,350.66,140.264,93.509,2805.277
0,26,3,0,168,61,1535,230.25,92.1,61.4,1842
0,15,3,4,160,49,1420,337.25,134.9,89.933,2697.997
0,21,2,0,173,80,1781.25,267.188,106.875,71.25,2137.502
1,54,2,0,145,72,1195.25,179.288,71.715,47.81,1434.302
0,23,3,3,170,75,1702.5,367.102,146.841,97.894,2936.818
0,23,3,1,165,69,1611.25,276.934,110.773,73.849,2215.469
1,59,3,4,157,53,1055.25,250.622,100.249,66.832,2004.972
0,23,2,0,168,72,1660,249,99.6,66.4,1992
1,23,4,0,163,42,1162.75,174.412,69.765,46.51,1395.298
0,31,3,0,157,88,1711.25,256.688,102.675,68.45,2053.502
0,22,4,0,183,105,2088.75,313.312,125.325,83.55,2506.498
0,30,3,0,173,54,1476.25,221.438,88.575,59.05,1771.502
1,22,2,0,173,78,1590.25,238.538,95.415,63.61,1908.302
1,23,2,0,157,56,1265.25,189.788,75.915,50.61,1518.302
0,23,2,4,175,82,1803.75,428.391,171.356,114.238,3427.13
0,26,4,0,157,90,1756.25,263.438,105.375,70.25,2107.502
0,24,4,3,170,95,1897.5,409.148,163.659,109.106,3273.182
1,28,4,0,175,101,1802.75,270.412,108.165,72.11,2163.298
1,30,3,0,168,79,1529,229.35,91.74,61.16,1834.8
0,22,3,0,173,118,2156.25,323.438,129.375,86.25,2587.502
0,28,3,0,163,99,1873.75,281.062,112.425,74.95,2248.498
1,27,4,0,170,68,1446.5,216.975,86.79,57.86,1735.8
0,20,4,0,152,85,1705,255.75,102.3,68.2,2046
0,31,4,0,152,89,1690,253.5,101.4,67.6,2028
0,21,2,1,157,69,1571.25,270.059,108.023,72.016,2160.472
1,44,3,0,163,48,1117.75,167.662,67.065,44.71,1341.298
0,23,2,1,173,63,1601.25,275.215,110.086,73.391,2201.723
1,24,3,0,157,77,1470.25,220.538,88.215,58.81,1764.302
0,30,2,0,173,35,1286.25,192.938,77.175,51.45,1543.502
1,21,3,0,152,89,1574,236.1,94.44,62.96,1888.8
0,22,3,3,168,60,1545,333.141,133.256,88.838,2665.13
1,30,3,0,140,99,1554,233.1,93.24,62.16,1864.8
0,25,3,0,170,52,1462.5,219.375,87.75,58.5,1755
0,50,3,0,168,51,1315,197.25,78.9,52.6,1578
1,38,3,0,160,40,1049,157.35,62.94,41.96,1258.8
1,27,3,0,157,78,1465.25,219.788,87.915,58.61,1758.302
1,23,3,0,137,73,1310.25,196.538,78.615,52.41,1572.302
0,21,3,0,170,123,2192.5,328.875,131.55,87.7,2631
1,23,3,0,157,90,1605.25,240.788,96.315,64.21,1926.302
0,25,3,1,173,100,1961.25,337.09,134.836,89.891,2696.723
0,25,3,0,163,110,1998.75,299.812,119.925,79.95,2398.498
0,22,2,2,170,65,1607.5,311.453,124.581,83.054,2491.622
1,23,4,0,157,97,1675.25,251.288,100.515,67.01,2010.302
0,20,3,0,157,40,1286.25,192.938,77.175,51.45,1543.502
1,21,2,0,152,52,1204,180.6,72.24,48.16,1444.8
0,22,2,0,145,58,1381.25,207.188,82.875,55.25,1657.502
0,22,3,0,160,114,2035,305.25,122.1,81.4,2442
1,27,3,0,152,97,1624,243.6,97.44,64.96,1948.8
1,21,2,1,155,65,1352.75,232.504,93.002,62.001,1860.033
0,32,3,0,155,93,1743.75,261.562,104.625,69.75,2092.498
1,21,3,0,157,43,1145.25,171.788,68.715,45.81,1374.302
0,23,3,0,165,47,1391.25,208.688,83.475,55.65,1669.502
1,22,2,1,150,58,1246.5,214.242,85.697,57.131,1713.935
0,29,2,1,173,93,1871.25,321.621,128.648,85.766,2572.97
1,61,3,0,152,61,1094,164.1,65.64,43.76,1312.8
0,22,3,1,165,105,1976.25,339.668,135.867,90.578,2717.342
0,22,2,0,168,60,1545,231.75,92.7,61.8,1854
1,23,3,0,142,84,1451.5,217.725,87.09,58.06,1741.8
0,23,3,2,178,79,1792.5,347.297,138.919,92.612,2778.372
0,22,4,1,168,62,1565,268.984,107.594,71.729,2151.873
1,22,2,2,157,68,1390.25,269.361,107.744,71.83,2154.89
0,23,3,0,180,63,1645,246.75,98.7,65.8,1974
0,49,3,0,157,89,1631.25,244.688,97.875,65.25,1957.502
1,27,3,0,157,45,1135.25,170.288,68.115,45.41,1362.302
1,23,2,2,160,74,1464,283.65,113.46,75.64,2269.2
0,22,3,0,165,43,1356.25,203.438,81.375,54.25,1627.502
0,29,4,0,175,108,2033.75,305.062,122.025,81.35,2440.498
0,31,3,0,163,106,1928.75,289.312,115.725,77.15,2314.498
1,22,2,0,157,80,1510.25,226.538,90.615,60.41,1812.302
1,50,3,0,142,70,1176.5,176.475,70.59,47.06,1411.8
1,50,3,0,165,50,1120.25,168.038,67.215,44.81,1344.302
1,24,4,2,168,60,1369,265.244,106.098,70.732,2121.956
1,20,2,2,165,63,1400.25,271.298,108.519,72.346,2170.382
0,24,3,0,165,120,2116.25,317.438,126.975,84.65,2539.502
1,22,2,0,130,39,931.5,139.725,55.89,37.26,1117.8
0,40,4,0,183,110,2048.75,307.312,122.925,81.95,2458.498
0,23,3,1,168,82,1760,302.5,121,80.667,2420.003
0,27,3,0,165,49,1391.25,208.688,83.475,55.65,1669.502
0,35,3,0,155,88,1678.75,251.812,100.725,67.15,2014.498
0,27,4,0,160,102,1890,283.5,113.4,75.6,2268
0,22,3,0,170,102,1977.5,296.625,118.65,79.1,2373
0,25,2,4,173,78,1741.25,413.547,165.419,110.279,3308.375
1,47,3,0,142,110,1591.5,238.725,95.49,63.66,1909.8
1,26,4,2,178,71,1531.5,296.728,118.691,79.128,2373.828
1,24,3,0,145,86,1485.25,222.788,89.115,59.41,1782.302
0,23,3,1,173,63,1601.25,275.215,110.086,73.391,2201.723
1,28,3,0,157,45,1130.25,169.538,67.815,45.21,1356.302
1,22,2,0,160,71,1439,215.85,86.34,57.56,1726.8
1,29,4,0,140,72,1289,193.35,77.34,51.56,1546.8
0,28,3,0,157,76,1606.25,240.938,96.375,64.25,1927.502
1,40,3,0,155,99,1597.75,239.662,95.865,63.91,1917.298
1,22,3,0,157,87,1580.25,237.038,94.815,63.21,1896.302
1,20,2,0,163,44,1197.75,179.662,71.865,47.91,1437.298
0,20,2,1,165,69,1626.25,279.512,111.805,74.536,2236.092
0,22,3,2,180,62,1640,317.75,127.1,84.733,2541.997
0,22,4,4,173,70,1676.25,398.109,159.244,106.162,3184.87
0,21,3,0,160,45,1350,202.5,81,54,1620
1,47,3,0,145,104,1550.25,232.538,93.015,62.01,1860.302
0,27,2,1,165,82,1721.25,295.84,118.336,78.891,2366.723
0,24,4,2,175,82,1798.75,348.508,139.403,92.935,2788.059
0,27,3,0,173,111,2061.25,309.188,123.675,82.45,2473.502
1,18,3,1,170,110,1911.5,328.539,131.416,87.61,2628.31
1,31,3,0,160,46,1144,171.6,68.64,45.76,1372.8
1,24,3,0,145,94,1565.25,234.788,93.915,62.61,1878.302
1,19,4,0,137,71,1310.25,196.538,78.615,52.41,1572.302
1,28,3,0,152,58,1229,184.35,73.74,49.16,1474.8
0,29,2,0,168,96,1870,280.5,112.2,74.8,2244
0,25,3,2,165,79,1701.25,329.617,131.847,87.898,2636.938
0,20,3,0,168,106,2015,302.25,120.9,80.6,2418
0,51,3,0,165,50,1281.25,192.188,76.875,51.25,1537.502
1,48,3,0,165,109,1720.25,258.037,103.215,68.81,2064.298
0,24,2,2,170,66,1607.5,311.453,124.581,83.054,2491.622
1,36,4,0,142,88,1426.5,213.975,85.59,57.06,1711.8
0,23,3,1,165,70,1621.25,278.652,111.461,74.307,2229.215
0,30,3,0,173,52,1456.25,218.438,87.375,58.25,1747.502
0,40,3,0,160,108,1885,282.75,113.1,75.4,2262
1,22,2,0,163,75,1497.75,224.662,89.865,59.91,1797.298
0,30,3,0,168,51,1415,212.25,84.9,56.6,1698
1,17,2,0,155,56,1282.75,192.412,76.965,51.31,1539.298
1,26,3,0,145,94,1555.25,233.288,93.315,62.21,1866.302
1,30,2,0,155,75,1407.75,211.162,84.465,56.31,1689.298
1,45,3,0,147,92,1452.75,217.912,87.165,58.11,1743.298
1,22,2,0,155,51,1207.75,181.162,72.465,48.31,1449.298
1,41,4,0,142,58,1101.5,165.225,66.09,44.06,1321.8
0,29,3,0,173,105,1991.25,298.688,119.475,79.65,2389.502
1,22,3,0,152,79,1469,220.35,88.14,58.76,1762.8
1,23,3,3,165,67,1425.25,307.32,122.928,81.952,2458.56
0,33,3,0,163,119,2048.75,307.312,122.925,81.95,2458.498
1,19,3,0,160,85,1594,239.1,95.64,63.76,1912.8
0,27,3,0,168,87,1790,268.5,107.4,71.6,2148
0,49,2,1,160,67,1430,245.781,98.312,65.542,1966.25
0,25,2,0,170,80,1742.5,261.375,104.55,69.7,2091
0,16,3,4,173,69,1696.25,402.859,161.144,107.429,3222.873
1,43,4,0,140,77,1269,190.35,76.14,50.76,1522.8
0,24,3,0,157,120,2066.25,309.938,123.975,82.65,2479.502
0,22,2,0,168,83,1775,266.25,106.5,71,2130
0,22,3,0,175,98,1968.75,295.312,118.125,78.75,2362.498
0,23,3,4,170,70,1652.5,392.469,156.988,104.658,3139.75
1,23,3,0,160,60,1324,198.6,79.44,52.96,1588.8
1,25,4,0,163,65,1382.75,207.412,82.965,55.31,1659.298
0,23,2,0,163,47,1378.75,206.812,82.725,55.15,1654.498
1,39,2,1,157,45,1075.25,184.809,73.923,49.282,1478.466
0,56,3,0,173,55,1356.25,203.438,81.375,54.25,1627.502
1,24,3,0,135,85,1412.75,211.912,84.765,56.51,1695.298
0,42,4,0,155,87,1633.75,245.062,98.025,65.35,1960.498
1,25,3,1,157,64,1335.25,229.496,91.798,61.199,1835.967
0,35,3,0,168,47,1350,202.5,81,54,1620
1,22,2,4,163,49,1237.75,293.966,117.586,78.391,2351.727
0,55,3,0,155,88,1578.75,236.812,94.725,63.15,1894.498
0,22,2,0,168,85,1795,269.25,107.7,71.8,2154
0,25,3,0,165,112,2031.25,304.688,121.875,81.25,2437.502
0,21,2,1,168,90,1850,317.969,127.188,84.792,2543.756
0,20,3,0,168,111,2065,309.75,123.9,82.6,2478
0,23,3,2,165,60,1521.25,294.742,117.897,78.598,2357.938
1,25,4,0,160,95,1664,249.6,99.84,66.56,1996.8
0,19,2,1,160,73,1640,281.875,112.75,75.167,2255.003
0,23,4,0,173,90,1871.25,280.688,112.275,74.85,2245.502
1,28,3,0,168,48,1229,184.35,73.74,49.16,1474.8
0,21,4,4,163,85,1768.75,420.078,168.031,112.021,3360.625
0,20,2,0,157,66,1546.25,231.938,92.775,61.85,1855.502
0,23,3,0,160,118,2070,310.5,124.2,82.8,2484
1,25,3,0,163,47,1202.75,180.412,72.165,48.11,1443.298
1,48,2,0,145,60,1105.25,165.788,66.315,44.21,1326.302
0,27,3,0,175,80,1763.75,264.562,105.825,70.55,2116.498
0,21,3,0,168,75,1700,255,102,68,2040
1,33,2,1,163,48,1172.75,201.566,80.627,53.751,1612.531
1,35,3,0,140,91,1449,217.35,86.94,57.96,1738.8
0,23,2,0,178,85,1852.5,277.875,111.15,74.1,2223
1,22,2,0,165,60,1360.25,204.038,81.615,54.41,1632.302
1,23,3,0,152,50,1174,176.1,70.44,46.96,1408.8
0,24,3,1,165,69,1606.25,276.074,110.43,73.62,2208.596
0,21,3,0,173,88,1861.25,279.188,111.675,74.45,2233.502
1,21,2,0,157,56,1275.25,191.288,76.515,51.01,1530.302
0,23,3,1,160,43,1320,226.875,90.75,60.5,1815
1,41,2,1,163,47,1122.75,192.973,77.189,51.459,1543.779
0,40,3,0,168,116,2015,302.25,120.9,80.6,2418
1,21,2,2,155,56,1262.75,244.658,97.863,65.242,1957.262
0,34,2,0,170,65,1547.5,232.125,92.85,61.9,1857
0,21,2,1,163,68,1598.75,274.785,109.914,73.276,2198.28
0,20,2,0,160,65,1555,233.25,93.3,62.2,1866
1,50,4,0,155,87,1427.75,214.162,85.665,57.11,1713.298
0,22,2,0,173,59,1566.25,234.938,93.975,62.65,1879.502
0,24,3,0,165,47,1386.25,207.938,83.175,55.45,1663.502
1,47,3,0,163,45,1072.75,160.912,64.365,42.91,1287.298
1,33,3,0,145,81,1390.25,208.538,83.415,55.61,1668.302
0,22,2,0,157,45,1326.25,198.938,79.575,53.05,1591.502
0,26,3,0,170,61,1547.5,232.125,92.85,61.9,1857
0,22,3,1,165,61,1536.25,264.043,105.617,70.411,2112.339
1,22,3,1,163,75,1497.75,257.426,102.97,68.647,2059.407
0,25,2,0,155,44,1288.75,193.312,77.325,51.55,1546.498
1,49,3,0,152,84,1384,207.6,83.04,55.36,1660.8
1,21,2,0,152,60,1284,192.6,77.04,51.36,1540.8
1,22,3,0,157,56,1270.25,190.538,76.215,50.81,1524.302
0,22,4,0,160,101,1905,285.75,114.3,76.2,2286
0,26,3,1,168,56,1485,255.234,102.094,68.062,2041.87
0,33,4,0,163,98,1838.75,275.812,110.325,73.55,2206.498
1,44,3,0,157,59,1190.25,178.538,71.415,47.61,1428.302
0,22,3,0,175,78,1768.75,265.312,106.125,70.75,2122.498
0,25,2,0,168,47,1400,210,84,56,1680
0,55,2,0,165,85,1611.25,241.688,96.675,64.45,1933.502
0,30,3,0,168,57,1475,221.25,88.5,59,1770
0,25,3,0,168,118,2110,316.5,126.6,84.4,2532
0,23,2,3,173,75,1721.25,371.145,148.458,98.972,2969.16
0,20,3,0,160,47,1375,206.25,82.5,55,1650
1,21,3,0,165,62,1385.25,207.788,83.115,55.41,1662.302
0,30,2,1,163,84,1713.75,294.551,117.82,78.547,2356.407
1,40,3,0,163,68,1337.75,200.662,80.265,53.51,1605.298
0,56,3,0,155,85,1543.75,231.562,92.625,61.75,1852.498
0,31,4,3,178,78,1742.5,375.727,150.291,100.194,3005.818
0,31,2,0,163,68,1548.75,232.312,92.925,61.95,1858.498
1,25,3,0,155,44,1122.75,168.412,67.365,44.91,1347.298
1,19,3,0,145,73,1380.25,207.038,82.815,55.21,1656.302
0,26,3,0,170,120,2137.5,320.625,128.25,85.5,2565
0,26,3,0,168,54,1465,219.75,87.9,58.6,1758
0,45,3,1,170,65,1492.5,256.523,102.609,68.406,2052.182
0,22,4,3,178,74,1747.5,376.805,150.722,100.481,3014.437
0,25,3,0,170,107,2012.5,301.875,120.75,80.5,2415
0,23,3,0,170,75,1702.5,255.375,102.15,68.1,2043
0,25,4,3,173,75,1711.25,368.988,147.595,98.397,2951.905
0,23,3,0,170,85,1802.5,270.375,108.15,72.1,2163
1,20,2,0,165,78,1550.25,232.538,93.015,62.01,1860.302
1,22,3,0,160,45,1179,176.85,70.74,47.16,1414.8
0,27,3,0,168,117,2090,313.5,125.4,83.6,2508
0,25,2,4,183,79,1813.75,430.766,172.306,114.871,3446.127
1,22,3,0,160,65,1379,206.85,82.74,55.16,1654.8
1,29,3,0,142,90,1481.5,222.225,88.89,59.26,1777.8
0,23,4,0,157,87,1741.25,261.188,104.475,69.65,2089.502
1,22,3,0,152,93,1609,241.35,96.54,64.36,1930.8
0,25,2,2,160,70,1580,306.125,122.45,81.633,2448.997
1,46,2,1,160,46,1069,183.734,73.494,48.996,1469.876
0,25,3,0,160,118,2060,309,123.6,82.4,2472
0,28,2,0,165,49,1386.25,207.938,83.175,55.45,1663.502
0,24,3,0,165,99,1906.25,285.938,114.375,76.25,2287.502
0,30,3,0,173,70,1636.25,245.438,98.175,65.45,1963.502
0,25,3,0,157,88,1741.25,261.188,104.475,69.65,2089.502
1,52,3,0,163,90,1497.75,224.662,89.865,59.91,1797.298
0,29,3,0,168,52,1430,214.5,85.8,57.2,1716
0,23,3,0,170,68,1632.5,244.875,97.95,65.3,1959
0,22,2,0,165,78,1706.25,255.938,102.375,68.25,2047.502
0,24,3,0,160,43,1315,197.25,78.9,52.6,1578
1,27,2,0,157,77,1455.25,218.288,87.315,58.21,1746.302
1,28,4,0,160,92,1619,242.85,97.14,64.76,1942.8
0,22,3,0,163,113,2043.75,306.562,122.625,81.75,2452.498
1,25,3,0,137,74,1310.25,196.538,78.615,52.41,1572.302
0,26,2,0,168,68,1605,240.75,96.3,64.2,1926
1,60,2,0,157,79,1310.25,196.538,78.615,52.41,1572.302
1,30,2,0,155,80,1457.75,218.662,87.465,58.31,1749.298
1,25,3,0,178,132,2146.5,321.975,128.79,85.86,2575.8
1,29,3,0,145,93,1530.25,229.538,91.815,61.21,1836.302
0,38,3,0,157,102,1816.25,272.438,108.975,72.65,2179.502
1,23,3,0,150,49,1151.5,172.725,69.09,46.06,1381.8
0,23,3,0,175,110,2083.75,312.562,125.025,83.35,2500.498
1,41,4,0,142,68,1201.5,180.225,72.09,48.06,1441.8
0,29,2,0,160,80,1660,249,99.6,66.4,1992
0,20,3,0,163,77,1693.75,254.062,101.625,67.75,2032.498
0,23,2,0,178,56,1562.5,234.375,93.75,62.5,1875
1,21,3,0,132,50,1059,158.85,63.54,42.36,1270.8
1,19,2,0,142,67,1301.5,195.225,78.09,52.06,1561.8
0,20,3,0,165,40,1336.25,200.438,80.175,53.45,1603.502
1,31,3,0,160,80,1484,222.6,89.04,59.36,1780.8
1,22,2,1,142,58,1196.5,205.648,82.259,54.84,1645.188
0,24,3,1,168,64,1575,270.703,108.281,72.188,2165.628
0,39,3,0,170,50,1372.5,205.875,82.35,54.9,1647
1,36,3,0,160,47,1129,169.35,67.74,45.16,1354.8
0,24,3,0,168,75,1685,252.75,101.1,67.4,2022
0,23,2,0,178,91,1912.5,286.875,114.75,76.5,2295
0,27,2,0,168,98,1900,285,114,76,2280
1,23,3,0,163,68,1422.75,213.412,85.365,56.91,1707.298
0,23,3,2,168,80,1740,337.125,134.85,89.9,2697
0,23,3,0,160,93,1820,273,109.2,72.8,2184
0,22,4,1,178,86,1867.5,320.977,128.391,85.594,2567.818
0,22,3,0,160,116,2055,308.25,123.3,82.2,2466
0,22,3,4,180,76,1780,422.75,169.1,112.733,3381.997
1,18,3,0,165,45,1230.25,184.538,73.815,49.21,1476.302
0,26,3,0,165,47,1376.25,206.438,82.575,55.05,1651.502
1,27,3,0,163,45,1172.75,175.912,70.365,46.91,1407.298
1,38,2,0,160,79,1439,215.85,86.34,57.56,1726.8
0,29,3,0,157,88,1721.25,258.188,103.275,68.85,2065.502
0,23,2,4,168,69,1630,387.125,154.85,103.233,3096.997
1,20,3,0,157,90,1620.25,243.038,97.215,64.81,1944.302
1,23,3,0,157,63,1335.25,200.288,80.115,53.41,1602.302
1,18,3,0,160,45,1199,179.85,71.94,47.96,1438.8
1,43,3,0,142,108,1591.5,238.725,95.49,63.66,1909.8
1,21,3,0,132,47,1029,154.35,61.74,41.16,1234.8
1,26,4,0,152,57,1229,184.35,73.74,49.16,1474.8
1,22,2,1,163,46,1207.75,207.582,83.033,55.355,1660.655
0,22,3,0,180,78,1800,270,108,72,2160
0,27,4,0,170,115,2082.5,312.375,124.95,83.3,2499
0,24,3,2,165,66,1576.25,305.398,122.159,81.44,2443.188
0,23,3,0,170,101,1962.5,294.375,117.75,78.5,2355
0,23,4,1,140,69,1455,250.078,100.031,66.688,2000.628
1,21,3,1,173,60,1415.25,243.246,97.298,64.866,1945.97
1,21,4,0,140,76,1369,205.35,82.14,54.76,1642.8
0,24,2,1,168,77,1705,293.047,117.219,78.146,2344.378
0,23,3,0,163,58,1488.75,223.312,89.325,59.55,1786.498
0,36,3,0,157,90,1706.25,255.938,102.375,68.25,2047.502
1,40,2,1,163,48,1137.75,195.551,78.22,52.147,1564.407
0,21,3,4,168,62,1570,372.875,149.15,99.433,2982.997
1,21,2,0,145,62,1260.25,189.038,75.615,50.41,1512.302
0,23,4,0,173,108,2051.25,307.688,123.075,82.05,2461.502
1,21,3,0,170,45,1246.5,186.975,74.79,49.86,1495.8
1,33,3,0,160,42,1094,164.1,65.64,43.76,1312.8
1,40,3,0,155,43,1037.75,155.662,62.265,41.51,1245.298
0,21,3,1,165,64,1571.25,270.059,108.023,72.016,2160.472
1,20,3,4,165,61,1380.25,327.809,131.124,87.416,2622.476
0,20,4,4,173,65,1636.25,388.609,155.444,103.629,3108.873
1,23,2,0,155,63,1322.75,198.412,79.365,52.91,1587.298
0,25,3,0,157,108,1941.25,291.188,116.475,77.65,2329.502
1,30,3,0,152,72,1359,203.85,81.54,54.36,1630.8
1,24,3,1,150,59,1246.5,214.242,85.697,57.131,1713.935
1,26,3,0,160,46,1169,175.35,70.14,46.76,1402.8
0,58,3,0,165,50,1246.25,186.938,74.775,49.85,1495.502
1,22,3,1,160,60,1329,228.422,91.369,60.912,1827.372
1,38,3,0,157,44,1070.25,160.538,64.215,42.81,1284.302
1,25,3,0,147,50,1132.75,169.912,67.965,45.31,1359.298
0,22,4,0,163,103,1943.75,291.562,116.625,77.75,2332.498
0,27,2,1,165,83,1731.25,297.559,119.023,79.349,2380.469
1,25,3,0,157,93,1625.25,243.788,97.515,65.01,1950.302
0,22,3,0,163,40,1313.75,197.062,78.825,52.55,1576.498
0,47,2,0,188,105,1995,299.25,119.7,79.8,2394
1,25,3,0,152,99,1654,248.1,99.24,66.16,1984.8
1,28,3,0,145,85,1455.25,218.288,87.315,58.21,1746.302
0,22,3,0,155,113,1993.75,299.062,119.625,79.75,2392.498
1,22,2,0,157,78,1490.25,223.538,89.415,59.61,1788.302
0,28,3,0,175,122,2178.75,326.812,130.725,87.15,2614.498
1,22,3,0,157,75,1460.25,219.038,87.615,58.41,1752.302
1,22,2,4,157,70,1410.25,334.934,133.974,89.316,2679.476
0,22,2,1,173,82,1796.25,308.73,123.492,82.328,2469.84
1,50,3,0,157,78,1350.25,202.538,81.015,54.01,1620.302
1,47,3,0,157,68,1265.25,189.788,75.915,50.61,1518.302
0,23,3,0,165,49,1411.25,211.688,84.675,56.45,1693.502
0,25,3,1,165,84,1751.25,300.996,120.398,80.266,2407.97
1,32,2,1,152,46,1089,187.172,74.869,49.912,1497.372
1,22,3,0,147,92,1567.75,235.162,94.065,62.71,1881.298
0,24,2,1,175,87,1848.75,317.754,127.102,84.734,2542.03
1,43,2,1,140,50,999,171.703,68.681,45.787,1373.619
1,39,2,0,160,80,1444,216.6,86.64,57.76,1732.8
0,23,3,3,183,85,1883.75,406.184,162.473,108.316,3249.472
0,20,3,0,168,50,1455,218.25,87.3,58.2,1746
0,26,3,0,168,95,1875,281.25,112.5,75,2250
0,30,2,0,163,80,1673.75,251.062,100.425,66.95,2008.498
1,21,2,1,157,69,1405.25,241.527,96.611,64.407,1932.215
0,27,4,0,178,98,1962.5,294.375,117.75,78.5,2355
1,22,3,0,160,47,1199,179.85,71.94,47.96,1438.8
0,30,3,0,170,98,1897.5,284.625,113.85,75.9,2277
0,28,3,1,168,86,1775,305.078,122.031,81.354,2440.622
0,26,3,0,168,65,1575,236.25,94.5,63,1890
0,23,4,2,157,70,1571.25,304.43,121.772,81.181,2435.437
1,24,3,0,155,65,1337.75,200.662,80.265,53.51,1605.298
1,32,3,0,142,94,1506.5,225.975,90.39,60.26,1807.8
1,25,2,0,163,77,1502.75,225.412,90.165,60.11,1803.298
0,29,3,0,168,89,1800,270,108,72,2160
0,22,3,0,163,40,1313.75,197.062,78.825,52.55,1576.498
1,21,2,0,150,68,1351.5,202.725,81.09,54.06,1621.8
0,23,2,0,160,70,1590,238.5,95.4,63.6,1908
0,25,3,1,170,90,1842.5,316.68,126.672,84.448,2533.44
1,25,3,0,145,93,1550.25,232.538,93.015,62.01,1860.302
1,27,3,0,155,76,1432.75,214.912,85.965,57.31,1719.298
0,24,3,0,165,116,2076.25,311.438,124.575,83.05,2491.502
0,22,4,1,183,92,1958.75,336.66,134.664,89.776,2693.28
1,25,3,2,160,76,1474,285.588,114.235,76.157,2284.705
0,35,3,0,170,50,1392.5,208.875,83.55,55.7,1671
1,19,2,2,157,69,1415.25,274.205,109.682,73.121,2193.637
0,21,4,0,178,69,1702.5,255.375,102.15,68.1,2043
1,28,3,0,145,93,1535.25,230.288,92.115,61.41,1842.302
0,23,3,0,170,69,1642.5,246.375,98.55,65.7,1971
1,43,2,1,155,70,1292.75,222.191,88.877,59.251,1777.531
1,18,3,1,163,47,1237.75,212.738,85.095,56.73,1701.902
0,26,3,0,170,51,1447.5,217.125,86.85,57.9,1737
1,32,4,1,157,97,1630.25,280.199,112.08,74.72,2241.596
0,21,3,4,175,72,1713.75,407.016,162.806,108.538,3256.13
0,24,3,0,160,109,1975,296.25,118.5,79,2370
1,25,3,2,163,84,1572.75,304.72,121.888,81.259,2437.763
1,22,4,0,160,63,1359,203.85,81.54,54.36,1630.8
1,22,2,1,157,40,1110.25,190.824,76.33,50.886,1526.59
0,25,3,0,165,97,1881.25,282.188,112.875,75.25,2257.502
0,21,3,0,155,100,1868.75,280.312,112.125,74.75,2242.498
0,22,3,2,168,63,1575,305.156,122.062,81.375,2441.247
1,32,3,0,163,41,1107.75,166.162,66.465,44.31,1329.298
1,20,4,0,163,50,1257.75,188.662,75.465,50.31,1509.298
0,24,2,0,178,74,1737.5,260.625,104.25,69.5,2085
1,46,3,4,157,64,1230.25,292.184,116.874,77.916,2337.476
1,28,3,0,145,97,1575.25,236.288,94.515,63.01,1890.302
1,22,4,1,155,43,1127.75,193.832,77.533,51.689,1550.661
0,25,3,0,163,99,1888.75,283.312,113.325,75.55,2266.498
0,33,3,0,155,87,1678.75,251.812,100.725,67.15,2014.498
0,37,3,0,157,114,1941.25,291.188,116.475,77.65,2329.502
0,23,3,2,175,80,1783.75,345.602,138.241,92.16,2764.812
0,30,3,0,163,82,1693.75,254.062,101.625,67.75,2032.498
1,43,3,0,152,99,1564,234.6,93.84,62.56,1876.8
0,22,3,0,165,63,1556.25,233.438,93.375,62.25,1867.502
0,23,3,3,173,71,1681.25,362.52,145.008,96.672,2900.16
0,22,2,0,168,49,1435,215.25,86.1,57.4,1722
0,24,3,0,173,78,1746.25,261.938,104.775,69.85,2095.502
0,27,4,0,170,105,1982.5,297.375,118.95,79.3,2379
0,46,3,0,163,103,1823.75,273.562,109.425,72.95,2188.498
0,22,4,0,157,97,1846.25,276.938,110.775,73.85,2215.502
0,30,3,0,168,50,1405,210.75,84.3,56.2,1686
0,21,3,0,160,47,1370,205.5,82.2,54.8,1644
0,23,2,2,168,67,1610,311.938,124.775,83.183,2495.499
0,23,3,0,163,116,2068.75,310.312,124.125,82.75,2482.498
1,23,2,0,157,50,1205.25,180.788,72.315,48.21,1446.302
0,29,3,0,168,102,1930,289.5,115.8,77.2,2316
1,35,3,0,152,40,1014,152.1,60.84,40.56,1216.8
0,42,2,0,163,68,1493.75,224.062,89.625,59.75,1792.498
1,26,3,1,165,58,1320.25,226.918,90.767,60.511,1815.339
0,26,3,0,160,110,1975,296.25,118.5,79,2370
1,36,3,0,160,46,1119,167.85,67.14,44.76,1342.8
1,29,3,0,145,88,1480.25,222.038,88.815,59.21,1776.302
1,31,2,0,155,73,1382.75,207.412,82.965,55.31,1659.298
0,21,2,0,130,56,1272.5,190.875,76.35,50.9,1527
0,21,3,0,160,42,1320,198,79.2,52.8,1584
0,31,3,0,168,51,1410,211.5,84.6,56.4,1692
0,22,3,0,168,110,2045,306.75,122.7,81.8,2454
0,21,3,0,165,80,1731.25,259.688,103.875,69.25,2077.502
0,33,2,0,163,49,1348.75,202.312,80.925,53.95,1618.498
0,23,3,2,165,75,1671.25,323.805,129.522,86.348,2590.44
0,22,3,0,168,105,1995,299.25,119.7,79.8,2394
1,24,4,1,168,81,1579,271.391,108.556,72.371,2171.127
0,23,3,0,163,44,1348.75,202.312,80.925,53.95,1618.498
0,22,3,0,157,117,2046.25,306.938,122.775,81.85,2455.502
0,22,2,0,163,67,1583.75,237.562,95.025,63.35,1900.498
1,24,2,0,160,65,1369,205.35,82.14,54.76,1642.8
0,20,3,0,173,114,2126.25,318.938,127.575,85.05,2551.502
1,38,3,0,152,65,1249,187.35,74.94,49.96,1498.8
0,25,3,0,165,40,1311.25,196.688,78.675,52.45,1573.502
0,22,2,1,168,68,1625,279.297,111.719,74.479,2234.375
0,15,2,2,183,95,2023.75,392.102,156.841,104.56,3136.812
0,23,3,2,170,91,1862.5,360.859,144.344,96.229,2886.873
0,22,3,0,170,53,1487.5,223.125,89.25,59.5,1785
1,32,3,0,155,43,1077.75,161.662,64.665,43.11,1293.298
0,26,3,0,178,90,1887.5,283.125,113.25,75.5,2265
1,23,4,0,170,56,1346.5,201.975,80.79,53.86,1615.8
0,22,3,0,163,71,1623.75,243.562,97.425,64.95,1948.498
0,24,3,0,163,120,2103.75,315.562,126.225,84.15,2524.498
0,23,4,4,173,68,1651.25,392.172,156.869,104.579,3137.375
0,22,3,0,173,74,1716.25,257.438,102.975,68.65,2059.502
0,28,2,0,168,52,1435,215.25,86.1,57.4,1722
1,22,2,0,163,67,1417.75,212.662,85.065,56.71,1701.298
1,21,2,0,157,46,1175.25,176.288,70.515,47.01,1410.302
0,31,4,0,155,87,1688.75,253.312,101.325,67.55,2026.498
1,22,2,0,165,52,1280.25,192.038,76.815,51.21,1536.302
1,40,3,0,157,45,1070.25,160.538,64.215,42.81,1284.302
0,27,4,1,185,105,2076.25,356.855,142.742,95.161,2854.837
0,22,3,3,170,62,1577.5,340.148,136.059,90.706,2721.182
0,23,3,0,165,82,1741.25,261.188,104.475,69.65,2089.502
1,23,2,4,152,51,1184,281.2,112.48,74.987,2249.603
0,23,2,0,170,70,1652.5,247.875,99.15,66.1,1983
0,23,4,4,180,74,1755,416.812,166.725,111.15,3334.498
1,23,3,0,157,41,1115.25,167.288,66.915,44.61,1338.302
1,21,3,0,168,45,1234,185.1,74.04,49.36,1480.8
0,23,3,1,173,58,1551.25,266.621,106.648,71.099,2132.967
0,22,4,3,175,75,1738.75,374.918,149.967,99.978,2999.342
0,26,4,1,180,134,2340,402.188,160.875,107.25,3217.502
0,23,3,1,165,82,1741.25,299.277,119.711,79.807,2394.215
0,24,3,0,165,45,1366.25,204.938,81.975,54.65,1639.502
0,39,4,0,152,90,1660,249,99.6,66.4,1992
0,29,3,0,175,76,1713.75,257.062,102.825,68.55,2056.498
1,56,4,0,142,77,1216.5,182.475,72.99,48.66,1459.8
0,23,2,0,165,93,1851.25,277.688,111.075,74.05,2221.502
0,26,3,0,170,93,1867.5,280.125,112.05,74.7,2241
1,28,2,1,155,62,1287.75,221.332,88.533,59.022,1770.658
0,20,2,1,163,75,1673.75,287.676,115.07,76.714,2301.41
1,54,3,0,152,75,1269,190.35,76.14,50.76,1522.8
1,18,4,0,150,54,1226.5,183.975,73.59,49.06,1471.8
0,23,3,0,180,135,2365,354.75,141.9,94.6,2838
1,25,3,0,160,60,1314,197.1,78.84,52.56,1576.8
0,26,2,1,168,85,1775,305.078,122.031,81.354,2440.622
0,26,3,0,173,53,1486.25,222.938,89.175,59.45,1783.502
1,30,3,0,168,79,1529,229.35,91.74,61.16,1834.8
1,22,4,0,152,54,1219,182.85,73.14,48.76,1462.8
1,23,4,0,165,103,1785.25,267.787,107.115,71.41,2142.298
0,24,3,0,178,91,1907.5,286.125,114.45,76.3,2289
0,22,3,2,173,54,1516.25,293.773,117.509,78.34,2350.188
1,22,2,0,155,76,1457.75,218.662,87.465,58.31,1749.298
0,28,3,0,165,64,1536.25,230.438,92.175,61.45,1843.502
0,20,3,4,168,70,1655,393.062,157.225,104.817,3144.501
0,24,3,1,165,56,1476.25,253.73,101.492,67.661,2029.837
0,25,2,0,165,50,1411.25,211.688,84.675,56.45,1693.502
0,22,3,0,168,51,1455,218.25,87.3,58.2,1746
1,25,3,4,137,44,1010.25,239.934,95.974,63.982,1919.47
0,22,2,0,163,56,1473.75,221.062,88.425,58.95,1768.498
0,28,4,0,163,104,1923.75,288.562,115.425,76.95,2308.498
0,24,3,0,168,52,1455,218.25,87.3,58.2,1746
0,22,3,4,168,80,1745,414.438,165.775,110.517,3315.505
0,16,3,0,178,80,1837.5,275.625,110.25,73.5,2205
0,22,3,0,157,120,2076.25,311.438,124.575,83.05,2491.502
1,22,2,1,160,66,1389,238.734,95.494,63.662,1909.87
1,22,3,0,157,43,1140.25,171.038,68.415,45.61,1368.302
1,21,4,2,157,60,1315.25,254.83,101.932,67.955,2038.643
1,36,3,0,152,99,1599,239.85,95.94,63.96,1918.8
1,57,2,0,152,61,1114,167.1,66.84,44.56,1336.8
1,28,3,0,152,57,1219,182.85,73.14,48.76,1462.8
0,21,2,0,175,60,1593.75,239.062,95.625,63.75,1912.498
1,40,3,0,157,90,1520.25,228.038,91.215,60.81,1824.302
0,21,3,2,170,53,1492.5,289.172,115.669,77.112,2313.372
0,23,2,0,168,52,1460,219,87.6,58.4,1752
0,25,3,1,178,68,1672.5,287.461,114.984,76.656,2299.684
0,28,2,0,168,98,1895,284.25,113.7,75.8,2274
0,24,3,0,160,114,2025,303.75,121.5,81,2430
0,22,3,1,180,84,1860,319.688,127.875,85.25,2557.502
0,21,4,1,168,54,1490,256.094,102.438,68.292,2048.756
1,59,2,0,157,69,1215.25,182.288,72.915,48.61,1458.302
0,24,3,2,165,62,1536.25,297.648,119.059,79.373,2381.185
0,19,3,4,178,77,1792.5,425.719,170.288,113.525,3405.753
0,29,2,0,173,99,1931.25,289.688,115.875,77.25,2317.502
0,21,2,1,170,52,1482.5,254.805,101.922,67.948,2038.44
1,36,3,0,142,81,1356.5,203.475,81.39,54.26,1627.8
0,22,3,1,180,79,1810,311.094,124.438,82.958,2488.75
0,21,2,1,170,66,1622.5,278.867,111.547,74.365,2230.941
1,20,3,0,163,45,1207.75,181.162,72.465,48.31,1449.298
0,21,3,0,168,48,1430,214.5,85.8,57.2,1716
1,27,3,0,157,99,1675.25,251.288,100.515,67.01,2010.302
1,36,3,0,163,41,1087.75,163.162,65.265,43.51,1305.298
0,24,2,0,180,64,1650,247.5,99,66,1980
0,20,3,0,168,65,1605,240.75,96.3,64.2,1926
0,27,4,0,160,90,1770,265.5,106.2,70.8,2124
1,23,4,0,160,65,1374,206.1,82.44,54.96,1648.8
0,67,3,0,173,73,1481.25,222.188,88.875,59.25,1777.502
1,26,2,0,155,66,1337.75,200.662,80.265,53.51,1605.298
0,16,3,4,170,77,1757.5,417.406,166.962,111.308,3339.244
1,22,3,0,157,54,1250.25,187.538,75.015,50.01,1500.302
0,21,3,0,165,73,1661.25,249.188,99.675,66.45,1993.502
0,34,3,0,165,103,1896.25,284.438,113.775,75.85,2275.502
0,22,3,0,163,43,1343.75,201.562,80.625,53.75,1612.498
0,27,3,0,157,83,1681.25,252.188,100.875,67.25,2017.502
0,29,2,1,170,90,1822.5,313.242,125.297,83.531,2505.935
1,19,3,0,157,54,1265.25,189.788,75.915,50.61,1518.302
1,22,2,1,160,59,1319,226.703,90.681,60.454,1813.622
1,21,2,0,145,68,1320.25,198.038,79.215,52.81,1584.302
1,17,3,1,173,63,1465.25,251.84,100.736,67.157,2014.717
1,21,2,2,155,42,1122.75,217.533,87.013,58.009,1740.265
0,23,3,0,175,72,1703.75,255.562,102.225,68.15,2044.498
0,25,3,0,165,110,2011.25,301.688,120.675,80.45,2413.502
1,22,4,1,170,51,1301.5,223.695,89.478,59.652,1789.56
0,22,3,0,157,112,1996.25,299.438,119.775,79.85,2395.502
0,25,3,0,160,104,1920,288,115.2,76.8,2304
1,26,3,0,145,89,1505.25,225.788,90.315,60.21,1806.302
1,49,3,0,157,110,1675.25,251.288,100.515,67.01,2010.302
0,27,2,1,160,66,1530,262.969,105.188,70.125,2103.753
1,30,3,0,152,41,1049,157.35,62.94,41.96,1258.8
0,25,2,1,165,70,1611.25,276.934,110.773,73.849,2215.469
1,24,3,0,163,42,1157.75,173.662,69.465,46.31,1389.298
0,25,3,0,163,98,1878.75,281.812,112.725,75.15,2254.498
1,33,4,0,142,75,1311.5,196.725,78.69,52.46,1573.8
0,37,4,0,155,93,1718.75,257.812,103.125,68.75,2062.498
0,54,3,2,160,68,1415,274.156,109.663,73.108,2193.248
1,21,3,0,163,50,1252.75,187.912,75.165,50.11,1503.298
0,22,4,0,170,70,1657.5,248.625,99.45,66.3,1989
0,20,3,0,155,100,1873.75,281.062,112.425,74.95,2248.498
0,24,3,0,165,50,1416.25,212.438,84.975,56.65,1699.502
0,25,3,0,173,51,1471.25,220.688,88.275,58.85,1765.502
1,58,3,0,157,75,1280.25,192.038,76.815,51.21,1536.302
0,30,3,0,168,51,1415,212.25,84.9,56.6,1698
0,20,2,0,173,92,1906.25,285.938,114.375,76.25,2287.502
1,40,3,0,160,43,1069,160.35,64.14,42.76,1282.8
1,29,2,1,145,58,1180.25,202.855,81.142,54.095,1622.843
0,21,3,0,173,80,1781.25,267.188,106.875,71.25,2137.502
0,22,3,0,165,46,1386.25,207.938,83.175,55.45,1663.502
0,23,3,4,165,63,1551.25,368.422,147.369,98.246,2947.378
0,32,3,0,168,50,1395,209.25,83.7,55.8,1674
1,24,2,1,155,61,1297.75,223.051,89.22,59.48,1784.404
0,16,3,1,165,71.6,1672.25,287.418,114.967,76.645,2299.345
0,21,2,0,165,62,1551.25,232.688,93.075,62.05,1861.502
1,26,4,0,155,86,1537.75,230.662,92.265,61.51,1845.298
0,27,4,0,157,89,1741.25,261.188,104.475,69.65,2089.502
0,23,4,0,170,106,2012.5,301.875,120.75,80.5,2415
1,41,2,1,135,51,987.75,169.77,67.908,45.272,1358.16
0,58,3,4,170,62,1397.5,331.906,132.763,88.508,2655.248
0,22,2,0,163,90,1813.75,272.062,108.825,72.55,2176.498
1,36,3,0,142,98,1526.5,228.975,91.59,61.06,1831.8
0,22,3,0,165,67,1596.25,239.438,95.775,63.85,1915.502
1,42,3,0,163,48,1127.75,169.162,67.665,45.11,1353.298
0,26,3,0,173,54,1496.25,224.438,89.775,59.85,1795.502
0,21,2,0,168,90,1850,277.5,111,74,2220
1,21,2,0,168,70,1484,222.6,89.04,59.36,1780.8
1,21,2,0,142,87,1491.5,223.725,89.49,59.66,1789.8
1,22,3,0,157,50,1210.25,181.538,72.615,48.41,1452.302
0,23,3,2,163,67,1578.75,305.883,122.353,81.569,2447.065
0,22,3,0,173,69,1666.25,249.938,99.975,66.65,1999.502
1,23,3,1,163,49,1232.75,211.879,84.752,56.501,1695.033
1,20,3,2,160,48,1219,236.181,94.473,62.982,1889.454
0,24,4,0,168,58,1515,227.25,90.9,60.6,1818
1,21,4,0,155,66,1362.75,204.412,81.765,54.51,1635.298
0,34,3,0,173,54,1456.25,218.438,87.375,58.25,1747.502
1,27,3,0,157,99,1675.25,251.288,100.515,67.01,2010.302
1,56,3,0,160,77,1329,199.35,79.74,53.16,1594.8
0,28,4,1,185,85,1871.25,321.621,128.648,85.766,2572.97
1,20,4,2,157,78,1500.25,290.673,116.269,77.513,2325.385
1,40,3,0,163,107,1727.75,259.162,103.665,69.11,2073.298
0,45,3,0,155,89,1638.75,245.812,98.325,65.55,1966.498
0,37,3,0,165,113,1981.25,297.188,118.875,79.25,2377.502
1,30,4,1,168,70,1439,247.328,98.931,65.954,1978.622
0,25,4,0,145,80,1586.25,237.938,95.175,63.45,1903.502
1,22,3,1,157,45,1160.25,199.418,79.767,53.178,1595.342
0,25,2,0,160,47,1350,202.5,81,54,1620
1,32,3,0,142,74,1306.5,195.975,78.39,52.26,1567.8
0,22,3,0,155,115,2013.75,302.062,120.825,80.55,2416.498
0,22,2,0,168,58,1525,228.75,91.5,61,1830
0,20,3,1,173,55,1536.25,264.043,105.617,70.411,2112.339
1,24,2,1,160,76,1479,254.203,101.681,67.788,2033.628
0,28,4,0,163,104,1923.75,288.562,115.425,76.95,2308.498
1,28,3,0,152,96,1609,241.35,96.54,64.36,1930.8
1,22,2,0,152,58,1259,188.85,75.54,50.36,1510.8
0,21,2,0,160,46,1360,204,81.6,54.4,1632
0,22,3,1,173,76,1736.25,298.418,119.367,79.578,2387.342
1,28,3,0,160,52,1219,182.85,73.14,48.76,1462.8
1,20,3,0,165,46,1230.25,184.538,73.815,49.21,1476.302
1,22,4,2,168,55,1329,257.494,102.998,68.665,2059.953
0,22,3,0,160,120,2095,314.25,125.7,83.8,2514
0,19,3,4,175,64,1643.75,390.391,156.156,104.104,3123.124
1,35,3,0,155,74,1372.75,205.912,82.365,54.91,1647.298
1,29,4,0,155,85,1512.75,226.912,90.765,60.51,1815.298
1,21,2,0,175,61,1437.75,215.662,86.265,57.51,1725.298
1,22,3,0,142,71,1326.5,198.975,79.59,53.06,1591.8
1,22,3,0,152,75,1429,214.35,85.74,57.16,1714.8
0,23,3,0,168,51,1450,217.5,87,58,1740
1,20,2,0,160,98,1719,257.85,103.14,68.76,2062.8
1,21,3,1,163,62,1372.75,235.941,94.377,62.918,1887.534
1,31,3,0,170,75,1496.5,224.475,89.79,59.86,1795.8
1,23,2,0,155,70,1392.75,208.912,83.565,55.71,1671.298
1,22,3,1,160,76,1489,255.922,102.369,68.246,2047.378
1,25,3,0,175,105,1857.75,278.662,111.465,74.31,2229.298
1,33,2,0,152,73,1354,203.1,81.24,54.16,1624.8
0,35,3,0,170,105,1942.5,291.375,116.55,77.7,2331
0,18,2,1,165,72,1666.25,286.387,114.555,76.37,2291.098
1,23,3,0,155,77,1462.75,219.412,87.765,58.51,1755.298
0,20,2,0,163,43,1353.75,203.062,81.225,54.15,1624.498
1,20,3,0,155,41,1117.75,167.662,67.065,44.71,1341.298
0,29,3,2,183,112,2123.75,411.477,164.591,109.727,3291.815
0,23,3,0,168,93,1870,280.5,112.2,74.8,2244
1,22,3,0,157,48,1190.25,178.538,71.415,47.61,1428.302
0,26,3,0,170,103,1967.5,295.125,118.05,78.7,2361
0,21,2,2,178,58,1592.5,308.547,123.419,82.279,2468.375
1,44,4,0,142,77,1276.5,191.475,76.59,51.06,1531.8
0,21,2,0,183,95,1993.75,299.062,119.625,79.75,2392.498
1,24,4,0,157,90,1600.25,240.038,96.015,64.01,1920.302
1,47,3,0,160,100,1604,240.6,96.24,64.16,1924.8
0,22,3,1,170,65,1607.5,276.289,110.516,73.677,2210.313
0,27,3,1,180,79,1785,306.797,122.719,81.812,2454.372
0,57,3,0,168,52,1290,193.5,77.4,51.6,1548
1,22,3,0,142,98,1596.5,239.475,95.79,63.86,1915.8
0,25,3,1,163,89,1788.75,307.441,122.977,81.984,2459.528
1,20,3,2,165,76,1530.25,296.486,118.594,79.063,2371.887
1,36,3,0,160,46,1119,167.85,67.14,44.76,1342.8
1,35,3,0,157,99,1635.25,245.288,98.115,65.41,1962.302
0,25,3,0,163,102,1918.75,287.812,115.125,76.75,2302.498
1,23,2,0,137,50,1080.25,162.038,64.815,43.21,1296.302
0,30,3,0,170,50,1417.5,212.625,85.05,56.7,1701
0,22,3,0,173,80,1776.25,266.438,106.575,71.05,2131.502
1,39,3,0,157,100,1625.25,243.788,97.515,65.01,1950.302
0,32,3,0,168,112,2015,302.25,120.9,80.6,2418
1,24,3,0,135,56,1122.75,168.412,67.365,44.91,1347.298
0,32,3,0,163,48,1343.75,201.562,80.625,53.75,1612.498
1,24,3,0,152,73,1399,209.85,83.94,55.96,1678.8
1,50,3,0,145,93,1425.25,213.788,85.515,57.01,1710.302
0,22,4,0,168,70,1645,246.75,98.7,65.8,1974
0,23,2,1,163,65,1558.75,267.91,107.164,71.443,2143.283
0,26,3,0,168,52,1445,216.75,86.7,57.8,1734
1,53,2,0,137,53,960.25,144.038,57.615,38.41,1152.302
0,22,2,1,160,56,1455,250.078,100.031,66.688,2000.628
0,22,2,0,157,66,1536.25,230.438,92.175,61.45,1843.502
1,35,2,0,155,78,1412.75,211.912,84.765,56.51,1695.298
0,20,4,0,157,92,1806.25,270.938,108.375,72.25,2167.502
0,30,3,0,173,52,1456.25,218.438,87.375,58.25,1747.502
1,23,3,0,163,66,1402.75,210.412,84.165,56.11,1683.298
0,30,3,0,163,70,1573.75,236.062,94.425,62.95,1888.498
1,21,2,1,165,80,1565.25,269.027,107.611,71.741,2152.221
0,21,3,0,152,97,1820,273,109.2,72.8,2184
1,22,3,0,160,51,1239,185.85,74.34,49.56,1486.8
1,22,3,2,152,67,1349,261.369,104.548,69.698,2090.95
0,23,3,1,168,95,1890,324.844,129.938,86.625,2598.753
1,23,2,0,152,64,1314,197.1,78.84,52.56,1576.8
1,20,3,0,163,47,1227.75,184.162,73.665,49.11,1473.298
0,24,3,0,157,118,2046.25,306.938,122.775,81.85,2455.502
0,24,4,0,170,70,1647.5,247.125,98.85,65.9,1977
0,22,3,0,170,75,1707.5,256.125,102.45,68.3,2049
0,18,2,0,165,41,1356.25,203.438,81.375,54.25,1627.502
0,20,4,3,175,69,1688.75,364.137,145.655,97.103,2913.095
0,22,3,0,165,47,1396.25,209.438,83.775,55.85,1675.502
0,24,2,0,163,44,1343.75,201.562,80.625,53.75,1612.498
0,23,3,1,165,65,1571.25,270.059,108.023,72.016,2160.472
0,23,3,0,175,80,1783.75,267.562,107.025,71.35,2140.498
0,23,2,0,168,100,1940,291,116.4,77.6,2328
1,20,4,0,165,70,1470.25,220.538,88.215,58.81,1764.302
1,19,3,0,157,54,1265.25,189.788,75.915,50.61,1518.302
1,42,3,0,140,72,1224,183.6,73.44,48.96,1468.8
1,21,2,0,160,73,1464,219.6,87.84,58.56,1756.8
0,56,3,0,163,50,1243.75,186.562,74.625,49.75,1492.498
0,35,4,0,175,109,2013.75,302.062,120.825,80.55,2416.498
0,23,4,0,173,70,1671.25,250.688,100.275,66.85,2005.502
0,24,2,0,165,83,1746.25,261.938,104.775,69.85,2095.502
0,22,3,0,168,80,1745,261.75,104.7,69.8,2094
1,58,3,0,145,73,1185.25,177.788,71.115,47.41,1422.302
0,24,3,1,178,95,1947.5,334.727,133.891,89.26,2677.812
0,26,3,0,168,105,1975,296.25,118.5,79,2370
0,26,3,0,175,109,2058.75,308.812,123.525,82.35,2470.498
1,22,3,0,157,80,1510.25,226.538,90.615,60.41,1812.302
0,30,3,0,173,98,1916.25,287.438,114.975,76.65,2299.502
0,35,3,0,157,87,1681.25,252.188,100.875,67.25,2017.502
0,24,3,0,165,109,2006.25,300.938,120.375,80.25,2407.502
0,22,3,0,163,119,2103.75,315.562,126.225,84.15,2524.498
1,22,2,0,137,50,1085.25,162.788,65.115,43.41,1302.302
1,25,2,0,163,46,1192.75,178.912,71.565,47.71,1431.298
1,26,2,0,163,49,1217.75,182.662,73.065,48.71,1461.298
1,23,3,0,152,48,1154,173.1,69.24,46.16,1384.8
0,40,3,0,180,82,1750,262.5,105,70,2100
1,33,3,0,160,77,1444,216.6,86.64,57.76,1732.8
1,20,3,0,157,45,1170.25,175.538,70.215,46.81,1404.302
0,23,2,1,168,96,1900,326.562,130.625,87.083,2612.495
1,27,3,0,155,94,1612.75,241.912,96.765,64.51,1935.298
1,21,2,0,163,83,1582.75,237.412,94.965,63.31,1899.298
1,31,4,0,152,86,1494,224.1,89.64,59.76,1792.8
0,26,3,4,168,64,1565,371.688,148.675,99.117,2973.505
1,25,3,0,160,46,1174,176.1,70.44,46.96,1408.8
1,25,3,0,152,76,1424,213.6,85.44,56.96,1708.8
0,25,2,0,173,91,1871.25,280.688,112.275,74.85,2245.502
1,58,2,1,142,59,1026.5,176.43,70.572,47.048,1411.44
1,49,2,0,140,57,1039,155.85,62.34,41.56,1246.8
1,21,2,1,168,60,1384,237.875,95.15,63.433,1902.997
0,46,3,2,170,90,1737.5,336.641,134.656,89.771,2693.127
0,22,3,3,170,61,1567.5,337.992,135.197,90.131,2703.935
0,29,2,0,165,85,1741.25,261.188,104.475,69.65,2089.502
1,41,2,1,152,63,1214,208.656,83.462,55.642,1669.25
0,22,2,4,170,76,1717.5,407.906,163.163,108.775,3263.251
0,22,3,0,152,98,1825,273.75,109.5,73,2190
0,55,2,0,165,42,1181.25,177.188,70.875,47.25,1417.502
0,23,2,0,165,65,1571.25,235.688,94.275,62.85,1885.502
1,21,3,0,152,55,1234,185.1,74.04,49.36,1480.8
1,22,4,0,160,47,1199,179.85,71.94,47.96,1438.8
1,24,3,4,160,53,1249,296.638,118.655,79.103,2373.099
0,22,4,0,185,84,1891.25,283.688,113.475,75.65,2269.502
1,23,3,0,160,77,1494,224.1,89.64,59.76,1792.8
0,29,3,1,165,84,1731.25,297.559,119.023,79.349,2380.469
0,22,2,2,163,58,1493.75,289.414,115.766,77.177,2315.313
1,28,3,0,152,55,1199,179.85,71.94,47.96,1438.8
0,23,3,0,178,83,1832.5,274.875,109.95,73.3,2199
1,21,2,2,155,53,1232.75,238.845,95.538,63.692,1910.76
1,24,3,0,155,78,1467.75,220.162,88.065,58.71,1761.298
0,21,3,0,168,79,1740,261,104.4,69.6,2088
0,24,3,0,168,84,1775,266.25,106.5,71,2130
0,23,3,0,160,112,2010,301.5,120.6,80.4,2412
0,22,2,0,168,90,1845,276.75,110.7,73.8,2214
0,23,3,0,168,60,1540,231,92.4,61.6,1848
1,28,3,0,173,55,1330.25,199.538,79.815,53.21,1596.302
0,25,2,0,165,50,1411.25,211.688,84.675,56.45,1693.502
0,17,2,3,175,80,1813.75,391.09,156.436,104.291,3128.723
0,24,2,4,183,74,1768.75,420.078,168.031,112.021,3360.625
0,29,2,1,168,94,1850,317.969,127.188,84.792,2543.756
1,22,3,0,160,55,1279,191.85,76.74,51.16,1534.8
1,43,3,0,157,110,1705.25,255.788,102.315,68.21,2046.302
1,50,3,0,165,110,1720.25,258.037,103.215,68.81,2064.298
1,28,3,4,152,52,1169,277.638,111.055,74.037,2221.105
1,21,2,0,157,45,1165.25,174.788,69.915,46.61,1398.302
1,23,3,0,157,50,1205.25,180.788,72.315,48.21,1446.302
0,28,3,0,152,81,1625,243.75,97.5,65,1950
1,48,3,0,142,80,1286.5,192.975,77.19,51.46,1543.8
0,23,3,0,163,102,1928.75,289.312,115.725,77.15,2314.498
0,25,3,0,163,109,1988.75,298.312,119.325,79.55,2386.498
0,32,3,0,168,50,1395,209.25,83.7,55.8,1674
1,56,2,0,152,72,1229,184.35,73.74,49.16,1474.8
1,22,3,0,160,58,1309,196.35,78.54,52.36,1570.8
1,23,3,0,163,68,1422.75,213.412,85.365,56.91,1707.298
0,48,3,0,160,90,1665,249.75,99.9,66.6,1998
0,21,3,0,152,95,1800,270,108,72,2160
1,29,3,0,145,95,1550.25,232.538,93.015,62.01,1860.302
0,23,3,0,157,74,1611.25,241.688,96.675,64.45,1933.502
0,23,3,1,173,76,1731.25,297.559,119.023,79.349,2380.469
0,48,3,0,173,82,1666.25,249.938,99.975,66.65,1999.502
0,28,4,0,155,85,1683.75,252.562,101.025,67.35,2020.498
0,25,4,0,157,88,1741.25,261.188,104.475,69.65,2089.502
0,22,3,0,180,138,2400,360,144,96,2880
0,62,3,0,165,96,1686.25,252.938,101.175,67.45,2023.502
1,20,2,0,135,52,1102.75,165.412,66.165,44.11,1323.298
0,39,4,0,165,101,1851.25,277.688,111.075,74.05,2221.502
0,30,3,4,173,82,1756.25,417.109,166.844,111.229,3336.873
0,28,3,0,155,88,1713.75,257.062,102.825,68.55,2056.498
1,22,3,0,142,95,1566.5,234.975,93.99,62.66,1879.8
0,23,3,0,173,77,1741.25,261.188,104.475,69.65,2089.502
0,23,2,2,170,98,1932.5,374.422,149.769,99.846,2995.378
1,21,4,4,155,49,1192.75,283.278,113.311,75.541,2266.225
0,28,2,4,175,72,1678.75,398.703,159.481,106.321,3189.625
0,22,3,0,170,58,1537.5,230.625,92.25,61.5,1845
1,21,3,0,173,55,1365.25,204.788,81.915,54.61,1638.302
0,21,3,0,168,60,1550,232.5,93,62,1860
0,23,3,0,168,94,1880,282,112.8,75.2,2256
0,24,2,1,170,90,1847.5,317.539,127.016,84.677,2540.313
0,28,3,2,165,78,1676.25,324.773,129.909,86.606,2598.182
1,23,3,2,160,65,1374,266.213,106.485,70.99,2129.702
0,22,4,0,180,134,2360,354,141.6,94.4,2832
1,22,3,0,152,54,1219,182.85,73.14,48.76,1462.8
1,19,3,0,168,46,1254,188.1,75.24,50.16,1504.8
1,29,3,1,140,57,1139,195.766,78.306,52.204,1566.124
0,25,3,0,160,77,1650,247.5,99,66,1980
0,22,2,0,163,75,1663.75,249.562,99.825,66.55,1996.498
0,24,3,2,168,68,1615,312.906,125.163,83.442,2503.254
0,23,2,1,170,67,1622.5,278.867,111.547,74.365,2230.941
0,39,4,0,157,88,1671.25,250.688,100.275,66.85,2005.502
1,25,3,0,168,47,1234,185.1,74.04,49.36,1480.8
1,43,4,0,142,79,1301.5,195.225,78.09,52.06,1561.8
1,23,3,0,178,60,1436.5,215.475,86.19,57.46,1723.8
1,20,4,0,137,56,1155.25,173.288,69.315,46.21,1386.302
1,29,3,0,173,66,1435.25,215.288,86.115,57.41,1722.302
0,20,3,0,163,45,1373.75,206.062,82.425,54.95,1648.498
1,23,3,2,170,74,1526.5,295.759,118.304,78.869,2366.073
0,23,4,0,160,90,1790,268.5,107.4,71.6,2148
1,23,3,0,160,90,1624,243.6,97.44,64.96,1948.8
0,23,3,0,170,80,1752.5,262.875,105.15,70.1,2103
1,16,3,0,155,55,1277.75,191.662,76.665,51.11,1533.298
0,23,3,1,168,75,1690,290.469,116.188,77.458,2323.75
0,23,2,0,165,59,1511.25,226.688,90.675,60.45,1813.502
1,23,3,0,152,68,1354,203.1,81.24,54.16,1624.8
1,30,4,1,150,68,1306.5,224.555,89.822,59.881,1796.437
1,22,3,0,150,55,1216.5,182.475,72.99,48.66,1459.8
1,37,4,1,147,59,1162.75,199.848,79.939,53.293,1598.785
0,24,3,1,173,102,1986.25,341.387,136.555,91.036,2731.092
0,28,4,0,175,122,2178.75,326.812,130.725,87.15,2614.498
0,22,3,0,157,108,1956.25,293.438,117.375,78.25,2347.502
1,25,2,1,155,65,1332.75,229.066,91.627,61.084,1832.528
0,31,3,0,168,50,1400,210,84,56,1680
0,22,2,1,173,100,1976.25,339.668,135.867,90.578,2717.342
1,23,3,0,160,60,1324,198.6,79.44,52.96,1588.8
0,22,3,1,178,73,1737.5,298.633,119.453,79.635,2389.059
0,39,4,0,165,106,1901.25,285.188,114.075,76.05,2281.502
0,20,2,0,165,71,1646.25,246.938,98.775,65.85,1975.502
0,39,3,0,155,87,1648.75,247.312,98.925,65.95,1978.498
0,39,3,0,168,99,1850,277.5,111,74,2220
0,19,3,3,180,58,1615,348.234,139.294,92.862,2785.87
0,28,3,1,178,80,1777.5,305.508,122.203,81.469,2444.065
0,25,3,0,168,70,1630,244.5,97.8,65.2,1956
0,28,2,1,170,96,1887.5,324.414,129.766,86.51,2595.31
1,56,2,0,152,71,1219,182.85,73.14,48.76,1462.8
1,21,2,0,155,48,1182.75,177.412,70.965,47.31,1419.298
0,22,3,0,183,79,1828.75,274.312,109.725,73.15,2194.498
1,22,3,0,152,56,1239,185.85,74.34,49.56,1486.8
0,23,4,1,163,68,1588.75,273.066,109.227,72.818,2184.534
0,25,2,1,163,68,1578.75,271.348,108.539,72.359,2170.779
0,24,2,0,165,48,1396.25,209.438,83.775,55.85,1675.502
0,22,2,0,163,79,1703.75,255.562,102.225,68.15,2044.498
0,33,4,0,170,102,1922.5,288.375,115.35,76.9,2307
1,22,4,0,168,101,1789,268.35,107.34,71.56,2146.8
1,22,3,1,157,45,1160.25,199.418,79.767,53.178,1595.342
1,50,4,0,140,73,1194,179.1,71.64,47.76,1432.8
1,20,3,0,168,48,1269,190.35,76.14,50.76,1522.8
0,49,3,0,157,88,1621.25,243.188,97.275,64.85,1945.502
1,60,2,0,155,79,1297.75,194.662,77.865,51.91,1557.298
0,52,3,0,178,92,1777.5,266.625,106.65,71.1,2133
1,21,2,2,157,74,1455.25,281.955,112.782,75.188,2255.64
0,24,3,0,165,49,1406.25,210.938,84.375,56.25,1687.502
1,32,3,0,140,80,1354,203.1,81.24,54.16,1624.8
0,23,3,0,175,82,1803.75,270.562,108.225,72.15,2164.498
1,32,3,0,157,76,1420.25,213.038,85.215,56.81,1704.302
1,23,4,0,157,57,1275.25,191.288,76.515,51.01,1530.302
1,25,3,0,160,65,1364,204.6,81.84,54.56,1636.8
1,37,3,0,160,46,1114,167.1,66.84,44.56,1336.8
0,29,2,1,168,91,1820,312.812,125.125,83.417,2502.501
1,21,3,0,163,45,1202.75,180.412,72.165,48.11,1443.298
0,28,3,0,173,125,2196.25,329.438,131.775,87.85,2635.502
0,52,3,0,168,50,1295,194.25,77.7,51.8,1554
1,29,3,0,152,100,1644,246.6,98.64,65.76,1972.8
1,21,2,0,160,55,1284,192.6,77.04,51.36,1540.8
1,23,3,0,163,48,1222.75,183.412,73.365,48.91,1467.298
1,26,3,0,155,89,1567.75,235.162,94.065,62.71,1881.298
1,22,2,0,170,48,1271.5,190.725,76.29,50.86,1525.8
1,37,3,0,155,100,1622.75,243.412,97.365,64.91,1947.298
0,21,2,1,170,76,1722.5,296.055,118.422,78.948,2368.44
0,22,3,4,160,50,1395,331.312,132.525,88.35,2650.498
0,25,3,0,160,85,1730,259.5,103.8,69.2,2076
1,27,3,0,152,94,1594,239.1,95.64,63.76,1912.8
1,48,3,0,145,99,1495.25,224.288,89.715,59.81,1794.302
0,24,3,2,180,65,1660,321.625,128.65,85.767,2573.003
0,23,3,0,165,73,1651.25,247.688,99.075,66.05,1981.502
0,23,3,0,163,107,1978.75,296.812,118.725,79.15,2374.498
1,31,3,0,142,81,1381.5,207.225,82.89,55.26,1657.8
0,25,2,0,165,50,1411.25,211.688,84.675,56.45,1693.502
0,26,2,0,168,135,2275,341.25,136.5,91,2730
0,23,3,0,173,56,1531.25,229.688,91.875,61.25,1837.502
0,21,3,1,170,64,1602.5,275.43,110.172,73.448,2203.44
1,22,3,0,163,51,1257.75,188.662,75.465,50.31,1509.298
1,24,2,0,137,55,1125.25,168.788,67.515,45.01,1350.302
0,24,4,0,180,85,1860,279,111.6,74.4,2232
1,23,3,0,157,48,1185.25,177.788,71.115,47.41,1422.302
1,21,2,0,163,60,1352.75,202.912,81.165,54.11,1623.298
0,23,2,0,178,60,1602.5,240.375,96.15,64.1,1923
1,20,3,1,155,56,1267.75,217.895,87.158,58.105,1743.157
1,22,4,0,160,60,1329,199.35,79.74,53.16,1594.8
1,30,3,0,170,65,1401.5,210.225,84.09,56.06,1681.8
0,24,4,2,175,82,1798.75,348.508,139.403,92.935,2788.059
0,22,3,0,173,75,1726.25,258.938,103.575,69.05,2071.502
1,25,2,0,168,92,1684,252.6,101.04,67.36,2020.8
1,22,3,4,155,49,1187.75,282.091,112.836,75.224,2256.724
1,23,4,0,155,67,1362.75,204.412,81.765,54.51,1635.298
1,36,3,0,140,86,1394,209.1,83.64,55.76,1672.8
1,30,3,0,152,95,1589,238.35,95.34,63.56,1906.8
0,22,3,0,165,98,1906.25,285.938,114.375,76.25,2287.502
1,23,3,0,155,42,1112.75,166.912,66.765,44.51,1335.298
1,23,3,0,160,90,1624,243.6,97.44,64.96,1948.8
0,24,3,0,168,116,2095,314.25,125.7,83.8,2514
0,24,3,0,163,110,2003.75,300.562,120.225,80.15,2404.498
0,22,2,0,163,55,1463.75,219.562,87.825,58.55,1756.498
0,22,2,1,175,65,1638.75,281.66,112.664,75.109,2253.277
0,25,3,0,173,54,1501.25,225.188,90.075,60.05,1801.502
1,39,3,0,137,80,1300.25,195.038,78.015,52.01,1560.302
0,25,3,0,168,50,1430,214.5,85.8,57.2,1716
0,21,3,0,168,76,1710,256.5,102.6,68.4,2052
1,22,3,1,163,50,1247.75,214.457,85.783,57.189,1715.661
0,21,3,3,175,80,1793.75,386.777,154.711,103.141,3094.221
0,21,3,0,178,72,1732.5,259.875,103.95,69.3,2079
1,24,2,0,152,65,1319,197.85,79.14,52.76,1582.8
0,22,3,2,168,66,1605,310.969,124.388,82.925,2487.753
0,24,4,4,165,70,1616.25,383.859,153.544,102.362,3070.87
1,22,3,2,170,70,1491.5,288.978,115.591,77.061,2311.825
0,27,3,0,175,116,2123.75,318.562,127.425,84.95,2548.498
1,23,3,0,152,43,1104,165.6,66.24,44.16,1324.8
0,22,2,2,175,60,1588.75,307.82,123.128,82.085,2462.557
1,21,2,1,142,55,1171.5,201.352,80.541,53.694,1610.818
1,22,4,0,152,50,1179,176.85,70.74,47.16,1414.8
0,20,2,0,168,70,1655,248.25,99.3,66.2,1986
0,23,3,0,170,56,1512.5,226.875,90.75,60.5,1815
1,28,4,0,157,95,1630.25,244.538,97.815,65.21,1956.302
1,29,3,0,168,108,1824,273.6,109.44,72.96,2188.8
1,30,3,0,140,85,1414,212.1,84.84,56.56,1696.8
1,28,3,0,157,76,1440.25,216.038,86.415,57.61,1728.302
0,28,2,1,175,82,1778.75,305.723,122.289,81.526,2445.782
0,25,2,0,168,95,1880,282,112.8,75.2,2256
0,30,3,1,175,107,2018.75,346.973,138.789,92.526,2775.782
0,22,3,1,178,89,1897.5,326.133,130.453,86.969,2609.065
0,21,3,0,173,51,1491.25,223.688,89.475,59.65,1789.502
0,29,3,0,155,108,1908.75,286.312,114.525,76.35,2290.498
0,25,3,0,155,103,1878.75,281.812,112.725,75.15,2254.498
0,40,3,0,157,90,1686.25,252.938,101.175,67.45,2023.502
0,21,3,0,173,110,2081.25,312.188,124.875,83.25,2497.502
1,24,4,2,152,54,1209,234.244,93.698,62.465,1873.953
0,24,3,4,170,81,1757.5,417.406,166.962,111.308,3339.244
0,35,3,0,163,111,1958.75,293.812,117.525,78.35,2350.498
1,22,2,1,155,95,1647.75,283.207,113.283,75.522,2265.658
0,23,3,0,165,109,2011.25,301.688,120.675,80.45,2413.502
0,30,3,0,165,98,1866.25,279.938,111.975,74.65,2239.502
1,46,4,0,147,72,1247.75,187.162,74.865,49.91,1497.298
0,26,3,2,173,93,1886.25,365.461,146.184,97.456,2923.684
1,49,2,0,157,68,1255.25,188.288,75.315,50.21,1506.302
0,21,3,4,175,75,1743.75,414.141,165.656,110.438,3313.13
1,20,4,0,155,54,1247.75,187.162,74.865,49.91,1497.298
0,18,4,0,165,112,2066.25,309.938,123.975,82.65,2479.502
0,34,3,0,165,50,1366.25,204.938,81.975,54.65,1639.502
0,25,3,0,183,68,1703.75,255.562,102.225,68.15,2044.498
1,24,4,0,157,72,1420.25,213.038,85.215,56.81,1704.302
1,21,2,4,157,58,1295.25,307.622,123.049,82.032,2460.972
0,28,3,1,173,90,1846.25,317.324,126.93,84.62,2538.596
0,26,3,0,175,108,2048.75,307.312,122.925,81.95,2458.498
0,23,3,1,168,92,1860,319.688,127.875,85.25,2557.502
0,20,2,1,163,68,1603.75,275.645,110.258,73.505,2205.157
0,52,3,0,168,50,1295,194.25,77.7,51.8,1554
0,27,3,0,165,72,1621.25,243.188,97.275,64.85,1945.502
0,21,3,1,170,85,1812.5,311.523,124.609,83.073,2492.185
1,25,2,0,157,75,1445.25,216.788,86.715,57.81,1734.302
1,16,3,0,152,48,1189,178.35,71.34,47.56,1426.8
1,22,3,0,170,58,1371.5,205.725,82.29,54.86,1645.8
0,27,4,1,180,109,2085,358.359,143.344,95.562,2866.87
1,45,2,1,142,57,1071.5,184.164,73.666,49.11,1473.31
0,23,4,3,178,110,2102.5,453.352,181.341,120.894,3626.818
0,24,4,0,178,126,2257.5,338.625,135.45,90.3,2709
1,20,3,0,163,49,1247.75,187.162,74.865,49.91,1497.298
1,29,2,0,152,76,1404,210.6,84.24,56.16,1684.8
0,46,3,0,168,52,1345,201.75,80.7,53.8,1614
1,35,2,0,155,77,1402.75,210.412,84.165,56.11,1683.298
1,20,2,1,163,63,1387.75,238.52,95.408,63.605,1908.157
1,27,3,0,152,74,1394,209.1,83.64,55.76,1672.8
0,22,3,0,160,108,1975,296.25,118.5,79,2370
0,34,4,0,160,96,1795,269.25,107.7,71.8,2154
1,23,3,0,140,72,1319,197.85,79.14,52.76,1582.8
0,27,3,0,170,51,1442.5,216.375,86.55,57.7,1731
1,28,3,0,145,87,1475.25,221.288,88.515,59.01,1770.302
0,23,3,2,168,74,1680,325.5,130.2,86.8,2604
1,22,2,0,160,63,1359,203.85,81.54,54.36,1630.8
0,25,2,0,173,73,1691.25,253.688,101.475,67.65,2029.502
0,25,3,0,157,89,1751.25,262.688,105.075,70.05,2101.502
1,21,2,1,147,40,1052.75,180.941,72.377,48.251,1447.531
0,23,4,1,175,66,1643.75,282.52,113.008,75.339,2260.163
1,21,3,0,155,56,1262.75,189.412,75.765,50.51,1515.298
0,21,3,0,165,56,1491.25,223.688,89.475,59.65,1789.502
0,22,2,0,168,56,1505,225.75,90.3,60.2,1806
0,43,4,1,178,90,1802.5,309.805,123.922,82.615,2478.443
0,23,3,1,170,75,1702.5,292.617,117.047,78.031,2340.935
1,21,2,0,135,45,1027.75,154.162,61.665,41.11,1233.298
0,23,3,0,170,74,1692.5,253.875,101.55,67.7,2031
1,28,3,0,157,45,1130.25,169.538,67.815,45.21,1356.302
0,22,3,0,163,110,2013.75,302.062,120.825,80.55,2416.498
0,23,3,1,168,67,1610,276.719,110.688,73.792,2213.756
1,20,3,0,157,42,1140.25,171.038,68.415,45.61,1368.302
0,18,3,2,165,47,1416.25,274.398,109.759,73.173,2195.185
0,28,3,0,170,53,1457.5,218.625,87.45,58.3,1749
0,27,3,0,163,45,1338.75,200.812,80.325,53.55,1606.498
1,58,2,0,160,78,1329,199.35,79.74,53.16,1594.8
0,24,3,0,165,119,2106.25,315.938,126.375,84.25,2527.502
0,23,3,0,178,73,1732.5,259.875,103.95,69.3,2079
0,29,3,0,173,51,1451.25,217.688,87.075,58.05,1741.502
1,23,3,0,163,50,1242.75,186.412,74.565,49.71,1491.298
1,27,4,0,165,100,1735.25,260.287,104.115,69.41,2082.298
1,23,4,0,163,91,1652.75,247.912,99.165,66.11,1983.298
1,18,3,0,145,72,1375.25,206.288,82.515,55.01,1650.302
0,23,3,0,163,49,1398.75,209.812,83.925,55.95,1678.498
1,18,3,0,163,45,1217.75,182.662,73.065,48.71,1461.298
1,41,3,0,145,101,1550.25,232.538,93.015,62.01,1860.302
0,24,3,1,170,58,1527.5,262.539,105.016,70.01,2100.31
1,22,3,1,173,80,1610.25,276.762,110.705,73.803,2214.095
0,21,3,1,165,104,1971.25,338.809,135.523,90.349,2710.469
1,18,4,0,155,83,1547.75,232.162,92.865,61.91,1857.298
1,30,3,0,160,45,1139,170.85,68.34,45.56,1366.8
1,24,2,0,155,63,1317.75,197.662,79.065,52.71,1581.298
0,26,2,0,168,89,1815,272.25,108.9,72.6,2178
0,17,3,4,168,55,1520,361,144.4,96.267,2888.003
1,22,3,0,152,75,1429,214.35,85.74,57.16,1714.8
0,25,3,0,168,117,2100,315,126,84,2520
0,29,3,0,165,97,1861.25,279.188,111.675,74.45,2233.502
0,23,3,2,165,65,1571.25,304.43,121.772,81.181,2435.437
0,23,3,0,157,45,1321.25,198.188,79.275,52.85,1585.502
1,49,3,0,157,45,1025.25,153.788,61.515,41.01,1230.302
1,27,3,0,168,45,1204,180.6,72.24,48.16,1444.8
1,16,4,0,160,60,1359,203.85,81.54,54.36,1630.8
0,22,2,0,165,63,1556.25,233.438,93.375,62.25,1867.502
1,55,3,0,142,110,1551.5,232.725,93.09,62.06,1861.8
0,30,4,0,165,107,1956.25,293.438,117.375,78.25,2347.502
1,47,3,0,160,105,1654,248.1,99.24,66.16,1984.8
0,17,3,1,168,70,1670,287.031,114.812,76.542,2296.25
0,29,3,0,165,98,1871.25,280.688,112.275,74.85,2245.502
0,37,4,0,165,102,1871.25,280.688,112.275,74.85,2245.502
1,22,3,0,135,71,1282.75,192.412,76.965,51.31,1539.298
1,25,3,0,155,87,1552.75,232.912,93.165,62.11,1863.298
1,22,3,2,130,57,1111.5,215.353,86.141,57.427,1722.819
1,39,2,1,152,63,1224,210.375,84.15,56.1,1683
0,25,3,2,180,65,1655,320.656,128.263,85.508,2565.248
1,22,4,0,160,60,1329,199.35,79.74,53.16,1594.8
0,35,3,0,173,55,1461.25,219.188,87.675,58.45,1753.502
0,22,2,4,180,81,1830,434.625,173.85,115.9,3477
0,20,3,0,173,68,1666.25,249.938,99.975,66.65,1999.502
0,39,3,0,152,92,1680,252,100.8,67.2,2016
0,25,2,0,168,65,1580,237,94.8,63.2,1896
0,15,3,0,165,78,1741.25,261.188,104.475,69.65,2089.502
0,18,3,0,163,43,1363.75,204.562,81.825,54.55,1636.498
1,22,2,4,160,70,1429,339.388,135.755,90.503,2715.099
0,34,4,0,163,99,1843.75,276.562,110.625,73.75,2212.498
0,23,2,2,180,63,1645,318.719,127.488,84.992,2549.756
0,23,3,1,170,65,1602.5,275.43,110.172,73.448,2203.44
0,23,2,0,165,75,1671.25,250.688,100.275,66.85,2005.502
1,50,3,0,163,49,1097.75,164.662,65.865,43.91,1317.298
0,22,3,2,173,75,1726.25,334.461,133.784,89.19,2675.69
0,24,3,0,165,88,1796.25,269.438,107.775,71.85,2155.502
0,22,3,1,180,98,2000,343.75,137.5,91.667,2750.003
1,22,2,0,168,150,2279,341.85,136.74,91.16,2734.8
0,23,2,0,175,56,1543.75,231.562,92.625,61.75,1852.498
1,23,3,0,157,45,1155.25,173.288,69.315,46.21,1386.302
0,22,3,0,170,76,1717.5,257.625,103.05,68.7,2061
0,25,3,0,178,132,2312.5,346.875,138.75,92.5,2775
0,48,3,0,173,55,1396.25,209.438,83.775,55.85,1675.502
0,43,3,0,155,87,1628.75,244.312,97.725,65.15,1954.498
1,22,2,0,142,54,1156.5,173.475,69.39,46.26,1387.8
0,23,3,0,165,49,1411.25,211.688,84.675,56.45,1693.502
0,33,4,0,173,105,1971.25,295.688,118.275,78.85,2365.502
1,36,3,0,142,92,1466.5,219.975,87.99,58.66,1759.8
1,23,3,0,165,57,1325.25,198.788,79.515,53.01,1590.302
1,29,3,0,142,92,1501.5,225.225,90.09,60.06,1801.8
0,21,4,4,168,69,1640,389.5,155.8,103.867,3116.003
0,22,2,0,165,53,1456.25,218.438,87.375,58.25,1747.502
0,47,2,0,157,67,1421.25,213.188,85.275,56.85,1705.502
1,22,3,0,160,42,1149,172.35,68.94,45.96,1378.8
1,23,2,0,163,58,1322.75,198.412,79.365,52.91,1587.298
1,35,3,0,142,73,1281.5,192.225,76.89,51.26,1537.8
0,22,3,4,168,80,1745,414.438,165.775,110.517,3315.505
0,40,3,0,173,54,1426.25,213.938,85.575,57.05,1711.502
0,22,3,1,165,55,1476.25,253.73,101.492,67.661,2029.837
1,39,3,0,163,49,1152.75,172.912,69.165,46.11,1383.298
0,33,3,0,163,99,1848.75,277.312,110.925,73.95,2218.498
0,36,2,3,168,85,1725,371.953,148.781,99.188,2975.628
0,23,4,1,175,98,1963.75,337.52,135.008,90.005,2700.157
0,27,2,0,168,50,1420,213,85.2,56.8,1704
1,21,2,0,157,58,1295.25,194.288,77.715,51.81,1554.302
0,22,2,0,165,78,1706.25,255.938,102.375,68.25,2047.502
0,23,2,1,173,80,1771.25,304.434,121.773,81.182,2435.466
0,21,3,0,183,70,1743.75,261.562,104.625,69.75,2092.498
0,22,3,0,188,98,2050,307.5,123,82,2460
0,32,4,0,163,99,1853.75,278.062,111.225,74.15,2224.498
1,18,3,0,163,50,1267.75,190.162,76.065,50.71,1521.298
1,27,3,0,137,72,1280.25,192.038,76.815,51.21,1536.302
0,23,3,4,175,60,1583.75,376.141,150.456,100.304,3009.124
0,19,2,0,180,86,1895,284.25,113.7,75.8,2274
0,50,4,0,155,88,1603.75,240.562,96.225,64.15,1924.498
1,20,4,0,132,76,1324,198.6,79.44,52.96,1588.8
0,22,2,0,180,97,1990,298.5,119.4,79.6,2388
1,21,4,0,152,62,1304,195.6,78.24,52.16,1564.8
0,23,3,0,168,46,1400,210,84,56,1680
0,22,3,0,165,113,2056.25,308.438,123.375,82.25,2467.502
1,26,3,0,145,85,1465.25,219.788,87.915,58.61,1758.302
0,25,3,0,160,42,1300,195,78,52,1560
0,24,2,1,163,70,1603.75,275.645,110.258,73.505,2205.157
1,23,2,0,165,111,1865.25,279.787,111.915,74.61,2238.298
1,22,3,0,160,38,1109,166.35,66.54,44.36,1330.8
1,21,4,1,175,70,1527.75,262.582,105.033,70.022,2100.658
0,20,3,0,173,53,1516.25,227.438,90.975,60.65,1819.502
0,22,3,0,175,69,1678.75,251.812,100.725,67.15,2014.498
0,21,3,0,178,120,2212.5,331.875,132.75,88.5,2655
0,23,2,1,163,89,1798.75,309.16,123.664,82.443,2473.283
0,24,3,0,165,119,2106.25,315.938,126.375,84.25,2527.502
0,23,4,0,165,57,1491.25,223.688,89.475,59.65,1789.502
1,23,2,1,160,63,1354,232.719,93.088,62.058,1861.75
1,19,3,0,152,72,1414,212.1,84.84,56.56,1696.8
1,22,2,2,160,62,1349,261.369,104.548,69.698,2090.95
0,22,3,0,163,47,1383.75,207.562,83.025,55.35,1660.498
0,22,2,1,163,86,1773.75,304.863,121.945,81.297,2438.905
0,29,4,0,170,104,1962.5,294.375,117.75,78.5,2355
1,45,2,0,157,88,1475.25,221.288,88.515,59.01,1770.302
0,23,2,0,173,67,1641.25,246.188,98.475,65.65,1969.502
0,28,3,0,152,88,1695,254.25,101.7,67.8,2034
0,21,2,0,157,66,1541.25,231.188,92.475,61.65,1849.502
1,52,4,0,152,69,1219,182.85,73.14,48.76,1462.8
1,23,3,0,157,78,1485.25,222.788,89.115,59.41,1782.302
0,26,4,2,175,105,2018.75,391.133,156.453,104.302,3129.062
0,31,3,0,160,117,2020,303,121.2,80.8,2424
1,21,3,0,163,46,1212.75,181.912,72.765,48.51,1455.298
0,21,4,0,168,62,1570,235.5,94.2,62.8,1884
0,23,2,1,168,91,1850,317.969,127.188,84.792,2543.756
0,22,3,0,170,85,1807.5,271.125,108.45,72.3,2169
1,20,3,0,163,85,1607.75,241.162,96.465,64.31,1929.298
1,28,3,0,155,75,1417.75,212.662,85.065,56.71,1701.298
1,27,3,0,152,95,1604,240.6,96.24,64.16,1924.8
0,18,2,0,163,79,1723.75,258.562,103.425,68.95,2068.498
0,22,2,0,175,80,1788.75,268.312,107.325,71.55,2146.498
1,23,2,4,157,55,1255.25,298.122,119.249,79.499,2384.975
0,28,3,0,168,60,1515,227.25,90.9,60.6,1818
0,20,2,1,165,77,1706.25,293.262,117.305,78.203,2346.095
0,28,3,0,170,50,1427.5,214.125,85.65,57.1,1713
0,25,3,0,157,45,1311.25,196.688,78.675,52.45,1573.502
0,21,3,2,165,60,1531.25,296.68,118.672,79.115,2373.443
1,28,3,0,140,71,1284,192.6,77.04,51.36,1540.8
0,19,4,0,168,105,2010,301.5,120.6,80.4,2412
0,23,4,1,180,70,1715,294.766,117.906,78.604,2358.124
1,31,3,3,150,50,1121.5,241.823,96.729,64.486,1934.582
1,48,3,0,140,71,1184,177.6,71.04,47.36,1420.8
1,24,3,1,152,65,1319,226.703,90.681,60.454,1813.622
1,21,4,0,145,80,1440.25,216.038,86.415,57.61,1728.302
1,33,3,0,155,100,1642.75,246.412,98.565,65.71,1971.298
1,37,3,0,155,98,1602.75,240.412,96.165,64.11,1923.298
1,16,3,0,160,80,1559,233.85,93.54,62.36,1870.8
0,23,3,1,170,100,1952.5,335.586,134.234,89.49,2684.69
0,22,3,1,180,65,1670,287.031,114.812,76.542,2296.25
0,30,3,0,173,63,1566.25,234.938,93.975,62.65,1879.502
1,49,4,0,157,83,1405.25,210.788,84.315,56.21,1686.302
1,56,2,0,155,62,1147.75,172.162,68.865,45.91,1377.298
1,23,3,0,155,98,1672.75,250.912,100.365,66.91,2007.298
1,32,4,2,140,56,1114,215.838,86.335,57.557,1726.705
0,25,3,0,173,51,1471.25,220.688,88.275,58.85,1765.502
1,22,3,0,145,66,1295.25,194.288,77.715,51.81,1554.302
1,30,3,0,163,45,1157.75,173.662,69.465,46.31,1389.298
0,20,3,0,157,88,1766.25,264.938,105.975,70.65,2119.502
0,27,3,0,173,94,1891.25,283.688,113.475,75.65,2269.502
1,28,4,0,142,79,1376.5,206.475,82.59,55.06,1651.8
1,21,3,0,157,56,1275.25,191.288,76.515,51.01,1530.302
1,22,2,1,157,50,1210.25,208.012,83.205,55.47,1664.098
1,18,4,0,160,78,1529,229.35,91.74,61.16,1834.8
0,23,2,4,175,78,1763.75,418.891,167.556,111.704,3351.124
0,21,2,0,160,42,1320,198,79.2,52.8,1584
1,21,2,0,152,64,1324,198.6,79.44,52.96,1588.8
1,23,2,0,155,79,1482.75,222.412,88.965,59.31,1779.298
0,28,4,0,157,87,1716.25,257.438,102.975,68.65,2059.502
0,25,3,0,160,105,1930,289.5,115.8,77.2,2316
1,28,3,0,142,88,1466.5,219.975,87.99,58.66,1759.8
0,26,4,2,142,65,1412.5,273.672,109.469,72.979,2189.375
0,23,3,0,173,101,1981.25,297.188,118.875,79.25,2377.502
0,22,3,0,165,55,1476.25,221.438,88.575,59.05,1771.502
0,22,2,1,170,56,1517.5,260.82,104.328,69.552,2086.56
1,23,3,0,155,89,1582.75,237.412,94.965,63.31,1899.298
1,23,2,0,155,40,1092.75,163.912,65.565,43.71,1311.298
0,23,3,0,165,115,2071.25,310.688,124.275,82.85,2485.502
1,31,2,0,152,73,1364,204.6,81.84,54.56,1636.8
0,23,3,3,180,93,1945,419.391,167.756,111.837,3355.121
0,59,2,4,168,80,1560,370.5,148.2,98.8,2964
0,70,2,0,168,77,1475,221.25,88.5,59,1770
0,22,2,0,185,87,1921.25,288.188,115.275,76.85,2305.502
0,17,3,0,170,68,1662.5,249.375,99.75,66.5,1995
0,21,3,0,175,70,1693.75,254.062,101.625,67.75,2032.498
0,26,4,0,163,103,1923.75,288.562,115.425,76.95,2308.498
0,34,3,0,152,83,1615,242.25,96.9,64.6,1938
1,20,4,0,152,48,1169,175.35,70.14,46.76,1402.8
0,24,3,0,163,42,1323.75,198.562,79.425,52.95,1588.498
1,27,3,0,165,87,1605.25,240.788,96.315,64.21,1926.302
0,22,4,0,165,50,1426.25,213.938,85.575,57.05,1711.502
1,49,3,0,145,100,1500.25,225.038,90.015,60.01,1800.302
0,21,2,0,163,55,1468.75,220.312,88.125,58.75,1762.498
0,26,3,1,170,69,1627.5,279.727,111.891,74.594,2237.818
0,26,2,1,168,92,1845,317.109,126.844,84.562,2536.87
0,25,3,0,155,114,1988.75,298.312,119.325,79.55,2386.498
0,28,3,0,160,50,1365,204.75,81.9,54.6,1638
0,29,3,0,173,52,1461.25,219.188,87.675,58.45,1753.502
0,20,3,0,165,41,1346.25,201.938,80.775,53.85,1615.502
0,21,3,0,180,83,1855,278.25,111.3,74.2,2226
1,24,3,0,160,47,1189,178.35,71.34,47.56,1426.8
0,25,4,0,168,102,1950,292.5,117,78,2340
0,22,3,0,168,70,1645,246.75,98.7,65.8,1974
0,20,3,0,168,45,1405,210.75,84.3,56.2,1686
0,20,3,0,170,52,1487.5,223.125,89.25,59.5,1785
1,22,3,0,165,52,1280.25,192.038,76.815,51.21,1536.302
1,27,3,0,157,77,1455.25,218.288,87.315,58.21,1746.302
0,36,4,0,157,89,1696.25,254.438,101.775,67.85,2035.502
1,25,3,0,163,42,1152.75,172.912,69.165,46.11,1383.298
1,22,2,0,155,64,1337.75,200.662,80.265,53.51,1605.298
0,16,3,1,173,85,1856.25,319.043,127.617,85.078,2552.342
0,24,3,0,168,59,1525,228.75,91.5,61,1830
1,36,3,0,152,82,1429,214.35,85.74,57.16,1714.8
1,34,4,0,155,46,1097.75,164.662,65.865,43.91,1317.298
1,22,3,0,160,80,1529,229.35,91.74,61.16,1834.8
1,20,3,1,168,85,1639,281.703,112.681,75.121,2253.625
1,30,3,0,145,74,1335.25,200.288,80.115,53.41,1602.302
1,22,2,0,160,51,1239,185.85,74.34,49.56,1486.8
0,38,3,0,160,91,1725,258.75,103.5,69,2070
0,28,3,0,157,90,1746.25,261.938,104.775,69.85,2095.502
0,23,2,1,168,88,1820,312.812,125.125,83.417,2502.501
1,22,2,0,163,56,1307.75,196.162,78.465,52.31,1569.298
1,26,2,0,142,60,1196.5,179.475,71.79,47.86,1435.8
0,29,3,0,152,79,1600,240,96,64,1920
0,33,3,0,168,49,1380,207,82.8,55.2,1656
0,25,3,0,168,126,2190,328.5,131.4,87.6,2628
1,21,3,0,163,40,1152.75,172.912,69.165,46.11,1383.298
0,23,3,0,160,81,1700,255,102,68,2040
1,27,3,0,168,56,1314,197.1,78.84,52.56,1576.8
0,28,3,0,183,140,2408.75,361.312,144.525,96.35,2890.498
1,21,3,0,160,56,1294,194.1,77.64,51.76,1552.8
1,24,3,4,160,63,1349,320.388,128.155,85.437,2563.105
1,25,3,2,165,70,1445.25,280.017,112.007,74.671,2240.135
0,43,2,0,160,68,1470,220.5,88.2,58.8,1764
0,35,2,0,165,49,1351.25,202.688,81.075,54.05,1621.502
0,30,3,0,170,94,1857.5,278.625,111.45,74.3,2229
0,22,3,0,168,65,1595,239.25,95.7,63.8,1914
1,41,3,0,140,70,1209,181.35,72.54,48.36,1450.8
1,20,3,2,165,65,1420.25,275.173,110.069,73.38,2201.388
1,22,3,0,145,88,1515.25,227.288,90.915,60.61,1818.302
1,21,3,2,157,52,1235.25,239.33,95.732,63.821,1914.637
0,24,2,1,173,95,1916.25,329.355,131.742,87.828,2634.84
0,26,2,0,170,91,1847.5,277.125,110.85,73.9,2217
1,25,2,0,165,58,1325.25,198.788,79.515,53.01,1590.302
0,23,2,4,180,65,1665,395.438,158.175,105.45,3163.502
1,27,3,0,160,94,1644,246.6,98.64,65.76,1972.8
1,24,3,0,152,98,1649,247.35,98.94,65.96,1978.8
1,27,2,0,157,74,1425.25,213.788,85.515,57.01,1710.302
0,38,3,0,173,108,1976.25,296.438,118.575,79.05,2371.502
0,31,3,0,165,47,1351.25,202.688,81.075,54.05,1621.502
0,21,3,0,170,111,2072.5,310.875,124.35,82.9,2487
0,23,3,1,183,86,1893.75,325.488,130.195,86.797,2603.905
0,23,3,1,175,66,1643.75,282.52,113.008,75.339,2260.163
0,23,3,0,163,45,1358.75,203.812,81.525,54.35,1630.498
0,22,3,0,185,84,1891.25,283.688,113.475,75.65,2269.502
0,22,2,0,168,50,1445,216.75,86.7,57.8,1734
0,23,2,0,180,79,1805,270.75,108.3,72.2,2166
0,29,2,1,168,64,1550,266.406,106.562,71.042,2131.25
0,21,2,4,165,73,1661.25,394.547,157.819,105.212,3156.372
0,24,3,0,157,114,2006.25,300.938,120.375,80.25,2407.502
1,39,3,0,163,47,1132.75,169.912,67.965,45.31,1359.298
1,25,4,0,168,64,1404,210.6,84.24,56.16,1684.8
1,18,3,1,165,47,1250.25,214.887,85.955,57.303,1719.095
0,22,3,0,178,92,1927.5,289.125,115.65,77.1,2313
0,16,3,4,173,81,1816.25,431.359,172.544,115.029,3450.873
1,27,2,0,152,63,1284,192.6,77.04,51.36,1540.8
1,53,3,0,152,76,1284,192.6,77.04,51.36,1540.8
0,23,3,0,170,63,1582.5,237.375,94.95,63.3,1899
1,38,3,0,152,96,1559,233.85,93.54,62.36,1870.8
0,23,3,0,165,87,1791.25,268.688,107.475,71.65,2149.502
1,51,2,0,157,78,1345.25,201.788,80.715,53.81,1614.302
0,30,2,1,173,99,1926.25,331.074,132.43,88.286,2648.59
1,21,3,0,160,58,1314,197.1,78.84,52.56,1576.8
1,26,2,3,157,59,1280.25,276.054,110.422,73.614,2208.43
1,45,3,0,142,110,1601.5,240.225,96.09,64.06,1921.8
1,27,2,0,157,75,1435.25,215.288,86.115,57.41,1722.302
1,28,2,0,163,55,1267.75,190.162,76.065,50.71,1521.298
0,21,3,0,168,45,1400,210,84,56,1680
0,23,4,0,168,84,1780,267,106.8,71.2,2136
0,22,4,0,157,88,1756.25,263.438,105.375,70.25,2107.502
0,26,3,2,178,76,1747.5,338.578,135.431,90.288,2708.628
0,24,2,0,180,80,1810,271.5,108.6,72.4,2172
1,23,2,0,152,65,1324,198.6,79.44,52.96,1588.8
0,20,2,0,180,76,1790,268.5,107.4,71.6,2148
0,22,3,0,168,52,1465,219.75,87.9,58.6,1758
0,22,3,1,178,73,1737.5,298.633,119.453,79.635,2389.059
1,24,3,0,163,54,1277.75,191.662,76.665,51.11,1533.298
0,50,3,0,173,110,1936.25,290.438,116.175,77.45,2323.502
0,19,4,3,173,73,1721.25,371.145,148.458,98.972,2969.16
0,37,3,0,155,88,1668.75,250.312,100.125,66.75,2002.498
1,25,3,0,145,93,1550.25,232.538,93.015,62.01,1860.302
0,23,3,0,168,47,1410,211.5,84.6,56.4,1692
1,27,3,0,152,71,1364,204.6,81.84,54.56,1636.8
0,22,4,0,160,98,1875,281.25,112.5,75,2250
1,40,4,0,145,75,1295.25,194.288,77.715,51.81,1554.302
0,23,3,0,173,75,1721.25,258.188,103.275,68.85,2065.502
0,21,3,0,180,69,1715,257.25,102.9,68.6,2058
1,33,3,0,152,99,1614,242.1,96.84,64.56,1936.8
0,28,2,0,165,50,1396.25,209.438,83.775,55.85,1675.502
1,29,3,3,157,68,1355.25,292.226,116.89,77.927,2337.807
0,25,3,4,165,80,1711.25,406.422,162.569,108.379,3251.375
1,22,3,0,145,65,1285.25,192.788,77.115,51.41,1542.302
0,25,3,0,160,41,1290,193.5,77.4,51.6,1548
1,49,3,1,165,47,1095.25,188.246,75.298,50.199,1505.967
1,31,2,0,155,77,1422.75,213.412,85.365,56.91,1707.298
0,25,2,2,163,75,1648.75,319.445,127.778,85.185,2555.557
0,27,4,4,170,48,1412.5,335.469,134.188,89.458,2683.75
0,22,2,1,175,120,2188.75,376.191,150.477,100.318,3009.534
1,22,3,1,163,56,1307.75,224.77,89.908,59.939,1798.163
0,30,3,0,175,128,2228.75,334.312,133.725,89.15,2674.498
1,25,4,0,152,93,1594,239.1,95.64,63.76,1912.8
1,22,3,1,163,85,1597.75,274.613,109.845,73.23,2196.902
1,26,2,3,165,70,1440.25,310.554,124.222,82.814,2484.43
0,23,3,0,165,85,1771.25,265.688,106.275,70.85,2125.502
0,23,3,1,175,78,1763.75,303.145,121.258,80.839,2425.163
1,15,3,2,163,52,1302.75,252.408,100.963,67.309,2019.265
1,43,2,1,135,77,1237.75,212.738,85.095,56.73,1701.902
1,35,4,2,165,70,1395.25,270.33,108.132,72.088,2162.64
0,25,3,0,163,110,1998.75,299.812,119.925,79.95,2398.498
1,21,2,0,165,69,1455.25,218.288,87.315,58.21,1746.302
0,25,3,0,157,102,1881.25,282.188,112.875,75.25,2257.502
1,21,3,0,155,80,1502.75,225.412,90.165,60.11,1803.298
0,25,4,3,165,65,1561.25,336.645,134.658,89.772,2693.16
0,25,3,0,165,117,2081.25,312.188,124.875,83.25,2497.502
0,30,4,0,157,89,1726.25,258.938,103.575,69.05,2071.502
0,28,4,0,157,94,1786.25,267.938,107.175,71.45,2143.502
0,24,3,0,155,112,1973.75,296.062,118.425,78.95,2368.498
1,26,3,2,168,65,1409,272.994,109.198,72.798,2183.95
0,24,2,0,165,91,1826.25,273.938,109.575,73.05,2191.502
0,33,3,0,165,50,1371.25,205.688,82.275,54.85,1645.502
0,20,2,0,155,43,1303.75,195.562,78.225,52.15,1564.498
1,26,3,0,142,95,1546.5,231.975,92.79,61.86,1855.8
1,21,3,2,152,43,1114,215.838,86.335,57.557,1726.705
1,20,2,1,147,36,1017.75,174.926,69.97,46.647,1399.407
0,24,3,0,165,119,2106.25,315.938,126.375,84.25,2527.502
1,32,3,0,163,46,1157.75,173.662,69.465,46.31,1389.298
0,65,3,4,165,67,1381.25,328.047,131.219,87.479,2624.375
0,24,3,0,165,47,1386.25,207.938,83.175,55.45,1663.502
0,53,3,0,160,85,1590,238.5,95.4,63.6,1908
0,23,4,2,178,90,1902.5,368.609,147.444,98.296,2948.876
1,22,4,0,155,85,1547.75,232.162,92.865,61.91,1857.298
1,32,2,0,145,63,1215.25,182.288,72.915,48.61,1458.302
1,38,3,0,155,75,1367.75,205.162,82.065,54.71,1641.298
0,25,3,0,165,112,2031.25,304.688,121.875,81.25,2437.502
1,20,3,0,145,71,1355.25,203.288,81.315,54.21,1626.302
0,27,3,2,168,63,1550,300.312,120.125,80.083,2402.495
1,23,3,0,168,46,1234,185.1,74.04,49.36,1480.8
0,24,2,0,163,45,1353.75,203.062,81.225,54.15,1624.498
0,25,3,2,170,80,1742.5,337.609,135.044,90.029,2700.873
0,22,3,1,180,80,1820,312.812,125.125,83.417,2502.501
0,24,3,0,178,92,1917.5,287.625,115.05,76.7,2301
1,24,3,2,160,60,1319,255.556,102.223,68.148,2044.448
0,22,3,0,173,51,1486.25,222.938,89.175,59.45,1783.502
1,21,3,3,155,57,1272.75,274.437,109.775,73.183,2195.495
1,40,3,1,173,67,1390.25,238.949,95.58,63.72,1911.596
0,22,2,0,163,82,1733.75,260.062,104.025,69.35,2080.498
0,22,3,0,157,114,2016.25,302.438,120.975,80.65,2419.502
0,22,3,0,175,78,1768.75,265.312,106.125,70.75,2122.498
0,50,3,0,163,60,1373.75,206.062,82.425,54.95,1648.498
1,21,3,0,163,45,1202.75,180.412,72.165,48.11,1443.298
1,22,3,0,168,49,1269,190.35,76.14,50.76,1522.8
1,21,2,0,163,65,1402.75,210.412,84.165,56.11,1683.298
1,26,3,1,160,46,1169,200.922,80.369,53.579,1607.375
1,25,3,0,145,90,1520.25,228.038,91.215,60.81,1824.302
0,25,3,0,168,40,1330,199.5,79.8,53.2,1596
0,28,3,1,178,126,2237.5,384.57,153.828,102.552,3076.56
0,30,2,0,168,47,1375,206.25,82.5,55,1650
0,24,3,0,165,98,1896.25,284.438,113.775,75.85,2275.502
0,23,3,0,165,45,1371.25,205.688,82.275,54.85,1645.502
0,24,3,0,157,100,1866.25,279.938,111.975,74.65,2239.502
0,22,3,0,173,86,1836.25,275.438,110.175,73.45,2203.502
0,46,3,0,170,53,1367.5,205.125,82.05,54.7,1641
0,25,3,0,157,103,1891.25,283.688,113.475,75.65,2269.502
1,32,3,0,152,40,1029,154.35,61.74,41.16,1234.8
0,23,2,0,165,65,1571.25,235.688,94.275,62.85,1885.502
1,37,3,0,157,79,1425.25,213.788,85.515,57.01,1710.302
0,25,3,0,173,63,1591.25,238.688,95.475,63.65,1909.502
0,27,3,0,170,98,1912.5,286.875,114.75,76.5,2295
1,22,3,0,157,48,1190.25,178.538,71.415,47.61,1428.302
0,22,2,1,145,69,1491.25,256.309,102.523,68.349,2050.469
1,22,3,0,168,73,1509,226.35,90.54,60.36,1810.8
0,23,3,1,160,85,1740,299.062,119.625,79.75,2392.498
1,29,3,0,152,77,1414,212.1,84.84,56.56,1696.8
0,28,2,0,165,50,1396.25,209.438,83.775,55.85,1675.502
0,23,3,0,178,87,1872.5,280.875,112.35,74.9,2247
0,23,4,4,180,89,1905,452.438,180.975,120.65,3619.502
0,21,2,0,168,55,1500,225,90,60,1800
0,22,2,0,170,99,1947.5,292.125,116.85,77.9,2337
0,24,3,0,170,99,1937.5,290.625,116.25,77.5,2325
0,23,2,0,165,50,1421.25,213.188,85.275,56.85,1705.502
1,38,3,0,137,91,1415.25,212.288,84.915,56.61,1698.302
0,22,3,0,168,45,1395,209.25,83.7,55.8,1674
0,22,3,0,173,70,1676.25,251.438,100.575,67.05,2011.502
1,22,3,4,152,47,1149,272.888,109.155,72.77,2183.102
0,28,3,0,168,72,1635,245.25,98.1,65.4,1962
0,20,4,0,178,84,1857.5,278.625,111.45,74.3,2229
0,30,3,1,168,85,1755,301.641,120.656,80.438,2413.13
1,27,3,0,163,70,1422.75,213.412,85.365,56.91,1707.298
0,29,2,0,163,45,1328.75,199.312,79.725,53.15,1594.498
0,24,2,0,165,75,1666.25,249.938,99.975,66.65,1999.502
0,24,3,0,163,43,1333.75,200.062,80.025,53.35,1600.498
1,27,3,0,145,95,1560.25,234.038,93.615,62.41,1872.302
0,23,3,0,173,62,1591.25,238.688,95.475,63.65,1909.502
0,23,2,0,160,76,1650,247.5,99,66,1980
0,25,4,0,163,97,1868.75,280.312,112.125,74.75,2242.498
0,29,2,0,168,91,1820,273,109.2,72.8,2184
1,23,2,0,155,42,1112.75,166.912,66.765,44.51,1335.298
0,27,3,0,170,78,1712.5,256.875,102.75,68.5,2055
0,23,2,1,163,79,1698.75,291.973,116.789,77.859,2335.779
1,33,2,0,155,69,1332.75,199.912,79.965,53.31,1599.298
0,22,2,0,180,65,1670,250.5,100.2,66.8,2004
0,43,3,4,175,90,1783.75,423.641,169.456,112.971,3389.127
1,22,3,0,170,73,1521.5,228.225,91.29,60.86,1825.8
0,23,3,1,173,55,1521.25,261.465,104.586,69.724,2091.72
1,45,2,0,155,65,1232.75,184.912,73.965,49.31,1479.298
0,24,3,0,163,45,1353.75,203.062,81.225,54.15,1624.498
0,24,3,0,163,109,1993.75,299.062,119.625,79.75,2392.498
1,20,3,1,157,52,1240.25,213.168,85.267,56.845,1705.345
0,21,3,0,175,71,1703.75,255.562,102.225,68.15,2044.498
0,22,4,0,175,115,2138.75,320.812,128.325,85.55,2566.498
1,35,3,0,130,68,1156.5,173.475,69.39,46.26,1387.8
1,25,3,0,152,93,1594,239.1,95.64,63.76,1912.8
0,24,3,0,163,115,2053.75,308.062,123.225,82.15,2464.498
0,19,3,0,152,94,1800,270,108,72,2160
0,22,2,0,168,70,1645,246.75,98.7,65.8,1974
0,23,3,0,160,40,1290,193.5,77.4,51.6,1548
0,23,3,0,168,119,2130,319.5,127.8,85.2,2556
0,25,2,1,165,90,1811.25,311.309,124.523,83.016,2490.472
1,22,3,0,142,83,1446.5,216.975,86.79,57.86,1735.8
1,28,3,0,145,95,1555.25,233.288,93.315,62.21,1866.302
1,34,3,3,163,68,1367.75,294.921,117.968,78.646,2359.37
1,36,3,0,142,96,1506.5,225.975,90.39,60.26,1807.8
1,21,3,4,155,48,1182.75,280.903,112.361,74.907,2247.219
1,22,2,3,165,65,1410.25,304.085,121.634,81.089,2432.677
1,20,2,0,165,70,1470.25,220.538,88.215,58.81,1764.302
0,17,4,4,170,56,1542.5,366.344,146.538,97.692,2930.756
1,42,2,0,155,64,1237.75,185.662,74.265,49.51,1485.298
0,20,4,1,178,67,1687.5,290.039,116.016,77.344,2320.316
0,23,3,1,170,92,1872.5,321.836,128.734,85.823,2574.687
0,23,2,4,178,72,1722.5,409.094,163.638,109.092,3272.756
0,28,3,2,173,75,1696.25,328.648,131.459,87.64,2629.188
1,21,3,1,157,57,1285.25,220.902,88.361,58.907,1767.215
0,20,4,0,178,85,1867.5,280.125,112.05,74.7,2241
0,32,3,0,160,118,2025,303.75,121.5,81,2430
0,25,3,0,163,102,1918.75,287.812,115.125,76.75,2302.498
1,43,2,0,165,87,1525.25,228.788,91.515,61.01,1830.302
0,24,3,2,175,85,1828.75,354.32,141.728,94.485,2834.557
0,20,3,0,168,51,1465,219.75,87.9,58.6,1758
1,18,3,0,165,85,1630.25,244.538,97.815,65.21,1956.302
0,23,2,0,183,99,2023.75,303.562,121.425,80.95,2428.498
0,23,3,2,178,63,1632.5,316.297,126.519,84.346,2530.378
0,37,3,0,157,102,1821.25,273.188,109.275,72.85,2185.502
0,20,3,0,170,45,1417.5,212.625,85.05,56.7,1701
0,23,2,3,170,68,1632.5,352.008,140.803,93.869,2816.065
0,22,3,2,176,78,1782,154,92,104,1920
0,21,3,0,160,113,2021.6,371,149,99,2971
1,24,3,0,160,60,1333.7,207,74,34.46,1434
1,20,2,0,150,59,1308.8,272,76,52,1860
1,21,2,4,158,57,1287.6,170,92,44,1444
1,24,3,4,165,51,1273.7,146,56,50,1258
0,30,3,0,172,52,1456,174,102,49,1545
1,19,4,0,137,71,1349.3,142,88,67,1523
1,35,3,0,156,40,1010.1,129.225,63,41,1138
1,48,3,4,156,66,1205.2,198,58,45,1429
0,21,2,1,161,45,1400,132,79,60,1384
1,18,3,1,170,109,1905.1,262,140,106,2562
0,29,3,1,175,94,1874.5,326,111,94,2594
1,21,3,0,169,84,1587.2,219,132,71,2043
1,31,3,0,138,84,1384.8,249,102,56,1908
0,22,3,0,165,44,1306.4,178,74,42,1386
0,24,2,0,166,92,1863.9,391,133,48,2528
0,53,3,0,168,52,1283.2,259,81,36,1684
1,23,3,0,154,43,1109.3,194,51.69,45,1388
0,26,3,0,169,49,1396.5,227,78,52,1688
0,25,3,0,162,110,1944.9,349,89,58,2274
0,40,3,0,163,100,1858.6,277,161,89,2553
0,28,3,0,166,51,1356.9,210,88,49,1633
1,49,3,0,140,72,1177.3,213,73,70,1774
0,23,3,0,177,84,1796.3,142,77,82,1614
1,27,2,0,165,69,1390.4,198,93,51,1623
1,23,3,1,158,90,1599.3,247,99,50,1834
0,23,2,4,165,63,1477.1,168,115,49,1573
0,24,3,0,161,107,1976.2,332,142,71,2535
0,23,3,0,169,83,1759.5,315,131,68,2396
1,45,3,0,141,107,1552.6,263,86,84,2152
0,25,2,0,159,91,1779,193,116,72,1884
0,38,3,0,157,102,1829.9,287,133,66,2274
0,22,2,2,160,66,1590.3,188,91,56,1620
1,26,3,0,152,94,1607.3,285,101,56,2048
0,27,4,4,170,46,1385.8,225,74,38,1538
1,21,4,2,165,76,1519.1,176,88,68,1668
0,24,2,2,169,84,1787.4,299,132,58,2246
0,24,3,0,178,91,1897.1,349,116,70,2490
0,26,2,0,170,47,1385.6,214,73,40,1508
0,26,3,0,171,102,1980.9,297,142,73,2413
1,26,2,0,155,47,1108.1,129.225,60,34.46,1067
1,28,3,0,156,92,1606.4,315,92,85,2393
0,22,3,0,157,120,2092.5,397,139,75,2819
1,39,4,0,143,74,1287.6,201,75,38,1446
0,26,3,0,173,53,1477,233,72,47,1643
1,22,2,0,155,45,1153.2,160,51.69,36,1171
0,21,3,1,178,74,1763.9,228,98,57,1817
0,19,4,0,170,105,2048.4,353,147,91,2819
1,35,3,0,142,101,1531.7,213,139,68,2020
0,28,3,0,170,50,1414.6,135,98,45,1337
0,24,3,0,164,44,1317,160,74,46,1350
0,30,3,1,166,98,1876.7,273,127,88,2392
0,40,4,0,165,106,1867.2,367,147,98,2938
0,26,3,0,173,53,1437,132,79,48,1276
0,25,3,0,163,119,2120.2,374,131,104,2956
0,24,4,0,166,57,1449.6,138,95,41,1301
0,18,2,4,186,87,1941.8,309,125,56,2240
1,23,2,1,164,49,1257.2,157,55,37,1181
0,24,3,0,163,45,1387.1,149,60,40,1196
1,22,3,0,157,89,1601.6,202,93,54,1666
1,27,3,4,144,96,1598,221,70,85,1929
1,22,4,0,155,56,1280.2,194,97,35,1479
0,24,3,0,160,94,1815.6,294,135,92,2544
1,30,3,0,167,79,1513.6,258,62,66,1874
0,32,3,0,163,48,1335.2,168,76,47,1399
0,24,3,0,166,49,1412.3,151,62,53,1329
0,18,2,1,160,73,1652.4,279,109,56,2056
0,23,3,0,170,75,1730.6,285,75,51,1899
1,50,3,0,155,108,1634.7,140,68,94,1678
1,25,3,0,152,99,1642.4,257,120,72,2156
0,23,2,2,173,74,1736.8,195,122,72,1916
1,20,3,1,157,53,1209.1,136,70,44,1220
0,21,2,0,169,71,1680.6,294,94,67,2155
0,20,3,0,167,44,1410.5,164,77,41,1333
0,20,2,0,163,79,1728.2,191,111,63,1775
0,25,3,0,168,115,2071,250,144,103,2503
1,21,3,2,154,56,1271.2,214,68,35,1443
0,25,2,0,169,89,1796.3,228,136,59,1987
1,47,3,4,156,64,1218.4,218,116,50,1786
0,24,3,0,166,51,1416.6,209,52,55,1539
1,15,3,2,161,52,1268.2,188,78,35,1379
1,24,2,0,143,54,1150.7,179,68,47,1411
0,30,2,0,164,51,1369.4,205,77,55,1623
0,29,3,0,168,71,1600.1,178,109,44,1544
0,26,3,0,168,53,1456.6,238,91,36,1640
0,36,3,0,154,119,1950.1,335,146,104,2860
0,24,3,0,163,106,1979.7,334,129,74,2518
0,24,3,1,170,88,1832.7,242,121,71,2091
0,23,2,0,178,79,1798.6,282,121,78,2314
1,21,3,0,152,66,1323.4,221,71,48,1600
1,19,3,2,166,67,1426.5,285,106,53,2041
0,44,3,0,168,109,1913.4,285,151,89,2545
0,18,2,0,161,71,1643.4,205,110,49,1701
1,24,3,1,165,49,1267.9,129.225,88,52,1337
1,27,4,0,153,84,1465.3,242,105,70,2018
0,30,3,0,164,79,1627.3,278,104,85,2293
1,15,3,2,163,50,1278.9,177,54,46,1338
1,24,3,4,165,54,1315,175,72,47,1411
1,23,3,0,161,63,1289.2,208,64,34.46,1398
1,21,3,0,160,55,1255.2,234,63,47,1611
0,19,3,0,167,68,1639.9,265,100,34.46,1770
1,18,2,0,155,83,1512.7,250,89,60,1896
0,21,2,0,184,86,1975.6,282,92,71,2135
1,59,2,1,142,60,1041.9,210,55,48,1492
0,20,3,0,173,51,1440.8,140,103,59,1503
0,17,2,1,169,72,1648.9,244,122,46,1878
1,22,3,0,153,95,1578.7,337,109,84,2540
1,21,2,4,155,47,1240.1,161,51.69,44,1247
1,24,2,0,162,58,1265,212,74,37,1477
1,23,4,4,147,58,1227,159,83,70,1598
0,23,3,0,163,44,1403.3,181,55,54,1430
1,22,3,1,163,56,1312.7,180,68,55,1487
0,24,3,0,168,95,1928.5,392,125,87,2851
1,21,2,0,168,69,1465.7,200,105,62,1778
0,51,3,0,169,51,1268,230,60,45,1565
0,25,3,0,169,60,1536.2,207,84,35,1479
1,25,3,0,140,72,1347.3,254,96,66,1994
0,24,2,4,175,59,1574.8,230,68,51,1651
1,48,3,0,152,82,1433,239,104,54,1858
1,22,3,0,157,50,1262.1,154,55,37,1169
1,29,3,0,163,46,1192.6,130,54,37,1069
0,26,3,0,159,46,1340.4,141,73,42,1234
0,23,3,2,166,65,1593.6,240,93,55,1827
1,22,3,0,158,47,1217,138,101,43,1343
1,23,2,4,152,50,1180.5,132,57,59,1287
0,23,3,1,174,51,1510.1,190,51.69,58,1489
0,22,4,4,167,70,1634,234,101,49,1781
1,25,3,0,157,63,1342.8,184,51.69,48,1375
0,24,3,2,171,70,1667,254,53,76,1912
0,25,2,4,183,74,1766.7,235,141,65,2089
0,23,3,4,168,92,1846.4,383,116,86,2770
0,23,4,0,172,81,1800.2,272,138,69,2261
1,27,4,0,169,69,1513,239,76,60,1800
0,28,3,1,164,93,1793.5,266,73,94,2202
0,29,3,0,165,98,1911.1,353,155,74,2698
1,35,3,4,160,45,1084.7,134,62,37,1117
0,27,3,0,169,64,1597.2,193,91,58,1658
0,56,2,0,155,88,1524.5,210,124,83,2083
1,26,2,0,157,74,1365.8,304,87,52,2032
1,40,3,0,138,70,1143.9,172,82,49,1457
0,22,2,0,167,84,1766.4,303,105,62,2190
1,18,2,0,152,52,1160,181,55,56,1448
0,22,2,0,179,75,1743.3,171,151,60,1828
0,23,3,0,162,99,1902.4,374,140,82,2794
0,23,3,3,176,79,1843.8,261,127,42,1930
1,33,3,0,143,95,1516,240,108,76,2076
0,20,2,1,166,69,1587.5,222,88,55,1735
0,24,3,1,168,65,1616.9,142,112,72,1664
0,22,2,0,168,46,1393.3,183,86,38,1418
0,45,3,2,170,90,1758.8,324,129,66,2406
0,29,3,0,173,56,1491.9,129.225,90,86,1651
0,22,3,2,171,73,1710.3,244,102,78,2086
0,19,2,1,165,72,1655.1,206,113,72,1924
1,46,3,1,144,58,1112.4,145,88,34.46,1242
0,23,4,0,171,66,1545.3,204,96,45,1605
1,26,2,0,159,55,1305.8,178,69,43,1375
0,20,2,1,162,68,1537.2,205,100,59,1751
0,21,2,1,169,86,1868.1,356,118,63,2463
0,23,4,2,165,67,1633,206,116,56,1792
0,22,4,4,182,69,1725.5,207,137,58,1898
0,21,3,0,163,47,1400.7,174,65,53,1433
0,28,3,0,167,101,1903,348,110,62,2390
0,30,2,0,167,97,1817.8,264,130,84,2332
1,19,3,0,153,79,1502.7,296,108,55,2111
0,22,3,0,177,69,1643.8,196,91,89,1949
1,23,2,0,154,40,1088.4,144,51.69,34.46,1093
1,30,4,0,173,65,1430.9,260,106,53,1941
0,34,4,1,158,96,1820,240,114,80,2136
0,23,3,0,172,69,1633.9,214,99,56,1756
1,20,2,2,165,76,1539.9,242,93,70,1970
0,34,3,0,160,108,1923.8,386,155,67,2767
1,44,3,0,162,47,1085.2,149,51.69,50,1253
0,26,3,0,158,89,1771.5,260,119,69,2137
0,25,2,2,160,43,1289.8,186,51.69,60,1491
1,46,2,0,158,44,1020.8,129.225,51.69,41,1093
1,28,2,1,164,47,1208,129.225,82,35,1160
0,22,3,3,178,90,1981.6,334,105,79,2467
0,20,3,0,169,62,1566.4,266,69,57,1853
0,23,3,0,168,84,1759.9,194,160,92,2244
1,25,3,0,163,46,1228.5,145,70,39,1211
0,22,3,1,173,55,1534,220,94,44,1652
1,21,3,0,157,81,1471.2,272,90,69,2069
1,20,3,0,169,48,1289.1,163,51.69,51,1318
0,42,3,4,175,90,1737.5,375,107,48,2360
1,40,2,1,152,64,1236.6,237,51.69,43,1542
0,23,3,0,168,58,1519.6,234,92,53,1781
1,25,3,1,146,93,1615.3,246,101,86,2162
1,22,2,0,142,54,1138.5,138,67,49,1261
1,49,2,0,158,68,1242.6,129.225,72,50,1255
1,52,3,0,152,82,1311.4,189,103,66,1762
0,20,2,2,166,72,1665,307,71,90,2322
0,24,3,1,176,64,1576.6,129.225,109,83,1700
0,23,3,0,183,67,1694.9,274,83,53,1905
0,27,4,0,163,103,1967.7,312,163,73,2557
0,25,3,0,169,118,2102.4,369,141,84,2796
1,21,3,0,162,45,1228.6,129.225,70,34.46,1107
1,26,2,2,155,65,1378.9,197,63,36,1364
0,25,3,1,171,71,1677.5,220,89,68,1848
0,33,4,0,176,108,2042.7,377,142,100,2976
0,24,4,2,170,72,1683.6,245,109,73,2073
1,34,3,0,159,47,1138.1,152,51.69,44,1211
1,49,3,0,167,51,1167.3,131,64,48,1212
0,21,3,4,163,85,1744.4,252,110,91,2267
0,19,2,0,169,71,1652.9,301,60,62,2002
1,30,3,3,146,93,1529.2,259,81,41,1729
0,21,2,1,171,76,1708.3,343,81,58,2218
0,62,3,4,163,57,1299.2,212,89,34.46,1514
0,24,3,0,174,86,1858.8,257,144,52,2072
1,23,4,0,151,53,1182.2,230,80,37,1573
0,23,3,1,165,61,1537,247,74,63,1851
0,21,2,0,145,57,1411.7,199,71,40,1440
0,20,2,0,166,46,1378.8,178,72,46,1414
1,21,2,2,164,82,1560.3,329,85,63,2223
1,24,3,0,149,98,1644.5,362,99,89,2645
1,25,4,0,157,90,1597.1,201,137,68,1964
0,23,3,0,167,47,1386.7,196,69,41,1429
0,36,3,0,166,47,1391,132,92,48,1328
0,22,2,1,180,74,1762.9,322,71,70,2202
1,22,3,3,160,79,1543,240,74,57,1769
0,20,3,0,172,51,1495.6,193,106,59,1727
0,39,4,0,174,108,1972.8,372,78,85,2565
1,33,3,0,172,74,1454.4,232,101,73,1989
0,22,2,0,165,79,1743.9,228,87,70,1890
0,21,3,3,167,77,1707,275,125,44,1996
0,23,3,0,166,47,1387,206,57,38,1394
0,30,3,4,173,81,1752.8,146,160,59,1755
1,36,3,0,143,91,1483.6,352,74,64,2280
0,22,3,0,168,66,1636.8,263,59,71,1927
0,31,4,0,173,106,2006.5,286,146,105,2673
1,51,3,0,162,49,1103.6,146,56,34.46,1118
0,25,2,0,179,75,1732,285,104,65,2141
1,36,4,1,148,59,1156.9,170,76,48,1416
0,21,3,3,173,76,1686.3,242,99,58,1886
1,23,3,0,160,60,1366.9,201,59,56,1544
0,31,3,0,156,88,1703.4,340,153,62,2530
1,28,4,2,169,70,1392.6,225,68,49,1613
0,22,3,3,170,49,1383.9,174,62,61,1493
1,23,4,0,155,97,1664.2,175,90,88,1852
1,33,4,0,141,74,1356.6,228,106,67,1939
1,27,2,1,153,65,1355.1,140,74,61,1405
0,25,2,0,155,44,1316.8,150,76,61,1453
0,29,3,1,178,126,2171.4,379,158,72,2796
0,36,3,0,156,92,1641.5,300,129,72,2364
0,23,2,1,172,63,1605.1,230,87,84,2024
1,23,3,0,135,69,1252.2,182,63,53,1457
0,24,4,2,175,83,1781.1,308,82,73,2217
1,19,4,1,164,72,1508.8,200,95,60,1720
0,22,2,0,162,83,1757.4,355,139,68,2588
1,32,2,0,166,109,1861.7,360,100,60,2380
1,42,3,0,157,108,1710,340,107,63,2355
1,22,3,0,152,92,1647,140,132,76,1772
1,26,3,0,160,45,1152.9,129.225,52,34.46,1035
1,25,4,0,158,87,1571.5,262,128,81,2289
1,25,4,0,157,89,1580.1,221,94,78,1962
1,41,3,0,138,70,1180.7,156,104,64,1616
0,21,3,0,164,55,1485.1,180,104,54,1622
0,21,2,0,181,78,1781.6,175,139,64,1832
1,21,3,0,159,56,1322.8,203,72,46,1514
0,20,2,1,169,89,1851.2,253,114,86,2242
1,21,4,0,157,59,1246.9,169,79,41,1361
1,42,3,0,155,106,1622.7,277,154,70,2354
0,30,3,0,173,107,2020.5,342,133,68,2512
0,24,2,1,172,82,1800.6,324,136,69,2461
1,24,4,0,158,99,1688.4,246,150,86,2358
0,25,3,0,174,105,2035.3,341,114,85,2585
0,39,3,0,156,86,1622.3,371,88,60,2376
0,19,3,0,178,84,1877.8,250,125,85,2265
1,27,3,0,151,59,1232.2,204,55,47,1459
0,34,3,0,173,54,1476.9,199,59,58,1554
0,19,3,1,175,55,1582.1,182,74,57,1537
0,25,3,1,165,68,1522.9,234,83,68,1880
1,22,4,0,155,45,1169.3,160,75,45,1345
1,36,4,2,155,98,1600.1,257,116,61,2041
1,22,3,0,168,74,1533.7,129.225,102,80,1645
1,19,3,0,161,55,1274.1,166,51.69,44,1267
1,23,3,0,157,55,1270.2,188,60,35,1307
1,21,2,0,151,52,1197,185,55,44,1356
0,31,3,0,169,50,1390.7,179,64,52,1440
0,26,3,0,160,110,1964.2,342,124,80,2584
0,15,3,4,163,47,1401.7,149,98,55,1483
0,21,3,0,168,110,2062.2,381,153,89,2937
1,19,4,0,138,70,1326.6,216,62,63,1679
0,19,2,0,165,72,1652.1,301,104,63,2187
1,32,3,0,145,80,1378.3,282,83,38,1802
1,18,4,0,160,77,1526.5,173,107,65,1705
1,24,3,0,155,86,1549.8,208,71,76,1800
0,24,2,0,168,106,1973.4,384,99,79,2643
0,19,3,3,172,73,1712.1,176,85,89,1845
0,25,3,0,170,75,1732.8,318,97,75,2335
0,21,3,0,172,47,1384.3,145,52,72,1436
1,24,4,1,168,82,1570.8,234,51.69,82,1881
1,23,3,3,157,54,1317,151,65,36,1188
0,20,4,0,167,62,1553.7,265,71,54,1830
1,32,2,4,154,72,1334.8,178,60,51,1411
0,25,3,0,166,48,1374.9,186,66,37,1341
1,29,3,0,146,73,1306.6,205,84,41,1525
0,24,3,4,171,66,1609.4,212,96,63,1799
1,22,3,0,158,49,1186.4,146,60,35,1139
0,59,3,0,167,52,1306,193,64,35,1343
1,20,2,1,142,54,1156.2,150,62,40,1208
0,22,3,1,160,42,1320.6,156,59,37,1193
0,22,3,1,168,85,1748.9,172,147,83,2023
0,20,3,0,167,107,2045.8,289,150,103,2683
0,33,3,0,159,108,1904.5,259,157,70,2294
0,23,4,1,167,68,1602.6,261,103,64,2032
0,29,3,1,177,126,2240.5,395,158,88,3004
0,22,3,0,168,81,1739.8,240,74,82,1994
1,29,3,0,153,96,1641,265,137,52,2076
0,26,3,2,157,89,1746.6,190,132,82,2026
0,21,2,2,169,81,1758.5,272,130,62,2166
0,28,3,0,165,48,1372.9,204,63,36,1392
0,29,3,0,160,50,1344.4,162,97,53,1513
0,22,2,0,175,57,1540.8,183,103,47,1567
0,25,3,0,159,113,1981.2,379,152,101,3033
1,28,3,2,141,73,1280.5,294,86,62,2078
0,25,2,0,164,48,1394.4,198,64,55,1543
1,20,3,0,159,57,1307.9,224,51.69,47,1526
0,22,3,0,161,46,1408,149,85,41,1305
0,48,2,1,159,68,1395.3,205,124,47,1739
1,15,3,0,155,55,1280.6,154,70,45,1301
0,30,3,0,165,97,1840.6,294,154,68,2404
1,21,2,0,129,38,929.3,129.225,52,34.46,1035
0,35,3,0,164,113,2014.7,372,149,99,2975
0,57,3,0,164,51,1275.6,198,69,67,1671
0,28,4,0,168,57,1458.2,213,83,45,1589
1,52,4,0,153,76,1264.1,180,99,56,1620
0,27,2,2,183,74,1802,257,117,75,2171
0,23,2,0,165,59,1592.9,250,66,67,1867
1,22,2,4,151,49,1160.3,154,66,37,1213
0,24,4,2,179,88,1879.4,301,88,61,2105
1,21,2,2,155,55,1225.3,169,57,45,1309
0,24,3,0,156,45,1262.7,182,60,40,1328
1,25,4,0,160,96,1662,129.225,122,83,1752
1,25,3,0,163,43,1131.3,153,73,38,1246
0,28,3,0,152,78,1563.2,189,115,82,1954
0,29,3,0,161,52,1372.8,181,93,45,1501
0,21,3,1,169,64,1580.4,255,82,49,1789
1,15,2,1,168,64,1491.9,200,53,55,1507
1,26,3,4,159,53,1249.5,163,70,60,1472
0,30,3,0,171,92,1814.8,282,126,90,2442
1,28,3,0,143,92,1483.2,220,107,62,1866
0,30,3,0,153,87,1716.4,227,147,57,2009
0,24,3,0,173,78,1727.1,324,108,58,2250
1,31,3,0,153,41,1027.2,129.225,57,38,1087
0,51,2,1,158,69,1434.6,242,94,45,1749
0,22,2,1,174,65,1650,211,89,73,1857
0,23,4,3,166,71,1618.9,227,110,53,1825
1,23,3,1,160,86,1584.9,331,116,72,2436
1,22,2,0,162,83,1572.4,228,95,76,1976
1,28,4,0,140,72,1300.6,210,73,70,1762
0,28,2,1,173,83,1827.5,257,127,78,2238
1,21,2,0,157,76,1481.7,236,113,51,1855
1,19,3,0,157,55,1206.9,129.225,72,46,1219
1,28,3,0,174,66,1423.1,235,100,34.46,1650
0,29,2,4,169,63,1546.3,224,73,43,1575
0,41,4,1,164,94,1811.1,273,142,62,2218
1,37,3,0,160,49,1157,143,51.69,52,1247
0,27,3,0,175,111,2044.4,403,161,64,2832
1,23,3,0,161,43,1192.4,138,53,47,1187
1,40,2,4,153,77,1383.9,159,110,50,1526
0,21,3,1,178,65,1682.6,235,110,75,2055
0,22,2,1,176,76,1731.6,246,73,85,2041
0,23,4,2,183,110,2148.2,260,99,116,2480
0,25,3,1,164,89,1769.3,242,123,103,2387
0,24,3,0,166,44,1331.8,168,61,41,1285
1,36,3,0,144,72,1249.4,233,91,73,1953
1,21,2,0,174,60,1431.4,145,91,59,1475
1,31,4,1,158,98,1640.3,262,118,72,2168
0,20,3,0,160,45,1339.7,149,74,40,1252
0,23,3,0,175,101,1993.6,290,129,87,2459
1,21,4,0,168,102,1757.1,205,115,59,1811
0,22,3,0,173,69,1656.3,299,68,51,1927
1,50,2,0,146,61,1054.3,220,64,51,1595
0,32,2,0,164,47,1288.5,172,60,51,1387
1,21,2,1,159,58,1337.2,227,57,34.46,1446
0,24,4,0,183,78,1789.4,281,108,74,2222
0,25,4,3,172,75,1718.6,284,110,74,2242
1,21,2,0,145,71,1369.9,226,85,53,1721
0,57,3,0,164,51,1257.9,197,51.69,47,1418
0,26,2,0,161,47,1375.1,204,51.69,40,1383
0,22,2,0,164,71,1666.3,167,109,53,1581
1,57,2,0,154,61,1110.5,162,67,55,1411
0,24,3,0,158,120,2024.3,400,142,89,2969
0,37,3,0,164,102,1865.5,385,117,74,2674
0,22,4,2,178,89,1890.2,219,143,89,2249
1,26,4,0,151,85,1497.9,241,94,50,1790
1,24,3,0,155,78,1452.9,236,90,41,1673
1,21,3,3,157,53,1284.2,199,51.69,42,1381
0,22,2,1,170,100,1938.5,199,123,84,2044
0,26,2,0,178,74,1798.2,331,74,51,2079
1,23,3,0,155,46,1144.6,155,61,39,1215
0,21,3,0,171,102,1944.4,348,163,56,2548
1,20,3,1,161,56,1308.7,137,76,45,1257
0,46,3,0,160,90,1651.4,262,117,102,2434
1,29,3,0,147,96,1567.9,235,117,78,2110
1,38,3,0,162,81,1460.5,205,106,48,1676
1,20,4,2,165,77,1472.2,187,88,85,1865
1,21,3,0,157,42,1152.8,143,63,35,1139
0,17,4,0,174,75,1781,291,78,60,2016
0,23,4,0,174,80,1786.6,369,141,44,2436
0,23,3,0,173,52,1500,132,64,63,1351
1,39,3,0,152,95,1589.1,262,128,90,2370
0,20,2,0,157,61,1582.8,204,102,56,1728
1,39,2,1,163,47,1141.9,195,55,34.46,1310
1,22,4,0,163,41,1158.6,142,72,36,1180
0,25,3,0,163,44,1386.4,154,53,52,1296
0,27,3,4,167,109,1983.1,278,157,104,2676
1,51,4,0,156,86,1410.6,267,79,76,2068
1,23,3,0,158,56,1249.4,181,63,38,1318
0,23,2,0,172,100,1954.2,376,119,93,2817
0,21,3,0,153,114,2041.9,388,148,90,2954
1,22,3,1,168,63,1432.2,177,103,44,1516
1,21,3,3,162,61,1325.9,195,80,40,1460
0,26,2,1,173,95,1957.8,238,137,73,2157
0,30,3,3,169,97,1834.3,310,133,86,2546
0,22,2,4,168,58,1563.1,243,96,53,1833
1,22,3,3,168,55,1331.1,147,83,34.46,1230
1,16,2,4,159,61,1378.4,197,90,45,1553
1,38,2,4,163,48,1070.3,129.225,51.69,41,1093
1,56,2,0,141,70,1084.6,129.225,90,60,1417
1,50,2,0,152,65,1233.6,149,81,41,1289
0,22,2,1,177,121,2231.8,324,121,109,2761
1,29,4,1,169,70,1469.2,244,93,67,1951
1,20,2,3,167,64,1405.4,166,84,49,1441
0,25,3,0,165,109,2006.4,390,123,64,2628
0,38,3,0,173,53,1437.9,259,52,38,1586
0,18,3,0,152,94,1814.7,199,75,75,1771
1,27,3,0,145,85,1450.4,253,100,49,1853
0,53,3,0,178,93,1824.4,241,135,99,2395
0,25,3,1,167,55,1480.3,228,66,51,1635
1,47,3,4,157,64,1197.7,181,76,39,1379
0,27,3,0,169,97,1902.5,382,137,86,2850
1,25,4,0,170,68,1461.4,224,86,65,1825
0,29,3,1,166,86,1754.5,223,102,40,1660
0,26,2,0,176,85,1819.8,225,133,84,2188
0,21,3,0,175,80,1819.3,278,147,76,2384
1,21,3,0,162,38,1101.7,142,54,50,1234
0,22,3,0,157,46,1320.8,133,90,58,1414
0,24,3,0,164,42,1348.2,141,53,50,1226
1,60,2,0,156,78,1295.3,134,87,36,1208
0,23,4,0,169,52,1461.5,219,51.69,56,1587
1,34,3,0,142,92,1490.7,264,141,60,2160
1,25,2,3,162,65,1394.3,221,57,75,1787
0,26,4,0,166,60,1486,204,84,75,1827
1,23,3,0,168,103,1821.2,290,131,49,2125
0,21,3,0,160,45,1411.7,188,73,36,1368
0,24,2,0,163,47,1373.5,178,68,35,1299
0,25,3,0,170,69,1663.2,246,109,51,1879
1,23,4,0,154,66,1321.5,219,52,52,1552
0,19,3,0,168,56,1527.6,155,96,51,1463
0,46,3,0,156,90,1683.8,224,110,85,2101
0,21,3,0,167,47,1374.2,160,52,60,1388
0,21,2,0,180,98,1951.1,378,99,80,2628
0,29,3,0,168,72,1554.6,280,53,68,1944
1,22,3,1,161,80,1492.5,201,66,87,1851
1,18,3,0,151,71,1436.7,174,126,51,1659
0,29,3,0,164,50,1396.5,199,51.69,55,1498
1,49,4,0,156,83,1428,257,88,76,2064
0,23,3,0,164,47,1439.8,218,51.69,44,1475
1,53,2,0,139,53,988.4,129.225,51.69,51,1183
1,21,4,3,157,61,1342,130,79,65,1421
1,21,3,0,134,72,1321.2,183,88,42,1462
0,23,2,1,167,91,1829.1,204,114,72,1920
1,40,4,0,153,89,1437.1,262,133,68,2192
0,27,3,0,166,48,1339.4,129.225,57,49,1186
0,55,3,0,162,51,1294.3,131,119,45,1405
0,20,3,0,153,92,1774.8,295,79,73,2153
1,22,2,0,139,49,1129.5,171,70,36,1288
1,19,4,0,153,84,1502.1,159,140,80,1916
1,28,3,2,156,76,1473.1,239,83,53,1765
0,27,2,1,161,66,1571.9,189,105,70,1806
0,24,2,0,181,74,1734.3,258,78,65,1929
0,25,3,4,165,64,1551.5,133,110,74,1638
1,26,2,2,163,83,1542.7,209,105,72,1904
0,27,3,0,169,78,1655.2,216,86,72,1856
0,22,2,1,162,86,1797.7,297,86,72,2180
0,22,3,0,164,47,1382.5,150,73,45,1297
1,25,3,2,161,85,1535.5,232,136,73,2129
0,19,3,0,184,92,1980.6,332,93,73,2357
1,56,4,0,143,77,1237.5,276,102,47,1935
0,20,3,4,179,78,1775,215,126,50,1814
0,26,3,0,167,61,1551.9,199,81,62,1678
1,27,3,0,169,57,1346.5,187,82,45,1481
0,26,3,2,181,74,1747,256,130,58,2066
0,27,3,0,172,52,1470.1,229,108,50,1798
0,22,4,0,175,81,1813.8,238,138,69,2125
1,22,2,0,165,52,1231.5,147,52,46,1210
1,23,3,0,153,75,1409.2,192,141,42,1710
0,34,2,0,165,48,1306.6,130,96,49,1345
0,22,3,0,173,110,2090,243,142,111,2539
1,26,2,3,165,70,1452.2,203,101,66,1810
0,52,3,0,167,50,1323.4,150,77,42,1286
0,38,3,0,156,103,1854.8,253,115,69,2093
0,20,4,4,181,62,1706.4,196,80,61,1653
1,26,3,0,159,77,1390.3,318,58,53,1981
0,24,3,2,173,86,1854.4,383,107,58,2482
1,22,2,0,156,80,1534.4,242,97,56,1860
0,19,3,0,170,50,1553.1,227,65,46,1582
0,24,3,0,166,82,1804.7,327,69,75,2259
0,20,3,1,163,112,1981.9,363,119,82,2666
0,28,3,0,170,51,1450.3,192,64,49,1465
1,59,3,0,156,76,1341,192,88,55,1615
0,21,3,0,161,46,1350.8,191,98,45,1561
0,21,4,4,183,69,1719.9,210,115,58,1822
0,17,3,2,166,47,1445,203,69,47,1511
0,25,3,0,165,46,1349.4,172,94,46,1478
1,25,3,4,161,52,1197,133,51.69,38,1081
0,23,3,0,160,120,2066,385,154,84,2912
1,23,3,0,163,82,1579.2,157,128,72,1788
0,20,3,0,182,78,1800,269,131,86,2374
0,22,4,2,169,107,2010.4,336,120,78,2526
0,28,2,1,170,89,1836.3,303,90,100,2472
0,22,4,0,169,69,1665.2,353,88,68,2376
0,20,4,3,171,73,1685.2,197,102,73,1853
0,34,4,4,157,87,1646.8,348,111,77,2529
1,21,3,0,158,59,1330.3,174,75,55,1491
0,21,2,0,163,56,1453.5,154,65,48,1308
0,29,3,0,171,50,1405.8,172,76,49,1433
0,20,3,2,179,60,1604.9,238,76,53,1733
1,20,2,2,155,42,1171.1,129.225,56,41,1110
1,24,3,0,136,75,1349.9,192,93,43,1527
0,31,3,0,162,81,1650.2,316,115,57,2237
0,21,3,0,169,90,1884.9,310,121,94,2570
1,49,3,0,139,74,1204.3,234,58,60,1708
1,50,3,0,165,110,1699.8,190,127,108,2240
0,37,2,3,168,84,1726.8,232,92,102,2214
1,23,3,0,160,44,1167.5,129.225,71,45,1206
0,24,3,0,163,117,2103,341,136,108,2880
1,24,2,4,156,57,1204.1,176,69,34.46,1290
0,30,4,0,166,105,1900.1,381,133,102,2974
1,25,2,3,151,65,1266.1,197,77,53,1573
1,57,3,0,144,72,1147.3,236,51.69,53,1628
1,23,3,0,160,77,1478.3,230,77,40,1588
1,17,3,3,165,46,1193.2,140,56,37,1117
0,23,3,0,167,82,1773.8,308,73,75,2199
1,22,2,1,161,61,1285.8,129.225,68,59,1320
0,18,2,3,174,80,1771.8,279,121,95,2455
1,22,3,0,159,89,1678.2,292,72,72,2104
1,23,3,3,147,94,1568.6,284,106,69,2181
0,23,3,2,165,92,1809.5,283,132,66,2254
0,20,3,0,165,41,1353.1,182,51.69,43,1322
0,21,2,0,170,57,1555.3,197,125,49,1729
0,27,4,2,176,104,1996.3,313,107,71,2319
1,39,3,0,161,47,1165.3,131,65,44,1180
1,20,3,4,154,48,1210.9,142,101,37,1305
0,26,2,0,164,90,1792.8,292,115,61,2177
1,23,2,0,170,56,1363.3,169,97,42,1442
1,40,3,0,164,50,1160.5,142,69,50,1294
0,26,3,0,165,113,2019.7,383,153,71,2783
0,55,3,0,156,88,1520.9,354,119,64,2468
1,33,3,0,145,57,1127.9,147,58,54,1306
1,17,2,0,157,69,1383,132,75,46,1242
0,22,3,0,174,69,1712.6,233,85,58,1794
0,35,3,0,163,118,2041.3,371,131,92,2836
1,23,4,1,170,51,1268.5,166,55,37,1217
0,26,3,0,160,103,1893.2,335,101,102,2662
0,30,3,0,172,62,1592.9,200,82,64,1704
1,47,4,2,143,73,1223.3,267,83,52,1868
1,28,2,0,155,68,1342.9,180,87,51,1527
0,37,3,0,157,90,1710.5,296,148,51,2235
0,23,4,0,165,113,2058.7,268,165,110,2722
0,22,2,1,161,56,1481.6,227,95,38,1630
0,30,3,0,173,51,1444,199,71,53,1557
1,46,2,0,141,56,1081,129.225,61,45,1166
1,22,3,0,153,78,1479.9,237,100,62,1906
0,21,3,0,166,48,1418.7,186,82,35,1387
0,25,2,0,176,61,1600.6,184,86,49,1521
1,21,3,1,158,60,1316.4,159,56,39,1211
0,23,4,0,160,44,1345.1,175,68,36,1296
0,21,2,0,185,85,1823.6,290,124,77,2349
0,24,3,4,164,82,1732,212,115,63,1875
1,17,4,0,161,78,1555,204,96,66,1794
0,44,3,1,157,88,1665.2,237,91,61,1861
0,19,2,0,160,64,1540.6,254,91,56,1884
1,21,4,0,151,53,1214.6,129.225,71,35,1116
0,23,2,2,170,98,1932.5,246,92,113,2369
0,26,2,0,180,99,1994.4,327,158,105,2885
0,23,4,4,172,74,1678,269,139,81,2361
0,23,3,0,182,105,2085.4,349,126,85,2665
0,22,4,1,164,104,1895.2,344,66,99,2531
0,25,2,0,164,103,1964.3,352,73,94,2546
1,39,2,1,155,46,1038.4,141,51.69,34.46,1081
0,23,3,1,164,70,1638.5,204,96,42,1578
1,20,4,2,169,60,1424.1,236,62,44,1588
0,22,2,0,158,43,1300.3,136,67,49,1253
1,23,3,3,157,43,1125.2,129.225,52,47,1148
1,29,3,0,142,93,1520.8,240,129,81,2205
0,27,2,0,162,47,1358,135,64,53,1273
0,25,3,3,165,98,1887.4,365,117,57,2441
0,27,3,4,169,63,1578.9,266,61,62,1866
0,22,3,0,175,59,1536,257,89,49,1825
0,23,2,1,163,89,1842.4,335,111,74,2450
0,22,3,0,181,107,2078.2,337,104,106,2718
1,19,2,4,153,48,1176.6,162,70,34.46,1238
0,24,2,0,180,66,1668.2,199,93,52,1636
1,23,4,0,157,96,1670.6,304,123,66,2302
1,46,3,1,141,55,1039.6,139,75,55,1351
1,24,2,2,164,60,1348.2,180,60,36,1284
0,23,3,4,186,85,1860.7,305,96,62,2162
1,24,3,0,161,40,1114.5,130,57,46,1162
0,54,3,0,168,51,1286.2,210,82,53,1645
0,28,3,0,152,85,1655.5,358,137,77,2673
0,23,2,0,169,94,1907.3,281,126,78,2330
1,48,4,0,139,75,1174.2,240,51.69,40,1527
0,39,4,0,156,103,1902,329,133,97,2721
0,23,3,0,174,62,1581.3,192,101,62,1730
1,48,4,0,157,84,1438,218,71,67,1759
0,24,3,0,177,93,1895.2,206,92,64,1768
0,31,3,0,172,52,1491.4,183,89,45,1493
0,23,3,1,175,56,1569.7,188,79,67,1671
0,22,3,0,164,43,1368.8,135,70,53,1297
0,23,3,0,169,46,1396.7,159,79,49,1393
1,19,3,0,165,46,1265.7,171,67,34.46,1262
0,24,2,1,169,100,1869.4,297,97,95,2431
0,22,3,0,173,61,1611.6,235,92,57,1821
1,21,2,2,171,49,1291.1,191,67,35,1347
0,23,3,4,172,71,1623.6,279,111,60,2100
0,21,4,0,177,87,1854.1,245,115,67,2043
0,32,3,0,155,90,1753.7,365,101,78,2566
0,25,3,0,164,47,1311.4,177,69,44,1380
0,18,4,0,169,105,1976.4,382,133,94,2906
0,37,4,0,155,94,1753.4,321,123,62,2334
0,26,2,4,167,86,1738.3,383,115,67,2595
0,22,3,0,173,56,1491.6,204,112,61,1813
0,34,3,0,168,108,1981.1,388,71,63,2403
1,29,3,0,142,91,1526.1,279,75,73,2073
1,21,3,0,156,50,1220.1,158,75,53,1409
0,23,3,3,175,61,1584.1,236,51.69,63,1718
0,23,3,0,188,98,2055.2,352,156,104,2968
1,21,4,0,139,55,1142.9,137,71,58,1354
1,19,3,2,164,47,1208.1,187,57,34.46,1286
1,21,3,3,153,42,1059.8,145,51.69,51,1246
0,22,3,3,178,74,1748.3,238,131,70,2106
0,26,3,0,159,39,1238.2,140,57,34.46,1098
1,25,3,0,158,79,1435.5,221,121,68,1980
1,30,3,0,141,72,1311.1,242,86,34.46,1622
1,20,3,0,166,47,1260.5,130,57,43,1135
0,30,3,1,175,107,1977.5,361,144,95,2875
1,29,2,0,154,76,1431.6,164,85,58,1518
1,30,3,1,151,43,1081.2,129.225,68,40,1149
0,24,3,2,170,70,1698.1,310,79,59,2087
0,23,3,0,168,44,1438.9,166,75,38,1306
0,34,3,0,174,109,2032.8,400,85,94,2786
1,22,2,2,155,46,1159.5,151,66,40,1228
0,24,3,0,169,46,1400.6,181,53,39,1287
1,42,3,0,155,98,1584.5,341,129,71,2519
0,21,3,0,165,52,1435.6,196,85,51,1583
0,35,4,3,169,85,1745.5,225,148,81,2221
1,23,2,0,173,50,1365.2,138,55,42,1150
1,35,3,0,156,74,1311.9,191,74,71,1699
1,22,3,0,159,52,1278.8,165,69,44,1332
0,24,3,0,159,77,1673.7,278,141,60,2216
1,26,2,4,163,76,1456.7,222,90,63,1815
1,40,3,1,150,80,1376.7,260,80,47,1783
0,22,3,1,172,76,1780.4,335,97,64,2304
1,23,3,0,161,58,1306.7,166,61,53,1385
0,24,3,2,165,61,1559.3,218,96,47,1679
1,24,4,0,159,88,1543.4,227,112,71,1995
0,21,3,3,170,59,1607.7,165,119,71,1775
0,20,3,0,156,100,1894.4,355,107,103,2775
0,15,2,3,175,80,1840.7,361,127,62,2510
0,22,3,2,161,40,1243.5,188,55,39,1323
0,25,2,0,180,81,1766.7,309,158,54,2354
1,21,3,0,163,49,1194.8,145,57,34.46,1118
0,25,3,0,156,113,2006.8,403,161,42,2634
0,43,4,1,180,90,1816.9,268,99,78,2170
1,23,3,1,151,65,1258.6,244,51.69,60,1723
1,23,4,1,164,56,1331.5,200,65,50,1510
0,55,3,0,156,88,1536.3,250,154,70,2246
0,35,3,0,156,88,1702.4,260,141,68,2216
1,17,2,0,145,72,1356.5,196,110,60,1764
0,30,3,1,165,85,1692.9,276,120,42,1962
0,24,3,0,167,127,2187.2,374,151,69,2721
1,27,4,0,159,92,1605.2,318,112,76,2404
0,27,3,4,165,94,1832.1,294,141,57,2253
1,25,3,0,144,94,1607.1,222,81,56,1716
1,20,4,0,165,82,1532.7,202,102,78,1918
0,23,2,2,173,75,1734.4,296,128,56,2200
1,23,2,1,156,72,1439.9,129.225,94,75,1568
0,26,3,0,169,108,1951.2,354,115,76,2560
0,26,2,4,174,96,1960.4,348,112,99,2731
0,21,3,0,166,115,2097.1,190,139,116,2360
0,23,3,0,166,50,1449.9,189,84,53,1569
0,23,3,1,164,104,1928.8,194,163,106,2382
1,23,2,0,157,70,1435.3,242,75,53,1745
0,34,4,0,168,109,1957.6,384,102,71,2583
0,25,4,0,169,57,1507.6,192,67,35,1351
0,50,3,0,163,61,1417.9,163,72,51,1399
0,24,3,0,158,42,1346.1,147,58,55,1315
0,24,3,1,177,96,1934.2,342,98,82,2498
1,19,2,1,156,52,1294.7,156,60,49,1305
0,30,3,0,168,50,1443.5,215,52,54,1554
1,20,3,4,144,73,1345.6,227,129,46,1838
0,25,3,0,174,91,1902.4,180,155,85,2105
0,19,3,0,174,81,1819.8,301,85,85,2309
1,32,4,0,141,96,1527.3,208,124,69,1949
0,33,2,0,162,49,1305.8,145,88,39,1283
0,39,4,0,158,89,1702.8,217,163,64,2096
0,47,3,0,168,51,1357.8,167,101,46,1486
1,21,3,2,153,41,1161.2,129.225,66,42,1159
1,22,3,0,157,87,1618.4,237,88,62,1858
0,24,2,0,165,48,1366.5,154,78,38,1270
0,22,3,0,166,98,2007.5,256,116,70,2118
1,40,3,0,155,44,1017,141,51.69,44,1167
1,18,3,0,156,53,1294.6,166,68,42,1314
0,25,2,4,184,75,1793.3,138,86,97,1769
0,28,2,1,168,94,1876.4,290,128,84,2428
0,22,3,1,169,41,1341.3,161,69,52,1388
1,29,3,1,152,97,1614.2,359,140,69,2617
0,25,3,0,173,107,2044,327,127,104,2752
0,24,4,0,154,45,1314.2,197,55,45,1413
0,29,3,0,151,87,1695,159,79,85,1717
1,25,4,0,171,59,1412.7,142,51.69,66,1369
0,30,3,0,165,97,1871.9,392,93,79,2651
0,22,3,2,166,50,1425.8,212,85,44,1584
0,25,4,0,162,45,1337.9,192,69,49,1485
0,24,4,0,178,70,1725.2,178,110,74,1818
0,20,3,1,169,62,1620,129.225,118,86,1763
1,24,4,0,148,60,1231.9,241,68,49,1677
0,22,4,0,168,96,1902.6,344,124,100,2772
0,25,3,0,157,115,2011,343,158,75,2679
0,62,3,0,164,97,1693,236,121,89,2229
1,24,4,2,167,61,1339,174,93,58,1590
1,58,2,1,161,80,1382.8,220,101,65,1869
1,29,3,0,152,56,1186.8,188,59,56,1492
0,26,4,0,171,113,2046.2,277,147,95,2551
0,20,4,2,183,111,2143.1,330,158,105,2897
1,22,2,0,159,64,1329.7,184,57,57,1477
1,20,3,4,158,43,1121.4,179,51.69,37,1256
1,23,4,0,149,59,1252,129.225,86,57,1374
1,20,3,0,169,85,1689.2,246,89,64,1916
0,21,3,1,166,64,1579.4,223,55,71,1751
0,18,2,0,164,41,1318.9,161,74,47,1363
1,25,3,0,152,91,1611.5,237,71,76,1916
0,50,2,0,169,51,1348,172,51.69,48,1327
1,21,2,2,166,56,1368.4,193,77,43,1467
1,24,3,0,163,69,1393.9,208,89,47,1611
1,52,3,0,147,104,1584,369,130,60,2536
0,20,3,0,167,64,1591.2,238,103,59,1895
0,22,3,2,175,80,1759.8,328,91,72,2324
1,26,3,0,158,87,1539.7,169,136,73,1877
1,55,2,0,156,62,1178.3,248,79,49,1749
1,22,3,0,161,58,1271.4,167,84,51,1463
0,22,2,0,164,47,1422.9,235,61,35,1499
1,22,3,1,156,55,1214.9,129.225,51.69,62,1282
0,24,3,1,165,68,1614.4,206,89,63,1747
0,22,2,1,167,89,1830.3,304,127,80,2444
0,23,2,4,168,66,1627.5,231,88,74,1942
0,26,4,0,157,89,1779.2,289,92,74,2190
0,22,4,4,169,68,1627.4,248,99,76,2072
0,24,3,1,172,103,2037.9,326,95,76,2368
0,22,3,1,169,92,1850.5,230,116,74,2050
0,41,3,0,181,83,1792.9,302,131,71,2371
0,20,2,0,169,68,1613.9,233,73,48,1656
0,25,3,0,174,108,2057.8,289,120,106,2590
1,21,4,1,169,51,1257.2,153,87,61,1509
0,27,3,4,167,75,1658.7,381,81,71,2487
0,36,3,0,155,87,1628,196,109,91,2039
1,48,3,0,140,69,1134.1,179,51.69,58,1445
0,24,3,4,172,68,1653,214,107,57,1797
0,53,3,2,160,67,1401.6,149,102,63,1571
1,24,2,0,154,69,1370.7,176,97,50,1542
1,39,2,4,157,43,1087.3,155,57,34.46,1158
0,24,4,0,174,89,1892,177,136,107,2215
0,22,3,3,172,61,1584.5,154,98,52,1476
0,19,3,2,163,57,1500.4,180,72,52,1476
1,20,3,4,164,60,1370,218,56,38,1438
0,25,3,2,169,70,1600.6,207,62,91,1895
1,20,2,4,166,70,1458.5,200,95,58,1702
1,37,3,0,158,46,1138.2,134,51.69,40,1103
0,21,2,0,169,57,1533.5,201,63,63,1623
1,26,3,4,165,53,1241.6,166,69,39,1291
1,21,3,0,167,51,1240.7,169,71,36,1284
1,21,2,0,161,100,1747,240,80,71,1919
1,28,3,0,153,57,1254.2,190,51.69,54,1453
0,22,3,0,169,50,1416.2,177,82,35,1351
0,43,3,0,156,88,1622.6,234,135,74,2142
0,24,3,0,178,91,1867.7,350,129,44,2312
0,25,4,0,166,82,1763.9,256,117,73,2149
0,25,2,4,182,78,1792.6,359,101,55,2335
0,21,3,1,164,65,1607.9,178,84,38,1390
0,25,4,2,174,82,1769.6,347,116,69,2473
1,24,3,0,168,61,1374,189,65,47,1439
1,37,4,0,157,43,1079.6,139,56,45,1185
1,23,3,4,151,49,1143.1,157,75,34.46,1238
1,27,3,0,145,94,1534.2,260,107,73,2125
1,22,3,0,158,87,1549,226,66,44,1564
0,17,3,0,170,68,1671.2,266,116,54,2014
0,26,3,0,163,102,1945.2,337,157,83,2723
0,26,3,0,169,46,1396.5,186,65,36,1328
0,38,3,0,151,91,1704.3,200,160,55,1935
1,28,3,0,156,44,1175.2,143,52,34.46,1090
1,49,3,0,143,80,1281.1,271,89,54,1926
0,23,2,0,178,57,1576.6,202,102,49,1657
0,23,3,0,166,48,1368.9,159,60,57,1389
0,28,2,0,168,50,1482.5,203,52,78,1722
0,22,2,0,170,70,1680.6,259,133,63,2135
0,25,3,0,162,43,1330.1,157,82,46,1370
1,24,3,0,154,74,1415.6,218,77,47,1603
1,23,4,0,141,79,1438.3,266,115,68,2136
1,31,3,0,138,78,1351.6,286,90,37,1837
0,25,3,0,164,97,1903.1,232,146,106,2466
1,40,3,0,137,79,1310.2,175,66,75,1639
0,21,2,0,163,67,1572.3,236,123,58,1958
1,16,2,0,156,55,1329.1,134,68,39,1159
0,23,2,1,172,98,2020.1,276,154,90,2530
1,24,3,0,159,90,1571.6,335,88,62,2250
1,29,4,0,160,92,1549.1,342,51.69,60,2115
1,47,3,0,165,112,1783,242,128,95,2335
1,25,3,0,161,46,1136,154,57,37,1177
1,29,2,0,137,54,1123.1,139,68,37,1161
1,22,2,0,167,58,1326.6,211,70,41,1493
0,25,3,0,162,96,1895,382,119,69,2625
0,23,3,0,157,101,1865.6,232,132,84,2212
1,40,4,0,145,101,1554.2,330,62,57,2081
0,24,4,3,179,71,1748.2,175,97,74,1754
0,24,3,0,170,121,2180.7,302,102,111,2615
0,24,3,0,165,47,1396.5,179,62,48,1396
0,21,4,0,166,62,1556.8,215,94,59,1767
1,24,3,0,155,98,1722.1,249,61,80,1960
0,23,3,0,167,52,1471.4,248,82,34.46,1630
0,23,3,1,175,71,1702.4,155,87,69,1589
1,28,3,0,139,99,1512.8,281,138,91,2495
0,22,3,0,166,63,1479.9,261,79,67,1963
0,23,3,2,170,71,1653,328,74,64,2184
1,28,3,0,144,100,1554.4,285,51.69,54,1833
0,19,2,0,154,100,1866.3,359,150,69,2657
1,24,3,0,168,47,1249.3,160,67,46,1322
0,27,3,0,164,96,1870.2,361,95,99,2715
0,19,2,0,180,74,1816.3,352,77,58,2238
0,22,3,0,173,51,1501.9,246,61,56,1732
1,27,3,0,159,45,1182.5,129.225,86,48,1293
0,26,2,1,163,83,1730.3,297,78,67,2103
1,22,4,0,162,60,1300,204,52,48,1456
1,21,2,4,156,70,1394.8,199,85,60,1676
0,22,2,3,180,81,1899.8,304,113,76,2352
1,23,2,1,152,59,1223.5,254,76,41,1689
0,25,4,2,175,105,2045.5,298,129,71,2347
0,27,4,2,169,61,1515.2,213,85,50,1642
1,22,2,0,141,54,1125.1,147,71,34.46,1182
0,26,4,0,168,136,2238.8,395,158,75,2887
0,27,4,0,158,116,1988.5,295,162,79,2539
1,26,3,2,163,45,1134.3,129.225,59,40,1113
1,38,2,3,161,81,1395.3,256,88,70,2006
0,24,2,2,168,56,1488.1,213,88,57,1717
1,21,2,1,169,58,1365.1,173,51.69,51,1358
0,22,2,1,164,68,1602.5,233,131,41,1825
1,22,2,0,158,76,1414.7,315,85,39,1951
0,23,3,3,160,86,1743,308,71,67,2119
0,22,3,0,171,74,1676.2,206,118,66,1890
0,23,3,0,173,74,1681.5,242,109,44,1800
1,20,4,0,164,44,1212.7,137,82,42,1254
0,27,2,1,171,98,1876,381,115,73,2641
1,35,3,4,156,98,1659.3,238,102,63,1927
0,34,4,0,172,102,1905,252,90,90,2178
1,27,3,0,157,44,1125.3,134,54,52,1220
0,32,3,2,167,49,1345.8,185,90,40,1460
1,16,3,0,162,81,1621.2,194,105,76,1880
0,24,3,0,179,63,1586.5,237,77,56,1760
0,49,2,1,160,68,1396.8,261,61,49,1729
0,23,4,4,184,84,1858.1,221,146,43,1855
0,21,2,1,164,70,1618.7,249,108,64,2004
0,40,3,0,167,97,1843,153,100,60,1552
1,24,3,3,165,67,1414.3,258,69,70,1938
0,31,3,0,167,48,1421.1,178,66,52,1444
0,38,4,0,164,100,1850.9,342,104,87,2567
1,26,3,4,176,104,1854.3,284,134,67,2275
0,20,3,0,168,76,1723.5,286,113,34.46,1906
1,18,2,0,169,64,1425.7,134,54,73,1409
0,23,4,0,180,63,1674.5,284,98,34.46,1838
1,30,2,0,138,54,1118.6,187,75,34.46,1358
0,22,3,1,164,105,2025.1,279,147,103,2631
0,19,2,0,175,91,1876.7,298,116,81,2385
0,23,3,0,171,75,1677.1,273,71,72,2024
0,21,3,1,180,78,1846.4,353,103,64,2400
1,21,3,0,158,55,1254.2,187,83,34.46,1390
1,52,3,0,144,105,1571.3,287,120,52,2096
0,23,3,0,178,136,2379.3,392,157,105,3141
1,23,3,0,163,50,1234.2,168,51.69,34.46,1189
0,21,2,0,181,65,1693.3,222,77,57,1709
1,24,3,1,160,62,1321.4,171,61,60,1468
0,24,3,1,176,71,1689,255,101,69,2045
1,21,3,0,155,57,1282.4,186,61,34.46,1298
1,22,4,0,156,57,1273.4,160,87,62,1546
0,25,2,1,166,83,1771.7,208,80,65,1737
1,18,2,1,165,59,1341.7,198,85,47,1555
1,39,3,0,136,81,1283.5,255,79,79,2047
1,23,2,0,155,81,1534.7,262,115,53,1985
0,24,3,0,156,108,1942.8,374,150,75,2771
1,25,4,0,158,88,1566.2,324,91,71,2299
1,20,3,0,161,47,1250.2,159,51.69,47,1266
1,27,2,0,167,50,1252.1,164,72,34.46,1254
1,30,3,0,142,101,1619.9,228,129,83,2175
0,24,3,0,165,43,1338.2,189,80,34.46,1386
0,23,3,0,164,45,1349.3,184,51.69,41,1312
0,21,2,1,165,68,1558.8,138,66,90,1626
0,26,2,0,165,48,1364.9,198,51.69,51,1458
0,30,2,1,169,99,1920.7,339,145,99,2827
0,21,2,0,182,79,1845.5,305,83,57,2065
0,18,3,1,169,107,1988.4,400,117,89,2869
0,32,2,0,169,64,1534.1,147,101,53,1469
0,26,4,0,159,89,1760,331,135,87,2647
1,28,3,0,152,97,1596.2,137,113,98,1882
1,27,3,0,145,88,1494.4,216,105,70,1914
1,26,3,0,157,77,1410.6,222,88,52,1708
0,22,3,1,165,63,1538.2,211,104,55,1755
0,19,3,0,165,82,1757.3,336,67,77,2305
0,35,3,0,164,47,1318.8,165,95,49,1481
0,23,3,0,165,45,1410.7,199,73,39,1439
0,36,4,0,153,84,1624.6,234,124,94,2278
0,27,4,0,160,67,1535,235,108,47,1795
0,28,3,0,160,50,1388.5,167,70,41,1317
1,50,3,0,164,48,1121.8,167,51.69,34.46,1185
0,24,2,1,167,86,1778,377,130,89,2829
0,24,3,1,171,59,1528.5,247,51.69,52,1663
0,21,3,0,176,69,1670,192,103,47,1603
1,23,2,0,162,55,1330.8,201,80,34.46,1434
0,21,3,3,159,115,1982.3,386,146,84,2884
0,23,3,0,168,119,2141.2,372,149,91,2903
1,26,3,0,153,97,1657.9,274,115,75,2231
0,24,4,0,169,52,1447.4,174,88,44,1444
1,23,3,0,154,70,1382.8,261,93,35,1731
1,20,3,0,159,54,1292.7,185,62,61,1537
1,21,2,0,163,44,1144.4,138,55,37,1105
0,22,2,1,162,78,1648.2,211,123,69,1957
0,21,4,0,175,108,2092.3,324,139,72,2500
1,28,3,0,152,54,1139.9,129.225,58,52,1217
1,20,2,0,150,68,1347.6,224,71,45,1585
0,31,3,0,167,116,2078.9,387,155,102,3086
1,58,3,0,145,73,1183.2,182,91,56,1596
1,22,3,0,163,47,1175.7,155,52,43,1215
0,24,3,1,165,80,1681.4,287,91,79,2223
0,24,3,0,165,46,1408,210,53,38,1394
0,28,4,0,157,86,1731.8,370,78,80,2512
1,20,2,0,164,85,1602.5,241,112,48,1844
1,25,3,2,160,75,1486.1,285,105,45,1965
0,21,3,0,168,74,1655.7,239,119,67,2035
0,19,3,4,174,65,1618.7,225,77,61,1757
1,26,3,4,153,69,1340.1,215,86,49,1645
1,41,2,0,155,77,1367.2,227,80,53,1705
1,25,4,2,168,61,1366.9,199,79,42,1490
1,24,2,0,156,62,1314.1,138,75,53,1329
1,39,4,0,142,69,1228.9,250,88,61,1901
0,33,3,0,154,87,1603.7,281,103,71,2175
1,22,3,1,161,48,1252,171,55,41,1273
1,24,4,0,155,86,1510.7,178,134,94,2094
0,23,2,0,166,52,1480.3,217,78,64,1756
1,23,4,1,170,80,1622.5,229,104,62,1890
0,40,3,0,168,111,1949.8,366,139,98,2902
1,25,3,0,145,94,1635.4,300,95,63,2147
1,44,4,0,145,70,1191.4,160,83,72,1620
1,20,3,0,158,44,1145.4,129.225,51.69,35,1039
0,18,4,0,174,74,1694.5,245,76,92,2112
0,26,3,0,179,133,2285.8,341,153,103,2903
1,23,3,0,159,45,1157.5,129.225,51.69,39,1075
1,20,3,2,150,68,1388.2,220,85,59,1751
1,47,2,0,164,67,1277.2,204,73,46,1522
1,34,2,0,152,67,1295,170,70,38,1302
0,23,2,1,172,100,1956.1,280,144,76,2380
0,23,3,0,179,138,2387.8,400,141,107,3127
1,23,3,0,153,73,1429.1,255,71,68,1916
1,34,2,0,145,56,1160.2,159,98,43,1415
0,24,2,0,163,45,1348.9,150,54,59,1347
1,26,3,0,156,95,1593.7,207,118,51,1759
0,24,3,0,175,86,1871,306,116,65,2273
0,27,3,0,170,93,1866.8,363,116,81,2645
1,16,2,0,164,92,1707,183,116,90,2006
0,23,3,2,174,76,1719.1,316,67,85,2297
0,23,3,2,166,68,1597.4,278,84,73,2105
0,22,3,1,163,57,1462.3,244,51.69,56,1687
1,22,2,4,163,55,1260.2,148,84,34.46,1238
0,24,3,3,178,91,1926.2,284,121,82,2358
1,22,2,3,167,65,1371.2,205,65,41,1449
0,19,3,0,157,86,1811,340,86,78,2406
1,23,2,4,162,56,1262.2,129.225,67,56,1289
1,23,4,0,163,69,1448.9,281,111,49,2009
0,35,4,0,174,111,2059.8,391,99,97,2833
0,20,4,4,178,63,1640.1,200,58,72,1680
0,19,4,0,179,84,1801.4,269,101,71,2119
1,21,2,0,165,78,1570.5,129.225,67,101,1694
0,23,3,0,165,48,1420,155,90,52,1448
0,29,3,0,151,83,1659,251,124,82,2238
1,21,2,0,136,50,1056,178,51.69,37,1252
0,23,3,0,163,115,2033.2,377,147,100,2996
0,21,2,1,175,121,2190.4,385,144,98,2998
1,28,4,0,165,63,1346.6,165,51.69,53,1344
0,24,3,0,155,116,2064.1,312,144,96,2688
1,52,4,0,154,68,1224.9,254,51.69,64,1799
0,23,3,0,169,48,1395.2,193,105,54,1678
1,27,2,0,152,67,1327.1,145,51.69,66,1381
0,23,3,0,186,99,2010.8,389,93,89,2729
0,20,2,0,164,53,1482.2,223,82,36,1544
0,55,3,0,174,55,1369.3,171,73,59,1507
0,22,3,0,162,46,1394.8,170,61,41,1293
0,28,3,1,167,55,1535,216,79,46,1594
1,61,4,0,154,61,1131.6,181,76,41,1397
0,22,3,0,167,58,1528.9,137,86,59,1423
0,20,3,0,180,136,2395.2,394,158,105,3153
1,24,4,0,159,58,1358,167,83,48,1432
0,24,3,0,157,104,1910.6,302,128,65,2305
1,22,3,0,157,50,1195.1,160,74,34.46,1246
0,21,4,1,178,84,1883.2,287,122,71,2275
1,21,2,2,167,57,1351,207,58,49,1501
0,37,4,0,155,94,1717.2,361,51.69,59,2182
0,23,2,4,176,83,1831.6,225,123,79,2103
1,20,2,4,146,36,995.5,138,52,35,1075
1,31,3,0,168,79,1570.8,193,79,73,1745
0,19,3,0,163,45,1404.2,171,71,37,1301
0,22,3,0,168,91,1885.2,248,153,93,2441
0,25,3,0,184,69,1710.8,241,87,55,1807
0,21,3,0,170,65,1595.9,167,85,63,1575
0,27,4,0,169,106,2016.7,309,128,108,2720
0,21,4,4,166,58,1492.4,244,61,50,1670
1,23,4,0,157,86,1593.1,223,107,45,1725
0,37,3,0,152,91,1712.6,354,55,75,2311
0,23,4,4,164,70,1608.8,240,130,70,2110
0,24,3,0,164,104,1981.3,241,158,87,2379
0,46,3,2,171,89,1723,259,142,59,2135
0,30,3,0,168,50,1404.3,158,76,53,1413
0,23,3,3,171,75,1666.9,289,100,51,2015
1,21,2,4,165,68,1452.6,173,66,60,1496
0,24,3,0,163,48,1385.4,134,103,40,1308
0,24,3,0,168,70,1613.1,190,85,69,1721
1,38,3,0,145,97,1563.3,251,109,82,2178
1,27,3,0,146,84,1397.7,277,73,63,1967
1,22,2,0,162,59,1339.4,198,62,55,1535
0,29,2,0,169,52,1465.9,173,65,50,1402
0,19,2,0,164,80,1743.4,328,89,83,2415
1,20,3,1,163,56,1322.4,151,77,43,1299
0,21,2,3,165,78,1697.1,270,65,68,1952
0,25,3,0,178,133,2306.2,408,154,79,2959
1,24,3,0,152,46,1161.3,152,56,35,1147
1,20,2,0,156,46,1182.3,152,70,40,1248
0,20,3,1,168,52,1431.2,166,79,57,1493
0,22,2,1,161,46,1370.5,193,72,38,1402
0,25,2,3,165,121,2126.5,382,104,107,2907
0,43,4,0,158,69,1441.2,202,55,76,1712
1,24,3,0,164,51,1253.8,216,60,46,1518
1,41,3,0,141,83,1375.7,312,84,49,2025
0,23,3,0,166,108,2038,390,104,102,2894
1,24,2,0,165,62,1345,243,87,53,1797
1,26,3,0,156,85,1454.3,138,73,73,1501
0,25,3,0,154,113,1906.4,366,147,98,2934
0,32,2,0,163,120,2018.8,277,122,108,2568
0,16,3,2,177,79,1831.1,200,82,66,1722
1,27,3,3,140,73,1279.9,250,77,62,1866
0,21,4,0,164,51,1438,162,104,64,1640
0,18,3,0,155,101,1924.6,237,138,112,2508
1,34,2,0,154,74,1341.3,268,116,62,2094
1,25,4,0,157,74,1416.9,167,83,70,1630
1,19,2,3,154,47,1215.6,160,54,35,1171
1,18,2,0,169,58,1316.5,184,79,49,1493
1,21,2,1,157,50,1145.7,137,55,42,1146
1,24,2,0,154,63,1341.6,175,66,37,1297
0,21,3,0,171,45,1395.6,179,53,52,1396
0,22,3,3,165,83,1800.2,244,105,79,2107
0,22,2,3,161,56,1422.1,229,70,55,1691
0,23,2,0,169,103,1955.9,307,134,34.46,2074
1,40,3,0,155,105,1637.5,241,81,86,2062
0,24,4,0,175,69,1700.2,223,78,65,1789
0,34,3,0,153,84,1649.1,290,144,42,2114
1,23,2,0,161,65,1332.5,202,112,41,1625
0,20,3,0,169,60,1551.7,159,82,59,1495
1,25,3,0,158,44,1182.5,179,66,36,1304
1,38,3,0,144,97,1505.9,218,103,64,1860
0,23,4,0,166,51,1422.9,200,64,57,1569
0,50,3,3,166,51,1287.1,129.225,68,56,1293
1,31,3,4,169,108,1812.3,374,117,88,2756
0,20,3,0,171,51,1419,185,87,34.46,1398
0,21,2,0,165,53,1478.8,129.225,90,57,1390
0,33,4,0,162,99,1856.7,387,83,86,2654
0,35,3,0,154,89,1671.3,150,97,103,1915
0,24,2,0,154,43,1261.6,183,55,37,1285
0,22,3,0,166,50,1438.7,206,93,34.46,1506
1,34,4,1,156,98,1596.6,292,91,68,2144
0,56,2,0,175,54,1362.5,188,92,34.46,1430
0,24,3,0,159,38,1256.1,133,56,47,1179
1,18,3,0,156,84,1568.9,138,114,66,1602
1,45,3,1,160,47,1099.3,130,53,56,1236
0,25,3,4,163,80,1708.1,257,96,64,1988
1,28,2,2,162,84,1511.5,227,114,74,2030
1,25,2,1,145,56,1159.3,161,52,50,1302
1,21,4,0,143,80,1401.4,174,67,69,1585
0,21,3,0,159,46,1375.4,162,60,47,1311
1,37,3,0,153,99,1580.6,331,105,58,2266
1,23,3,0,152,43,1036.7,129.225,66,42,1159
1,25,2,3,164,68,1423.9,252,77,50,1766
0,22,2,0,168,96,1972.5,215,130,94,2226
0,45,3,0,167,51,1321.3,197,59,47,1447
1,27,3,0,160,84,1602.7,225,108,73,1989
0,24,3,4,170,49,1481.3,159,90,35,1311
0,25,3,0,170,121,2104.1,387,103,103,2887
1,18,3,0,154,54,1266,164,83,39,1339
0,20,2,0,170,100,1915.6,310,140,90,2610
0,20,2,0,166,52,1475,129.225,88,55,1364
0,21,3,1,165,65,1621.3,186,106,54,1654
0,46,3,2,169,89,1762,314,111,104,2636
1,21,4,0,160,66,1392.5,198,65,43,1439
1,20,2,0,168,67,1505.8,187,53,57,1473
1,21,2,0,174,49,1302.5,169,54,44,1288
0,26,3,0,166,95,1862.1,232,100,79,2039
0,24,2,0,168,56,1486.8,188,75,55,1547
0,24,3,0,167,47,1419.7,155,83,47,1375
0,30,4,1,170,104,1927,283,155,90,2562
0,20,3,0,168,45,1400.2,201,64,44,1456
0,33,3,0,160,117,1990.6,371,93,99,2747
1,19,3,0,156,76,1462.4,182,70,67,1611
0,28,3,0,154,103,1849.6,373,145,84,2828
0,20,4,0,179,85,1891.3,291,115,80,2344
1,22,3,0,156,42,1145.3,143,52,45,1185
1,33,2,0,170,76,1481.3,154,87,59,1495
1,38,3,0,153,81,1447.2,299,87,46,1958
0,23,3,0,164,109,1974.4,329,138,91,2687
0,22,3,2,182,61,1653.3,272,89,34.46,1754
1,22,3,0,157,61,1380.2,189,58,45,1393
0,25,2,0,173,91,1863.1,304,100,87,2399
0,23,3,0,180,111,2093.1,230,128,85,2197
1,23,3,4,160,53,1257.3,132,72,37,1149
1,27,3,0,139,71,1251.2,306,102,64,2208
0,22,2,1,170,68,1617.4,184,88,72,1736
0,34,3,0,164,51,1387.4,194,51.69,57,1496
0,26,3,3,156,87,1718.2,221,126,60,1928
1,21,3,0,158,47,1194.7,163,51.69,36,1183
0,25,4,0,172,69,1638.3,237,107,51,1835
0,39,3,0,181,82,1783.1,264,118,57,2041
0,22,3,1,167,81,1796.1,365,118,45,2337
0,22,2,4,183,72,1753,199,99,73,1849
1,20,2,2,166,63,1426,145,63,80,1552
0,21,2,1,170,56,1514,233,81,41,1625
0,26,2,1,173,99,1919.9,333,116,80,2516
1,24,3,3,169,54,1296.5,137,66,55,1307
0,37,4,2,155,94,1689.1,259,71,84,2076
1,22,3,0,154,69,1419.4,202,77,50,1566
0,26,3,1,175,77,1752.6,282,127,71,2275
0,22,2,0,169,49,1391.6,184,68,51,1467
0,21,2,0,169,69,1669.1,239,81,72,1928
0,23,2,0,171,74,1798.9,247,70,68,1880
0,25,2,3,171,76,1713.6,362,95,55,2323
1,25,2,1,156,60,1266.2,152,67,38,1218
0,26,3,1,180,68,1665.2,175,88,69,1673
0,20,3,4,175,80,1805,332,101,50,2182
0,19,4,0,156,67,1509.8,254,92,54,1870
1,43,3,0,157,86,1468.7,340,62,40,1968
1,40,3,0,157,46,1052.8,172,51.69,34.46,1205
1,22,4,0,162,56,1279.9,192,51.69,46,1389
0,18,3,0,180,71,1732.1,238,117,46,1834
1,21,3,3,164,54,1253.8,153,71,34.46,1206
0,20,3,0,155,39,1268.4,174,75,42,1374
1,23,2,0,164,66,1396.9,195,102,49,1629
0,22,3,1,179,89,1873.5,376,125,54,2490
0,20,2,0,163,56,1495.5,267,63,50,1770
0,27,4,1,162,106,1955.3,403,122,71,2739
0,38,3,4,170,50,1363.7,173,60,59,1463
1,23,3,0,133,56,1203.5,174,89,54,1538
0,23,3,1,181,78,1834.2,377,51.69,43,2102
0,22,3,0,157,113,2039.3,360,142,102,2926
1,25,2,0,170,54,1314.2,204,69,48,1524
0,21,2,3,184,72,1791,240,60,80,1920
0,28,4,4,174,81,1758.4,317,117,71,2375
1,42,3,0,141,72,1258.8,231,57,54,1638
0,25,4,0,146,82,1659.8,331,94,80,2420
0,22,4,0,174,116,2147.1,388,103,84,2720
1,36,3,0,156,75,1352.7,295,84,52,1984
1,22,3,0,157,51,1158.8,129.225,64,51,1232
0,24,4,0,177,70,1672.3,203,100,50,1662
1,27,4,0,174,102,1831.3,327,94,87,2467
1,21,3,0,139,48,1112.2,138,78,34.46,1174
1,20,4,0,160,61,1367.8,152,91,65,1557
0,23,3,0,169,65,1592.3,259,109,42,1850
0,50,3,0,167,51,1326.2,168,100,49,1513
0,21,3,2,178,71,1768.4,237,129,97,2337
0,22,2,0,168,77,1674.3,281,88,49,1917
1,28,3,2,174,66,1453.1,214,81,45,1585
0,43,3,4,174,89,1770.8,277,117,53,2053
0,24,3,0,163,43,1334.9,145,73,39,1223
0,22,2,0,174,66,1710.1,229,100,40,1676
0,26,3,0,173,53,1481.2,244,85,38,1658
0,25,3,0,169,40,1349,143,57,39,1151
0,28,3,0,167,59,1507.9,160,83,53,1449
0,24,2,1,169,67,1635.1,171,95,69,1685
0,26,3,0,174,110,2021.5,333,138,103,2811
1,23,2,0,156,62,1300.1,214,51.69,59,1594
0,22,3,0,166,116,2118.3,387,148,103,3067
0,29,3,2,168,65,1551.6,287,87,56,2000
0,31,2,0,165,46,1373.3,182,71,44,1408
0,42,4,0,169,51,1336.2,138,69,36,1152
0,22,2,1,168,90,1824.4,260,141,106,2558
1,21,4,0,154,83,1532.1,230,88,69,1893
0,25,3,0,185,70,1764.2,173,79,77,1701
1,55,3,0,161,78,1373.1,253,95,48,1824
1,21,3,1,162,76,1488.8,173,89,61,1597
0,50,4,0,156,87,1582.7,284,125,60,2176
0,22,3,0,160,65,1507.4,222,86,44,1628
0,30,3,0,173,56,1490.6,198,83,51,1583
1,25,4,0,153,93,1595.2,295,69,74,2122
0,21,3,0,165,45,1332.3,172,66,47,1375
0,22,3,3,181,94,1978.8,279,131,62,2198
0,41,4,0,164,94,1835.4,327,128,77,2513
0,18,2,0,161,45,1420.7,153,74,41,1277
0,35,4,0,151,84,1584,279,106,41,1909
1,23,2,0,153,59,1259.8,174,51.69,44,1299
0,40,3,0,157,90,1707.3,362,108,71,2519
0,22,3,1,175,76,1766.8,183,109,78,1870
0,22,3,4,169,80,1756,207,74,66,1718
0,24,4,1,170,71,1669.2,248,74,79,1999
0,24,3,3,172,63,1618.9,237,88,73,1957
0,21,3,0,159,46,1361.4,229,51.69,36,1447
0,23,2,0,159,71,1550.4,326,76,34.46,1918
1,54,3,0,160,77,1345.4,201,98,68,1808
1,20,3,0,158,46,1160.7,139,62,38,1146
1,37,3,3,157,44,1063.8,136,52,50,1202
0,26,2,0,161,48,1360.8,192,67,51,1495
1,20,3,2,153,43,1071,129.225,73,41,1178
0,22,2,0,168,109,2096,388,121,103,2963
0,23,4,1,180,70,1721.9,189,97,63,1711
0,33,3,0,161,118,1958.4,278,77,87,2203
0,24,4,0,181,79,1819.2,327,103,62,2278
1,57,2,0,161,78,1326.9,182,85,55,1563
0,42,2,0,160,68,1456.1,275,83,36,1756
1,22,4,0,141,76,1330.4,222,117,47,1779
1,34,2,0,145,55,1137.3,136,64,55,1295
1,42,3,1,135,52,982.5,175,51.69,53,1384
0,35,3,0,170,104,1915.2,259,159,64,2248
0,21,3,0,168,75,1709.4,276,125,60,2144
1,20,3,3,160,39,1141.7,129.225,51.69,35,1039
0,49,3,1,158,91,1650.8,356,91,69,2409
1,22,2,3,160,79,1506.4,261,84,79,2091
0,27,3,4,175,108,2085.6,362,151,88,2844
1,32,3,0,154,42,1072.3,136,51.69,34.46,1061
1,22,3,0,155,50,1175,161,54,45,1265
0,22,2,0,162,90,1850.8,240,142,71,2167
0,25,2,4,184,73,1753.2,250,122,74,2154
1,20,2,1,160,70,1405,243,98,42,1742
0,28,2,3,160,79,1647.2,215,115,57,1833
0,22,3,2,168,93,1889.8,266,131,87,2371
0,31,3,0,168,116,2059.3,400,95,82,2718
0,23,4,4,179,73,1722.2,191,144,54,1826
0,23,3,3,164,109,2017.7,291,143,99,2627
0,22,2,1,162,46,1371.9,194,96,39,1511
0,55,3,0,174,54,1363.8,158,86,45,1381
1,43,3,2,146,91,1445.4,236,102,70,1982
0,26,3,1,165,83,1760.4,245,120,57,1973
0,29,2,0,152,83,1643.1,281,111,60,2108
0,25,3,0,156,86,1767.9,230,103,100,2232
1,30,3,0,174,66,1497.3,232,77,47,1659
0,21,2,4,185,88,1927.8,283,158,83,2511
0,20,2,0,165,61,1548.3,257,109,67,2067
1,25,4,0,139,73,1246.1,190,59,39,1347
1,21,3,2,156,86,1579.8,221,101,77,1981
0,20,2,1,165,70,1586.6,263,85,34.46,1702
0,21,4,0,182,105,2063.1,275,121,106,2538
1,37,3,0,162,46,1118.8,129.225,82,40,1205
0,29,3,0,172,52,1456.9,233,84,45,1673
0,25,3,0,176,78,1751.8,174,90,81,1785
0,25,3,0,157,102,1880.8,365,146,97,2917
0,49,2,1,160,67,1443.3,284,62,50,1834
1,21,2,1,142,57,1210.8,193,70,39,1403
0,18,2,0,179,86,1895,253,161,35,1971
1,27,3,0,143,87,1435.4,148,115,66,1646
0,42,4,0,162,94,1716.6,376,91,96,2732
0,25,2,1,165,70,1591.9,262,93,80,2140
1,19,4,0,145,70,1346.7,187,109,69,1805
0,18,2,0,170,72,1704.4,276,121,72,2236
0,23,3,0,178,110,2073.8,393,103,84,2740
0,22,3,1,163,105,1918,379,120,98,2878
0,24,4,0,180,60,1614.9,236,110,47,1807
0,29,3,0,151,81,1594.6,203,135,72,2000
1,21,2,2,153,59,1277.1,220,59,47,1539
1,22,3,0,179,60,1463.9,158,92,56,1504
1,24,3,0,173,53,1368.6,143,65,42,1210
0,25,3,2,166,78,1732.3,220,79,65,1781
1,34,4,2,139,57,1098,129.225,76,63,1388
1,20,3,0,144,67,1294.2,176,93,46,1490
0,23,3,0,177,69,1656.9,192,120,72,1896
0,22,2,0,163,46,1352.7,149,76,58,1422
0,32,2,0,164,84,1698.7,252,132,60,2076
0,26,3,1,170,89,1841.6,190,103,80,1892
0,23,3,0,168,112,2031.4,382,153,102,3058
0,19,3,0,159,47,1312,199,60,55,1531
1,27,2,1,152,53,1217.2,170,69,40,1316
0,19,2,0,165,77,1698.4,250,95,47,1803
0,29,2,0,170,95,1867.7,358,127,50,2390
0,22,3,1,180,83,1805,236,122,82,2170
0,22,3,0,169,81,1784.6,209,102,85,2009
1,24,3,0,163,66,1358.1,181,68,58,1518
0,22,3,0,168,109,2062.4,358,154,101,2957
0,29,2,0,170,105,1958.3,240,134,76,2180
0,53,3,0,169,51,1278.2,182,83,45,1465
1,46,2,0,153,65,1226.6,147,75,48,1320
0,24,3,0,166,45,1377.4,148,89,34.46,1258
0,24,3,0,157,108,1972.1,265,141,103,2551
0,47,3,1,168,52,1282.7,204,69,48,1524
1,47,3,0,144,98,1487.3,270,70,101,2269
0,23,3,0,160,114,2054.2,383,153,102,3062
1,29,4,0,140,74,1327.4,129.225,93,71,1528
0,24,2,0,170,69,1681.2,222,121,54,1858
1,22,3,0,155,56,1280.1,210,68,35,1427
1,36,3,0,142,74,1261.9,186,89,47,1523
1,20,4,0,151,71,1423,218,76,54,1662
0,20,3,0,167,67,1602,214,119,50,1782
0,22,3,4,168,41,1369,173,57,38,1262
0,31,3,1,170,51,1428,150,51.69,57,1320
0,30,3,0,177,121,2202.8,284,166,89,2601
0,21,3,4,176,75,1733.4,165,72,78,1650
1,23,3,0,168,105,1768,252,140,64,2144
1,50,3,0,164,51,1105.7,141,67,38,1174
0,24,3,0,160,105,1936.6,321,99,100,2580
0,36,3,0,162,111,1932.4,377,153,79,2831
0,21,3,2,167,66,1604.8,274,114,55,2047
1,20,3,0,130,47,980.4,141,80,52,1352
1,31,3,0,170,75,1485.6,192,83,70,1730
0,33,4,0,157,87,1678.5,325,111,84,2500
0,23,3,0,163,40,1323.3,168,84,44,1404
0,17,2,1,179,109,2119.9,388,151,97,3029
1,32,3,0,140,82,1420.3,204,89,61,1721
0,17,3,4,170,77,1724.2,200,143,63,1939
0,29,3,0,151,80,1654.8,282,102,77,2229
0,24,3,0,170,83,1816.9,284,104,55,2047
1,22,4,0,165,91,1629,246,105,73,2061
1,38,3,0,138,80,1305.1,265,65,75,1995
1,52,2,0,142,74,1152.7,225,84,67,1839
1,21,2,0,158,58,1303.4,194,51.69,56,1487
1,23,2,3,165,64,1371,184,131,47,1683
1,29,2,0,156,76,1432.4,210,102,49,1689
1,25,4,0,160,59,1313.5,129.225,94,52,1361
0,21,3,0,167,46,1438.1,201,70,62,1642
1,23,2,0,166,60,1373.1,160,87,73,1645
1,20,3,0,162,47,1209,187,51.69,36,1279
1,19,3,2,163,82,1612.7,170,105,73,1757
0,27,4,1,179,126,2220.5,244,169,113,2669
0,55,2,0,165,43,1158.9,182,62,38,1318
0,30,3,0,175,128,2232.3,403,117,97,2953
1,28,3,0,146,96,1531.6,228,99,77,2001
1,50,2,0,156,77,1304.2,252,86,43,1739
0,30,3,0,175,76,1684.6,243,66,69,1857
1,41,3,0,142,71,1200.3,223,89,48,1680
0,25,3,4,166,62,1536.1,197,89,62,1702
1,25,3,0,145,59,1198.3,205,56,50,1494
0,69,2,0,168,77,1501.8,269,100,64,2052
0,27,3,0,159,84,1719.6,254,113,74,2134
0,45,3,1,171,65,1493.9,248,125,61,2041
0,23,3,0,161,42,1308.6,143,57,46,1214
0,16,3,4,173,70,1702.2,238,108,86,2158
0,22,3,1,179,63,1642.5,189,116,34.46,1530
1,39,3,0,158,39,1017.9,149,51.69,43,1190
0,29,2,1,175,83,1744.4,288,125,64,2228
0,24,2,1,169,67,1618.4,256,105,70,2074
0,18,3,0,168,56,1498.8,170,108,55,1607
1,46,3,3,145,102,1505.2,332,96,94,2558
1,20,4,0,165,72,1470.1,181,110,62,1722
1,16,4,0,156,84,1526.1,160,108,66,1666
0,34,4,0,169,84,1700.6,244,157,54,2090
1,16,2,0,168,55,1385.9,178,58,41,1313
0,24,4,3,173,73,1615.4,153,97,66,1594
0,27,4,0,157,89,1712.3,353,94,49,2229
1,21,3,0,155,78,1470.2,246,111,72,2076
0,23,3,0,166,45,1352.4,201,53,49,1457
1,29,3,2,147,93,1510.5,258,145,45,2017
0,22,3,1,171,73,1717.4,285,64,82,2134
0,32,2,0,169,96,1907.3,283,111,85,2341
0,24,3,1,166,65,1626.5,207,78,63,1707
1,23,2,0,154,80,1509.1,281,107,62,2110
1,20,4,4,142,86,1466.4,217,114,64,1900
1,37,3,0,159,80,1420.5,225,109,58,1858
0,24,4,3,169,95,1899.4,282,128,88,2432
1,20,3,2,159,45,1215.9,130,55,55,1235
1,45,2,1,159,46,1095.9,165,62,34.46,1218
0,34,2,0,153,86,1646,260,110,70,2110
0,62,3,0,163,98,1685.9,273,114,103,2475
0,23,3,3,159,115,2059.3,379,152,101,3033
0,28,3,0,174,54,1456.9,188,92,40,1480
1,23,3,0,141,96,1603.4,265,106,77,2177
1,21,3,0,164,53,1313.6,172,83,45,1425
1,23,3,0,163,44,1218.9,134,54,37,1085
1,24,3,0,156,98,1681.5,254,134,72,2200
0,24,2,0,169,50,1468.5,224,67,46,1578
0,21,2,0,167,93,1869.7,325,146,61,2433
0,25,2,1,174,66,1588.6,222,96,54,1758
0,41,3,0,160,92,1706.8,305,119,77,2389
1,23,3,1,156,45,1188.1,129.225,67,41,1154
1,22,3,0,157,45,1124.7,165,51.69,35,1182
0,24,2,0,167,75,1696.6,285,99,50,1986
0,32,4,0,168,108,1991.1,391,143,57,2649
0,25,3,0,166,45,1393.8,163,62,44,1296
0,25,3,0,162,115,2117.7,301,164,94,2706
1,37,2,0,154,79,1404.1,204,100,59,1747
1,30,3,0,167,48,1177.5,222,66,34.46,1462
1,21,3,0,155,57,1303.1,198,74,43,1475
1,23,3,0,153,53,1209,196,51.69,38,1333
0,25,3,1,172,77,1731.8,290,84,57,2009
0,29,2,2,160,80,1663.5,305,71,66,2098
0,28,3,0,182,139,2314.9,397,119,106,3018
1,39,2,0,160,80,1429.4,202,90,42,1546
1,47,4,0,143,73,1278.3,216,70,59,1675
0,23,3,1,165,63,1606,141,120,77,1737
0,60,3,4,163,59,1348.9,210,106,69,1885
0,36,2,0,164,53,1384.8,202,66,40,1432
1,35,3,0,141,74,1268.4,185,81,78,1766
0,51,3,0,163,58,1327.4,236,69,54,1706
0,16,4,0,156,72,1606.2,213,97,64,1816
1,21,2,0,156,48,1141.3,182,60,34.46,1278
1,35,4,2,165,69,1405.8,218,66,61,1685
0,52,3,1,161,69,1425.3,219,94,42,1630
1,43,3,0,153,99,1569.2,267,151,74,2338
1,18,4,1,148,54,1231.8,168,73,41,1333
1,22,3,0,162,60,1340.6,192,74,36,1388
1,21,2,0,141,86,1478.8,293,86,80,2236
1,39,3,1,172,66,1390.7,210,67,79,1819
0,25,2,1,160,66,1515.9,217,86,61,1761
0,20,3,0,157,101,1893,339,150,100,2856
0,27,2,0,167,133,2249.3,156,163,122.946,2383
0,51,3,0,179,91,1747.2,390,136,56,2608
0,22,3,3,169,59,1551.7,207,56,53,1529
0,25,3,0,167,127,2217.4,341,117,103,2759
1,41,2,1,164,47,1118.2,148,69,45,1273
1,31,3,0,169,65,1362.6,247,88,38,1682
0,24,3,0,170,68,1638.4,244,64,63,1799
0,22,2,1,168,76,1703.8,236,88,64,1872
0,29,4,0,176,108,2011.4,385,149,82,2874
0,24,4,4,173,87,1767.3,179,107,104,2080
0,23,3,4,176,59,1614.1,190,69,61,1585
0,24,2,0,165,74,1615.4,275,75,68,2012
1,22,3,0,162,44,1193.6,143,66,53,1313
0,23,3,0,182,60,1635,246,94,62,1918
0,44,3,0,156,53,1304.8,203,56,50,1486
1,22,4,0,143,85,1466.3,245,95,59,1891
1,21,2,0,141,86,1424.4,293,86,85,2281
0,23,3,0,166,45,1342.4,166,76,51,1427
0,20,3,1,179,74,1724.2,256,121,73,2165
1,36,3,0,144,79,1387,258,110,71,2111
1,26,4,0,141,73,1363,240,75,71,1899
1,23,2,0,156,50,1209.4,227,63,34.46,1470
1,57,2,0,153,72,1197.7,129.225,97,50,1355
1,25,2,3,166,70,1443.5,208,67,74,1766
1,25,3,0,142,72,1280.7,217,84,54,1690
0,26,4,0,168,103,1949.9,274,93,100,2368
0,25,3,0,163,108,2054.4,385,154,103,3083
0,30,3,0,173,53,1461,178,84,48,1480
0,25,3,0,169,55,1487.9,207,51.69,67,1638
1,23,3,2,160,65,1315.3,224,63,48,1580
0,18,3,4,178,76,1791.5,265,131,62,2142
1,28,3,0,173,54,1334.3,159,55,43,1243
1,27,3,0,142,90,1412.9,230,79,72,1884
1,25,3,4,166,54,1278.8,174,68,42,1346
0,27,2,0,174,73,1684.7,273,102,56,2004
0,41,3,0,160,109,1921.6,355,153,101,2941
0,20,3,0,176,72,1722.3,255,95,63,1967
0,42,2,0,167,109,1926.7,328,132,80,2560
0,29,3,2,158,89,1758.4,330,89,103,2603
1,23,3,1,163,55,1270.1,133,85,49,1313
0,24,3,1,172,102,1970.5,319,157,79,2615
0,23,4,4,172,70,1680.5,159,118,80,1828
0,26,2,0,167,68,1627.3,285,105,58,2082
0,25,2,0,177,101,1991,210,162,95,2343
1,23,3,0,159,89,1554.5,233,95,35,1627
0,21,2,0,163,44,1396,177,86,48,1484
0,29,2,0,166,48,1369.4,142,80,53,1365
1,23,2,0,154,77,1436.8,231,103,82,2074
0,28,4,0,170,107,1986.9,279,143,91,2507
0,21,2,0,171,54,1566.3,209,87,63,1751
1,22,2,0,163,59,1362.9,234,51.69,34.46,1453
1,49,3,4,139,74,1183.5,220,73,56,1676
1,22,3,1,157,56,1185.5,136,73,39,1187
0,25,2,1,161,88,1739.5,284,113,74,2254
0,27,4,0,163,103,1896,306,144,68,2412
1,33,3,0,160,80,1458.5,246,128,69,2117
0,23,4,0,174,108,2041.5,318,142,95,2695
0,23,4,4,174,86,1812.2,258,144,87,2391
1,21,2,2,161,62,1353.9,243,65,39,1583
1,25,3,0,143,94,1570.4,272,96,74,2138
0,25,3,0,163,42,1273.9,176,56,37,1261
1,23,2,0,152,51,1200.3,202,65,41,1437
0,30,4,3,178,78,1807,241,108,79,2107
1,22,3,1,151,54,1229.7,158,54,61,1397
0,22,2,0,168,96,1886.5,233,140,80,2212
0,28,2,0,156,83,1721.5,173,116,57,1669
1,21,2,0,155,53,1240.9,145,70,36,1184
1,18,3,0,145,72,1355.5,203,76,47,1539
1,49,3,2,146,94,1428.1,205,116,64,1860
1,21,3,1,153,54,1213.7,214,108,40,1648
1,26,3,0,161,48,1167.9,178,62,49,1401
1,50,3,0,141,74,1182.1,183,92,45,1505
0,22,3,2,179,78,1791.6,236,148,86,2310
0,34,4,0,155,86,1657.8,295,128,80,2412
1,23,3,0,160,76,1488.5,174,81,66,1614
0,22,2,0,163,48,1435.2,171,69,70,1590
0,25,3,0,169,40,1302.8,130,60,39,1111
0,24,3,2,168,66,1595.4,299,77,69,2125
1,37,3,0,137,91,1347.9,268,81,66,1990
0,29,3,0,175,52,1412.6,192,86,41,1481
0,27,2,1,161,84,1720.5,236,129,34.46,1770
0,28,2,3,166,96,1841,273,149,84,2444
0,21,2,0,175,73,1640.5,254,120,34.46,1806
0,28,3,0,175,124,2210.1,326,157,104,2868
1,49,3,1,164,46,1067.8,137,56,34.46,1082
0,21,2,0,162,67,1556.2,225,51.69,70,1737
0,22,3,0,160,112,2052.4,389,97,99,2835
0,24,2,2,165,86,1711.2,204,113,59,1799
1,36,3,0,143,80,1353.6,232,59,67,1767
1,47,3,0,159,101,1588.3,345,140,54,2426
0,22,4,0,183,106,2088,397,159,74,2890
1,38,2,0,160,80,1422.9,169,74,87,1755
0,24,3,1,155,108,1909.6,321,88,108,2608
0,21,3,1,167,67,1637.6,218,60,69,1733
0,61,3,3,164,96,1654.2,343,93,64,2320
1,22,3,4,162,54,1274,147,70,49,1309
0,25,3,0,164,110,2000.5,358,59,90,2478
0,24,3,0,162,101,1867.3,255,135,102,2478
1,19,3,0,159,43,1177.2,136,54,39,1111
0,18,3,2,164,46,1468.1,184,60,51,1435
1,35,4,0,160,80,1475.3,204,95,89,1997
0,22,2,0,163,76,1636.7,283,115,70,2222
0,25,3,3,169,49,1480,142,88,36,1244
1,22,2,0,136,50,1117.7,199,62,34.46,1354
1,23,2,1,160,78,1512.9,229,94,39,1643
0,28,3,0,171,50,1453.5,174,68,48,1400
1,24,3,3,162,90,1609.5,263,82,90,2190
0,23,2,0,168,49,1430.6,194,93,35,1463
0,25,2,0,168,89,1811.9,218,120,97,2225
1,21,2,2,155,44,1148.5,134,77,38,1186
1,21,3,0,154,54,1187,165,51.69,35,1182
0,25,3,2,171,79,1753.8,233,85,59,1803
0,37,3,0,156,101,1842.8,340,93,80,2452
0,21,2,0,167,61,1569.6,150,80,67,1523
0,24,3,0,182,101,1968.4,383,119,102,2926
1,22,3,0,152,69,1460.9,197,95,56,1672
0,22,3,0,168,58,1479.9,265,80,35,1695
0,36,3,0,158,104,1860.2,338,145,99,2823
0,21,3,3,168,61,1547.7,283,58,48,1796
0,43,2,2,163,69,1492.6,238,77,72,1908
0,22,4,4,174,70,1662.1,298,95,73,2229
1,19,4,0,164,49,1278.2,185,78,50,1502
1,21,4,0,161,62,1391.1,207,98,51,1679
0,19,2,0,165,40,1389.1,174,51.69,41,1272
0,21,2,1,162,69,1543.6,267,124,46,1978
0,23,3,4,167,80,1704.1,297,115,59,2179
1,21,3,0,140,51,1157.2,132,60,47,1191
1,20,3,1,174,60,1431,174,74,45,1397
0,24,3,1,181,65,1707.6,251,67,57,1785
1,25,3,0,143,91,1547.3,238,117,46,1834
0,24,3,0,167,48,1422.2,201,53,36,1340
1,47,3,0,160,100,1601.2,241,97,97,2225
1,19,2,1,158,54,1285.3,142,70,41,1217
1,23,3,1,155,77,1512.3,243,79,67,1891
1,24,3,0,170,72,1499.2,220,88,48,1664
0,22,2,1,174,118,2178.4,385,154,91,2975
0,24,3,0,169,93,1829.7,348,91,73,2413
1,23,3,0,160,91,1635.2,265,90,52,1888
0,44,3,0,155,91,1703.9,365,152,62,2626
0,19,2,0,165,60,1566.1,201,63,41,1425
1,31,3,0,171,74,1464.7,174,81,54,1506
0,23,4,3,171,96,1966.5,243,166,76,2320
0,23,2,0,164,107,1955.5,379,108,101,2857
1,21,2,4,157,71,1415.4,194,56,43,1387
1,24,3,3,164,66,1453.1,221,100,61,1833
1,43,2,0,166,88,1554.3,257,132,63,2123
1,21,3,0,161,57,1323.5,130,104,54,1422
0,24,3,0,170,41,1359.6,143,62,46,1234
0,22,4,0,178,127,2241,390,131,96,2948
0,24,3,0,164,61,1539.9,203,71,73,1753
0,24,4,4,169,69,1608,201,95,58,1706
0,19,3,0,160,47,1426.3,180,77,61,1577
0,22,2,0,169,82,1778,201,106,112,2236
1,21,4,0,145,88,1517.2,194,138,96,2192
1,36,2,0,152,80,1398.5,146,99,66,1574
1,22,2,0,169,67,1495.5,267,67,55,1831
0,30,3,0,169,71,1575.9,311,75,59,2075
1,21,3,0,147,38,1046.3,129.225,54,34.46,1043
0,27,2,0,173,91,1825.7,317,155,85,2653
0,21,3,4,172,56,1510.7,200,97,43,1575
0,23,2,4,179,64,1666.6,236,96,60,1868
0,17,2,0,163,95,1863.2,309,115,71,2335
1,27,3,0,156,79,1463.8,238,94,45,1733
0,16,3,4,173,79,1760.9,203,124,60,1848
0,20,4,0,181,81,1873,286,117,84,2368
0,50,4,0,172,110,1920.1,226,157,60,2072
0,25,2,4,184,76,1779.5,281,114,63,2147
0,65,3,4,165,69,1456.5,220,83,55,1707
0,26,2,1,164,89,1771.6,271,108,76,2200
1,20,3,0,173,57,1391.7,222,73,41,1549
0,25,3,0,168,51,1420.1,177,86,43,1439
1,24,2,1,160,76,1497,181,121,64,1784
0,23,3,1,174,59,1618.1,187,69,65,1609
0,20,2,0,160,46,1402.6,242,68,43,1627
0,20,3,1,180,84,1821.6,375,104,54,2402
1,22,2,0,162,66,1394.2,264,91,51,1879
0,17,3,0,156,87,1787.6,315,51.69,69,2088
0,35,3,0,169,47,1357.6,137,53,42,1138
0,29,3,1,169,92,1865.7,256,89,88,2172
1,29,4,0,141,53,1105.3,166,61,35,1223
0,55,2,0,165,43,1220.3,157,74,42,1302
1,46,2,1,138,50,988.1,141,64,54,1306
0,26,3,0,173,95,1883.5,269,105,106,2450
0,27,2,0,169,91,1884.1,253,94,109,2369
0,23,2,0,164,67,1624.9,162,98,62,1598
0,19,4,0,168,105,2027.1,306,139,72,2428
0,20,3,0,165,55,1448.8,184,104,51,1611
1,23,2,0,142,54,1161.8,165,63,54,1398
1,22,3,0,156,88,1547.4,258,135,80,2292
1,55,2,0,152,63,1146.5,151,77,55,1407
0,31,3,0,165,97,1814.5,324,109,86,2506
0,16,3,4,169,77,1756.4,242,116,71,2071
0,33,4,0,163,98,1839.5,297,91,63,2119
1,38,2,0,156,77,1385.3,206,56,71,1687
0,26,3,0,173,54,1525.5,223,82,43,1607
0,26,3,0,159,110,1965.9,313,149,105,2793
0,23,3,2,171,91,1897.7,367,66,77,2425
0,22,2,4,180,63,1656.7,245,89,62,1894
0,23,2,1,171,67,1604.9,230,73,70,1842
1,55,2,0,143,70,1159.1,159,51.69,67,1446
0,27,3,0,170,94,1885.3,305,86,73,2221
1,25,4,3,160,58,1269.8,202,58,48,1472
0,21,2,1,165,89,1835.8,204,111,79,1971
0,26,3,1,177,97,1902.9,301,97,75,2267
0,30,4,0,164,103,1933.2,289,143,102,2646
1,23,4,0,157,73,1418.9,253,51.69,53,1696
0,23,3,1,181,100,2025.6,386,136,87,2871
0,20,4,4,163,85,1748.7,294,119,79,2363
1,20,3,0,156,85,1604.3,208,100,76,1916
0,19,2,0,175,76,1766,298,65,47,1875
0,24,3,1,181,87,1874.9,348,90,51,2211
0,24,4,1,170,59,1523.1,236,76,60,1788
0,24,3,0,156,100,1918.1,290,80,65,2065
0,20,2,1,175,65,1616.6,193,90,44,1528
1,37,3,0,156,99,1637.4,170,118,94,1998
0,31,4,0,153,88,1661.4,204,118,96,2152
0,23,3,2,178,65,1614.2,129.225,102,83,1672
1,25,4,0,157,87,1590.5,246,99,64,1956
1,22,2,1,158,80,1505.4,217,74,48,1596
0,26,3,0,172,50,1434.2,208,67,48,1532
1,25,4,2,178,69,1491.5,169,87,60,1564
1,29,3,4,153,52,1149.8,146,76,35,1203
1,22,4,0,151,97,1675.6,263,85,78,2094
0,20,3,4,175,64,1688.5,175,76,58,1526
0,23,2,1,168,102,1948.2,369,160,63,2683
1,21,2,1,164,83,1568.6,232,69,85,1969
0,22,2,0,163,76,1672,226,85,55,1739
0,23,3,0,164,72,1635.4,249,55,78,1918
1,21,4,2,157,59,1262.6,222,77,51,1655
0,16,3,4,174,70,1746.2,229,81,72,1888
1,23,3,1,158,64,1340.7,202,64,57,1577
1,18,4,0,151,54,1294,173,56,34.46,1226
1,50,4,0,140,74,1183.8,177,119,79,1895
1,23,3,0,171,59,1330.4,197,71,46,1486
1,30,2,0,164,111,1894.8,359,142,83,2751
0,23,3,0,156,111,1983.4,352,76,106,2666
1,22,3,2,153,67,1357.1,184,99,61,1681
0,25,2,0,170,92,1877.3,347,128,82,2638
1,17,3,3,161,51,1256.3,135,51.69,49,1188
0,28,3,0,169,50,1464.9,191,63,60,1556
1,21,4,2,168,54,1302.8,201,86,38,1490
0,23,3,0,179,80,1816.3,266,118,60,2076
0,22,3,1,178,85,1883.4,310,106,93,2501
1,19,3,0,172,56,1384.9,139,81,60,1420
1,21,2,0,172,49,1280.6,169,51.69,46,1297
0,19,2,2,173,78,1770,267,112,40,1876
0,22,3,0,173,118,2201.4,309,151,108,2812
1,58,3,4,156,54,1042.7,129.225,51.69,52,1192
0,46,2,0,157,66,1405.6,242,92,43,1723
1,26,2,3,166,70,1443.9,151,111,48,1480
0,20,3,0,175,97,1977.6,383,100,48,2364
1,23,2,0,136,50,1007.6,163,60,43,1279
0,23,4,0,186,84,1902.9,393,99,76,2652
0,20,4,0,158,73,1564.2,235,116,51,1863
0,22,2,0,165,65,1586,312,80,50,2018
0,23,3,2,175,81,1772.3,308,146,66,2410
0,25,3,3,180,64,1664.7,237,76,55,1747
0,22,2,1,166,61,1541.3,199,59,72,1680
0,22,3,0,173,75,1672.2,234,119,60,1952
0,29,4,3,179,78,1770,237,107,71,2015
0,21,2,4,164,73,1601.9,286,93,65,2101
0,21,3,1,166,65,1652.5,211,87,87,1975
1,48,2,0,146,59,1126.1,147,51.69,38,1137
0,29,3,2,155,88,1737.1,331,104,75,2415
0,20,4,3,172,60,1602.4,216,97,69,1873
0,21,3,0,160,46,1364.3,159,75,48,1368
0,27,2,1,168,94,1871.6,375,115,83,2707
1,26,2,0,163,77,1476.3,129.225,100,67,1520
0,28,4,1,164,94,1822,139,123,82,1786
0,43,3,0,157,89,1663.8,247,121,98,2354
0,29,4,3,178,79,1749.7,226,111,79,2059
1,36,3,0,139,91,1455.6,201,87,58,1674
0,23,3,0,156,117,2027.1,316,164,44,2316
1,27,4,0,162,70,1421.8,206,73,62,1674
0,31,3,1,164,118,2054.9,362,155,85,2833
1,30,3,2,164,46,1146.8,173,51.69,42,1277
0,21,3,0,173,112,2085.6,316,136,106,2762
0,39,3,0,168,118,2076.9,379,139,96,2936
0,22,4,1,178,89,1967.1,333,133,87,2647
0,38,3,0,168,99,1853.5,323,135,100,2732
1,45,3,0,158,112,1711.6,332,100,91,2547
0,21,3,2,165,63,1516,218,85,57,1725
1,23,3,3,160,80,1494.1,197,72,73,1733
0,25,3,0,172,93,1871.8,289,124,78,2354
1,16,3,0,163,43,1219.7,153,59,51,1307
0,24,3,0,165,108,1981.1,332,119,92,2632
1,19,3,4,167,60,1434.5,144,58,53,1285
0,23,2,0,170,89,1828.7,133,94,77,1601
1,48,3,0,166,49,1156.4,206,69,36,1424
1,20,3,0,155,56,1306.4,200,80,34.46,1430
0,22,3,0,177,85,1844.3,275,114,93,2393
1,19,2,1,154,54,1238.3,138,63,51,1263
1,26,4,0,170,67,1447.1,207,73,56,1624
0,27,3,4,170,79,1745.5,289,98,72,2196
0,27,3,1,179,80,1826.1,279,94,61,2041
0,22,3,4,173,75,1712.2,248,86,69,1957
0,30,2,0,165,85,1749.8,293,129,69,2309
0,21,3,0,154,113,1974.5,386,91,101,2817
1,32,3,0,167,79,1484,265,66,92,2152
0,21,3,0,160,47,1263.8,177,87,47,1479
0,24,3,1,170,57,1512.9,167,81,37,1325
1,50,4,0,153,70,1224.8,235,83,58,1794
1,37,3,0,151,96,1588.4,336,143,57,2429
1,59,3,0,148,73,1172.8,154,77,57,1437
0,20,4,0,171,63,1606,211,114,50,1750
0,22,2,0,174,67,1633.5,219,96,66,1854
1,16,3,4,151,47,1213.7,129.225,98,34.46,1219
0,24,4,4,168,101,1982.2,249,67,109,2245
0,33,3,2,164,50,1377.2,237,64,34.46,1514
0,20,3,0,174,55,1516.6,131,64,80,1500
0,20,4,0,168,60,1535.6,178,85,70,1682
1,21,3,3,169,58,1329.3,172,81,49,1453
0,27,3,0,170,99,1897.3,243,106,54,1882
0,20,2,0,166,83,1793.4,292,69,75,2119
0,45,3,0,155,89,1619.9,202,125,62,1866
1,20,3,0,164,49,1189.6,129.225,76,34.46,1131
0,27,3,0,170,54,1428.6,234,52,53,1621
1,23,3,0,151,73,1460.7,248,94,54,1854
1,23,3,0,160,47,1184.7,129.225,60,37,1090
0,27,3,2,176,122,2170.8,367,154,102,3002
0,18,2,1,176,79,1829.2,297,140,90,2558
0,36,3,0,161,63,1468.3,201,51.69,60,1551
1,22,3,0,160,64,1350.7,224,74,52,1660
0,19,3,3,180,59,1635.3,176,136,79,1959
1,43,2,1,141,50,990.7,140,73,34.46,1162
1,59,2,0,155,78,1301.4,244,67,59,1775
0,20,4,0,176,113,2147.4,397,128,93,2937
1,21,3,2,162,50,1257.5,136,57,44,1168
1,47,3,0,141,73,1230.2,161,84,47,1403
0,27,2,1,168,85,1786.9,224,141,78,2162
1,30,3,0,144,74,1340.8,162,85,76,1672
0,23,4,0,184,110,2101.9,408,151,54,2722
0,22,2,0,157,66,1497.2,187,83,69,1701
0,24,3,2,164,65,1577.9,202,51.69,62,1573
0,24,3,0,175,65,1564.7,213,87,59,1731
0,22,3,3,174,58,1541.6,217,51.69,71,1714
0,20,3,0,170,51,1468,158,75,47,1355
1,19,3,0,157,90,1633.4,299,83,64,2104
0,23,4,0,178,63,1658.8,213,156,45,1881
0,28,3,0,162,98,1885.1,310,80,47,1983
1,18,3,0,164,46,1195.8,158,56,42,1234
0,20,3,4,168,71,1633.9,315,79,54,2062
0,26,3,0,168,53,1464.1,263,77,64,1936
0,22,3,0,166,81,1683.1,325,75,53,2077
1,47,3,0,161,45,1038.9,129.225,80,40,1197
0,22,4,0,175,100,1961.7,304,106,77,2333
0,19,4,3,173,74,1763.7,267,137,49,2057
1,42,3,0,165,50,1180.2,151,70,34.46,1194
0,25,4,0,145,79,1556.2,220,144,82,2194
0,17,3,0,188,57,1676.8,237,52,73,1813
1,33,3,0,155,42,1117.9,150,51.69,34.46,1117
0,20,3,0,172,79,1783.6,282,107,56,2060
1,28,2,0,155,95,1705.3,312,135,38,2130
0,21,2,2,166,55,1509.2,226,79,50,1670
1,23,2,3,165,65,1432.1,202,59,50,1494
0,29,2,0,168,91,1855.2,310,151,70,2474
1,24,3,0,137,73,1290,140,69,68,1448
1,23,2,0,142,97,1630.9,299,112,85,2409
1,37,3,0,157,45,1065.7,173,51.69,48,1331
1,21,3,0,164,47,1226.9,132,60,54,1254
1,25,2,0,155,40,1104.4,153,51.69,40,1179
1,22,3,0,155,88,1553.1,291,97,48,1984
0,22,3,1,173,76,1703.2,265,69,62,1894
1,17,3,0,155,56,1295.4,164,84,41,1361
0,25,3,0,165,108,1950.2,343,151,58,2498
0,23,3,0,169,108,2051.5,341,132,102,2810
0,22,3,0,170,49,1448.3,233,66,34.46,1506
1,28,3,0,175,67,1437.6,177,74,62,1562
1,17,3,0,166,91,1671,293,125,59,2203
0,21,2,0,160,46,1304.4,174,84,52,1500
0,18,2,2,173,75,1804.5,230,93,59,1823
1,37,2,3,159,80,1458.9,237,92,68,1928
1,39,2,0,161,80,1503.9,203,85,58,1674
0,32,3,0,163,70,1568.9,215,82,82,1926
0,23,2,1,174,63,1621.9,246,74,74,1946
1,30,3,0,168,80,1540.7,270,75,47,1803
0,24,3,0,174,106,1995.5,391,101,94,2814
1,22,3,0,140,73,1290.5,283,67,48,1832
1,32,3,0,146,82,1338.9,291,82,39,1843
1,45,4,0,137,72,1159,222,69,52,1632
0,22,2,0,161,66,1532.8,245,73,83,2019
1,22,2,0,156,71,1395,239,79,57,1785
1,31,3,0,156,44,1093.7,181,51.69,44,1327
0,28,4,1,180,134,2297.2,398,159,90,3038
0,22,2,0,180,73,1736.9,243,87,61,1869
0,23,2,3,184,74,1759.6,298,68,80,2184
1,33,3,0,156,42,1045.4,129.225,58,34.46,1059
1,32,3,0,142,95,1479.6,201,130,68,1936
0,24,3,0,156,118,2043.5,371,109,104,2856
0,33,3,2,156,88,1733.5,314,139,71,2451
0,25,3,0,163,117,2114.1,386,129,85,2825
1,39,2,0,161,82,1495.7,241,72,68,1864
0,20,3,3,175,80,1797.5,242,86,68,1924
1,55,2,0,144,73,1159,162,78,62,1518
0,23,3,0,163,44,1373.8,181,81,52,1516
0,33,3,4,160,107,1962.2,179,166,105,2325
0,23,3,2,174,83,1856.2,304,81,81,2269
1,21,3,4,152,51,1199.3,153,58,45,1249
1,21,2,0,156,47,1200,178,51.69,34.46,1229
1,24,2,3,157,57,1226.2,172,89,42,1422
0,30,3,0,173,51,1449.9,193,83,60,1644
0,22,3,0,165,45,1375.3,144,64,50,1282
0,24,2,1,172,101,2007.4,292,144,80,2464
0,25,4,0,168,102,1939.2,308,109,92,2496
0,21,2,0,154,67,1559.8,235,63,66,1786
0,23,3,3,170,75,1683.7,210,124,82,2074
0,23,2,4,183,74,1786.5,193,85,69,1733
0,18,2,0,165,62,1558.9,197,67,71,1695
0,22,3,0,168,65,1624.9,287,70,69,2049
1,22,4,0,156,45,1131,160,54,36,1180
1,27,4,4,153,52,1197.4,142,65,36,1152
1,25,3,0,153,94,1615.2,207,121,99,2203
1,35,3,3,164,69,1345.8,192,120,73,1905
0,22,2,0,167,52,1427,188,62,41,1369
0,24,2,0,166,60,1559.1,205,66,55,1579
0,25,2,4,169,70,1644.1,165,124,56,1660
0,46,3,0,169,52,1338.7,135,65,52,1268
0,20,2,1,173,71,1650.5,230,79,49,1677
0,23,3,0,164,119,2121.8,398,98,89,2785
1,22,2,1,168,52,1321.6,195,92,34.46,1458
0,23,3,0,169,58,1524.5,272,51.69,58,1817
0,22,3,0,169,96,1940.2,209,115,89,2097
1,27,2,0,177,132,2141.7,225,163,109,2533
1,23,3,0,152,75,1433.1,235,68,71,1851
0,21,2,0,162,55,1393.4,172,60,60,1468
0,27,2,1,170,98,1905.2,397,86,73,2589
1,30,2,0,154,76,1394.3,258,87,52,1848
1,27,3,0,151,92,1527.5,217,130,69,2009
0,49,3,1,160,90,1690.3,236,113,80,2116
0,19,3,3,168,53,1485.6,184,78,42,1426
0,21,2,0,157,45,1327.7,139,56,39,1131
0,16,3,4,173,79,1745,290,51.69,86,2141
0,24,3,1,170,75,1667.9,273,76,47,1819
0,22,3,4,173,76,1747.8,249,90,45,1761
1,40,3,0,164,67,1305.6,207,65,49,1529
1,51,3,0,161,78,1363.8,193,85,73,1769
1,52,3,0,161,79,1376.6,186,86,71,1727
0,23,3,1,164,70,1607.3,173,87,66,1634
1,26,3,0,156,87,1563.6,233,97,52,1788
0,25,3,1,177,95,1920.7,286,146,100,2628
1,22,2,3,160,78,1478,220,74,65,1761
0,29,3,0,156,108,1913.3,347,142,101,2865
1,31,3,0,159,81,1476.5,178,122,78,1902
0,17,3,0,188,54,1616.6,243,93,37,1677
0,22,2,1,175,120,2217.5,379,152,101,3033
1,22,3,0,162,53,1235.3,196,51.69,46,1405
0,23,3,0,169,99,1943.3,335,150,102,2858
1,19,4,0,163,50,1238.9,204,51.69,58,1545
0,23,3,0,168,41,1347.2,156,67,45,1297
1,25,3,1,155,64,1301,191,69,45,1445
1,52,3,0,152,77,1345.9,210,94,77,1909
0,22,3,0,162,119,2102.6,326,156,104,2864
0,22,2,0,181,64,1668.7,154,101,78,1722
0,23,3,0,163,71,1604.4,272,107,63,2083
0,22,2,3,172,74,1712.7,308,89,54,2074
0,20,3,0,160,41,1339.2,134,65,40,1156
1,20,4,0,165,81,1596,183,135,56,1776
0,23,3,1,173,77,1772.9,302,87,82,2294
1,22,2,0,161,71,1477.2,209,101,46,1654
1,22,2,0,141,54,1165.7,129.225,74,49,1254
0,32,3,1,169,85,1732.1,366,67,59,2263
1,19,2,1,155,54,1259.2,146,68,49,1297
1,30,2,0,145,63,1219.1,179,75,52,1484
1,20,3,0,156,57,1283,197,85,47,1551
1,23,4,0,153,76,1466.3,267,65,73,1985
1,25,3,0,171,58,1391.5,208,51.69,53,1516
0,22,3,3,168,61,1589.2,277,78,75,2095
1,28,3,0,152,56,1188.7,156,93,36,1320
0,24,2,4,180,64,1715.9,201,101,61,1757
1,58,2,0,159,77,1337.1,155,72,70,1538
0,27,3,0,170,78,1719,239,89,92,2140
1,23,2,4,158,55,1255.8,172,67,38,1298
0,58,2,4,168,80,1592.3,169,98,83,1815
1,27,3,0,153,93,1642.4,208,80,79,1863
0,42,4,0,155,88,1599.2,258,121,84,2272
0,36,3,0,170,52,1340.3,177,84,42,1422
1,22,3,0,143,70,1321.2,181,87,60,1612
0,22,2,0,170,89,1853.8,397,79,80,2624
1,22,2,0,156,67,1320.6,224,70,41,1545
1,22,3,0,150,44,1079.9,152,51.69,43,1202
0,22,3,0,175,69,1674.1,233,91,55,1791
0,24,3,0,168,117,2090.5,384,128,102,2966
0,25,4,2,177,83,1804.7,337,104,60,2304
0,32,3,0,157,87,1677,299,105,95,2471
0,22,3,0,165,55,1429.8,168,85,43,1399
1,58,3,4,157,54,1016.3,149,61,50,1290
0,25,4,0,160,42,1277.2,132,59,63,1331
1,25,2,3,157,58,1270.4,227,62,34.46,1466
0,24,2,0,181,87,1864.3,189,115,113,2233
0,22,3,0,162,45,1394.1,150,81,50,1374
0,38,2,1,162,68,1600.1,156,88,67,1579
0,19,3,3,183,73,1797.6,309,131,44,2156
1,20,2,0,163,55,1311.3,236,68,34.46,1526
1,19,3,0,145,73,1401.2,264,70,60,1876
0,21,3,0,156,115,1989.7,348,51.69,89,2400
1,41,3,0,153,98,1614.4,288,53,84,2120
0,25,3,0,156,87,1730.6,292,128,66,2274
0,20,3,3,174,80,1785.5,329,113,65,2353
0,21,3,0,166,62,1556.5,200,100,38,1542
0,30,3,1,170,52,1386.7,129.225,77,48,1257
0,18,2,0,169,73,1645.5,282,115,67,2191
1,24,3,2,155,52,1231.2,132,65,55,1283
0,23,3,1,175,100,1952.9,368,117,89,2741
0,32,3,0,163,99,1844.4,319,142,103,2771
1,20,3,0,164,47,1244.7,143,53,35,1099
1,31,3,0,141,100,1574.2,286,87,72,2140
0,25,3,3,159,119,2058.3,321,156,101,2817
1,25,3,4,162,53,1237.7,211,60,59,1615
0,34,3,0,153,89,1686.7,296,98,83,2323
0,24,2,0,179,65,1671.7,210,80,69,1781
1,21,2,0,162,57,1383.2,241,51.69,43,1558
0,22,3,0,166,52,1420.1,218,59,53,1585
0,22,3,0,164,53,1479.5,229,86,41,1629
1,23,3,0,156,49,1179.8,190,55,34.46,1290
0,24,3,0,182,90,1945.2,286,109,80,2300
0,31,4,0,169,106,1972.2,337,64,85,2369
1,22,3,0,162,43,1162.4,179,62,36,1288
1,22,3,0,139,48,1095.8,159,73,47,1351
0,23,3,0,168,114,2121.8,373,105,98,2794
0,25,4,0,159,48,1348.2,174,76,48,1432
0,19,3,0,169,50,1497.3,165,74,57,1469
0,24,2,0,175,55,1543.6,233,71,34.46,1526
1,33,2,1,164,48,1145.6,178,71,50,1446
1,33,3,0,141,96,1525.8,219,109,96,2176
1,57,2,0,152,60,1120.3,136,91,47,1331
1,50,4,0,139,73,1197.7,221,113,51,1795
0,58,3,1,164,51,1187.7,230,72,38,1550
0,28,2,4,174,71,1668.6,267,85,61,1957
1,27,3,0,145,87,1379.2,247,76,51,1751
0,24,2,0,165,49,1416.9,236,65,40,1564
1,28,3,0,145,95,1597.5,278,102,62,2078
1,25,3,0,175,105,1846.1,328,132,72,2488
0,37,3,0,168,49,1405.7,214,52,46,1478
1,22,4,1,153,53,1240.2,190,88,35,1427
1,20,3,3,162,37,1168.7,154,54,36,1156
0,35,3,0,160,89,1685.6,244,93,75,2023
0,22,3,0,160,109,1949.7,370,129,79,2707
0,20,3,0,172,60,1569.2,204,107,53,1721
1,22,4,0,153,80,1507.8,223,89,58,1770
0,23,3,1,162,92,1859,287,106,104,2508
0,24,3,0,169,46,1348.9,193,102,41,1549
0,23,3,2,167,66,1585,157,116,66,1686
0,22,2,0,168,61,1585.4,160,98,73,1689
0,46,3,1,175,46,1300.7,160,63,54,1378
1,32,3,0,157,40,1081.2,139,56,37,1113
0,25,4,0,166,84,1743.6,340,51.69,72,2215
0,22,2,0,162,65,1584.5,203,90,57,1685
1,19,3,0,131,51,1072.2,129.225,51.69,51,1183
1,36,3,0,157,42,1047.4,131,52,37,1065
1,32,2,0,152,72,1376.6,192,85,46,1522
0,23,3,0,163,117,2109,394,128,78,2790
1,35,3,0,152,38,982.1,148,51.69,34.46,1109
1,35,3,0,140,90,1405.9,205,78,76,1816
1,21,2,0,158,58,1314.4,213,70,47,1555
1,40,3,0,139,71,1162.9,210,57,49,1509
1,27,3,0,157,100,1656.3,244,115,65,2021
0,21,3,3,168,59,1556.8,159,57,75,1539
0,24,2,0,164,41,1272.2,150,94,51,1435
1,19,2,0,168,64,1457.7,239,105,37,1709
0,23,2,4,168,90,1854,324,103,62,2266
0,22,3,0,151,98,1885.6,373,106,60,2456
0,22,3,2,174,78,1701.8,255,87,47,1791
0,46,3,4,175,44,1346.7,169,56,52,1368
0,25,4,2,166,58,1493.9,207,111,41,1641
0,27,4,1,160,68,1513.9,210,111,61,1833
1,59,2,0,153,82,1306.8,192,110,74,1874
1,22,3,3,144,55,1125.9,177,88,50,1510
1,19,3,1,156,53,1242.8,174,54,45,1317
1,22,4,1,176,71,1490.6,238,112,43,1787
0,24,3,4,163,98,1839.8,383,78,80,2564
1,26,4,0,164,46,1230.8,142,72,38,1198
1,25,3,0,144,95,1563.3,347,143,77,2653
1,29,2,2,152,64,1247,192,78,58,1602
0,23,2,0,174,67,1644.1,273,84,60,1968
0,22,3,3,176,67,1635.3,236,119,65,2005
1,22,3,3,156,49,1186.8,154,60,43,1243
0,39,3,0,169,55,1379.6,178,92,47,1503
1,21,3,4,157,55,1263.9,129.225,80,58,1359
0,25,3,0,174,54,1504.6,182,85,50,1518
1,35,3,0,138,92,1397.8,260,125,63,2107
1,21,2,1,155,54,1201.9,214,64,34.46,1422
0,20,2,0,155,45,1362.6,215,54,41,1445
1,21,3,2,156,48,1190.8,186,51.69,37,1284
0,21,4,0,177,70,1633,257,88,52,1848
1,22,2,0,151,57,1270.6,188,52,42,1338
0,33,3,0,168,50,1374.3,162,69,56,1428
1,34,4,0,156,48,1080.9,191,51.69,34.46,1281
0,24,3,0,170,99,1907.9,369,108,80,2628
0,34,3,2,159,106,1922.1,366,107,83,2639
0,26,3,0,169,53,1510.9,175,81,38,1366
0,23,4,0,158,75,1670.4,186,115,66,1798
1,36,3,0,154,100,1622.1,372,133,56,2524
0,24,2,0,181,78,1798.7,337,61,63,2159
0,39,4,0,165,107,1886.7,369,105,100,2796
0,23,3,0,167,43,1331.1,173,70,46,1386
1,23,2,0,155,41,1091.9,129.225,56,34.46,1051
0,16,4,0,158,72,1611,280,107,72,2196
1,27,4,0,161,69,1451.6,166,51.69,76,1555
1,24,2,4,155,62,1367.1,174,89,49,1493
1,26,4,1,152,57,1190.3,183,68,34.46,1314
0,17,2,0,169,77,1727.9,272,91,90,2262
0,24,3,1,166,70,1631.5,219,76,73,1837
0,24,4,0,179,124,2216.3,398,149,79,2899
0,21,3,0,175,80,1821.6,318,124,72,2416
1,19,3,4,156,54,1263,191,51.69,45,1376
0,23,4,1,167,84,1804.3,227,112,39,1707
0,68,2,0,168,78,1466.9,232,107,76,2040
1,23,3,0,168,48,1233.2,192,52,36,1300
0,24,2,2,166,67,1601.9,192,86,69,1733
0,25,3,0,157,114,2006.8,378,160,79,2863
0,37,4,0,154,87,1574.4,304,118,78,2390
1,22,3,0,162,59,1314.3,166,76,47,1391
0,18,3,0,188,56,1649.5,235,103,59,1883
1,24,4,0,139,72,1320.8,144,82,38,1246
1,24,4,0,161,59,1314.2,193,51.69,51,1438
0,22,2,4,168,69,1652.5,239,68,74,1894
1,22,3,1,159,76,1508.4,190,80,81,1809
0,50,3,0,170,53,1355.6,216,75,54,1650
0,21,3,0,168,60,1550.3,223,83,51,1683
0,19,3,1,156,99,1878.4,320,92,83,2395
1,21,2,0,157,78,1487.3,215,89,61,1765
0,21,3,0,174,89,1879.5,242,106,104,2328
1,24,2,1,161,76,1496.7,239,66,57,1733
0,22,4,1,183,91,1986.6,331,154,85,2705
0,50,3,0,174,109,1886.8,369,85,101,2725
0,24,3,4,163,42,1337.8,163,58,35,1199
0,30,3,0,164,96,1821.5,313,116,98,2598
0,26,2,4,183,79,1862.3,323,90,80,2372
1,22,2,0,166,60,1375.5,211,61,44,1484
1,17,3,1,162,46,1228.2,133,53,44,1140
1,38,3,0,143,99,1513,267,69,65,1929
0,15,3,0,177,79,1846,312,134,58,2306
1,37,3,0,156,44,1078.7,129.225,62,34.46,1075
0,24,3,0,168,62,1499.2,267,80,62,1946
0,23,4,0,180,133,2385.4,241,177,104,2608
0,19,2,0,168,56,1561.6,133,74,64,1404
1,24,2,0,156,64,1352.9,231,80,50,1694
0,19,3,0,170,65,1573.8,229,93,55,1783
0,23,3,2,167,79,1689.4,167,137,80,1936
1,26,4,2,177,71,1527,166,96,63,1615
1,24,4,0,157,89,1607,256,128,65,2121
0,19,2,0,169,60,1559.6,234,66,65,1785
1,40,3,0,163,67,1320.5,140,119,48,1468
0,21,3,0,164,48,1392.5,154,69,61,1441
0,24,3,4,175,61,1584.9,232,107,63,1923
0,23,3,0,158,122,2115.1,370,128,99,2883
1,24,2,1,158,41,1144.2,139,56,37,1113
1,20,2,0,167,67,1438.9,185,57,34.46,1278
0,23,3,1,166,57,1453.7,150,124,55,1591
0,43,3,0,160,68,1464.8,279,69,44,1788
0,35,3,0,169,49,1367.2,140,112,43,1395
1,28,3,0,158,77,1498.4,258,51.69,74,1905
0,19,3,0,151,94,1759.1,287,125,75,2323
1,48,3,0,156,45,1041.8,143,51.69,34.46,1089
0,21,2,0,184,96,2062.3,178,116,81,1905
0,21,3,0,173,76,1736.7,394,67,61,2393
0,29,4,1,173,94,1907.9,390,109,70,2626
0,23,4,1,173,62,1573.9,235,64,56,1700
0,21,3,0,174,56,1553.3,153,87,61,1509
0,28,2,1,171,99,1952.2,357,130,81,2677
1,26,4,0,163,65,1405.3,225,72,50,1638
1,21,3,4,156,43,1190.6,138,51.69,34.46,1069
1,22,3,0,166,45,1236,153,54,39,1179
0,28,3,0,166,97,1787.9,240,100,94,2206
1,18,4,0,150,53,1227.2,152,68,44,1276
0,30,3,4,151,85,1652.3,241,82,75,1967
0,29,2,2,179,91,1876.1,295,169,56,2360
0,20,3,0,174,76,1701.6,266,115,68,2136
0,25,2,2,173,75,1729.4,202,122,69,1917
1,22,2,3,166,87,1673.8,197,87,68,1748
1,28,3,0,156,98,1656.6,289,128,74,2334
1,27,3,0,151,71,1342.8,219,53,34.46,1398
1,27,3,0,175,106,1901.8,332,108,76,2444
0,33,3,4,168,49,1410.3,187,67,52,1484
1,21,4,0,143,82,1428.6,226,82,66,1826
1,22,2,3,153,59,1241.4,218,70,39,1503
0,44,2,0,160,67,1478.2,206,105,64,1820
0,23,2,0,167,78,1755.9,277,79,87,2207
0,23,3,0,163,113,2036.1,386,132,100,2972
0,39,4,0,182,109,2045.1,327,84,70,2274
0,27,2,1,170,98,1958.1,362,152,51,2515
0,26,2,0,177,99,1997.9,358,139,84,2744
0,19,3,0,162,51,1459.8,232,51.69,60,1675
1,20,3,0,157,55,1321.5,150,64,40,1216
0,35,3,0,175,111,2043.6,388,102,71,2599
1,49,3,0,153,83,1397.9,169,109,55,1607
1,23,2,1,163,76,1487.7,224,104,59,1843
0,19,2,1,165,73,1690.1,253,92,53,1857
1,16,4,0,159,60,1318.2,199,93,51,1627
0,17,2,0,163,97,1892.4,263,142,95,2475
1,19,3,2,163,81,1557.8,246,102,70,2022
1,26,3,0,152,95,1615.3,349,138,56,2452
0,26,3,0,167,51,1451.8,181,93,39,1447
0,22,2,0,168,91,1821.1,259,68,63,1875
1,22,3,0,145,67,1261.3,170,54,60,1436
1,19,2,2,158,69,1417.5,293,51.69,38,1721
1,56,3,0,160,78,1335.5,178,80,69,1653
0,23,3,0,169,101,1934.7,319,111,81,2449
1,24,3,0,156,77,1462.9,187,73,78,1742
1,21,3,0,158,52,1215,155,65,62,1438
0,24,2,0,183,100,2022.8,201,113,114,2282
0,21,3,0,173,53,1431.6,196,75,56,1588
0,25,3,1,170,70,1601,332,53,45,1945
0,17,3,1,168,69,1668.1,269,94,65,2037
0,23,4,0,176,108,2047.3,276,147,98,2574
0,21,3,0,169,123,2208.5,376,145,103,3011
0,23,3,0,170,66,1621.1,246,126,63,2055
0,22,4,1,163,66,1588.1,288,87,62,2058
1,22,2,2,152,77,1457,230,82,69,1869
0,16,3,0,179,81,1872.8,278,136,49,2097
1,24,2,0,160,45,1174.8,165,62,37,1241
0,22,3,4,180,77,1732.2,303,134,70,2378
0,20,3,0,153,94,1814.8,250,145,77,2273
0,22,2,0,168,100,1912.9,364,125,97,2829
0,28,3,0,169,93,1829.5,346,107,99,2703
1,22,4,0,164,77,1562.9,205,103,73,1889
0,29,4,0,169,102,1889.8,302,129,73,2381
0,19,2,0,165,61,1593.4,206,67,74,1758
1,21,3,0,162,60,1374.7,156,67,55,1387
1,22,2,0,158,81,1506.2,229,122,48,1836
1,32,3,4,141,89,1449.8,243,118,84,2200
1,17,3,1,163,47,1236.5,161,60,44,1280
1,23,3,0,168,57,1327.3,190,60,42,1378
1,22,3,1,153,57,1310.4,171,66,53,1425
1,17,3,0,160,46,1189.4,179,75,34.46,1326
0,22,3,1,169,65,1561.6,194,129,53,1769
0,20,3,0,168,55,1524.7,173,71,57,1489
0,24,2,0,167,50,1482.5,143,55,51,1251
0,22,3,0,179,77,1752.3,238,121,57,1949
0,21,3,0,168,75,1685.8,230,111,62,1922
1,18,3,0,165,50,1316.5,181,76,38,1370
0,20,3,0,164,74,1705.3,322,87,69,2257
1,23,2,3,165,65,1380.1,196,77,49,1533
0,22,2,2,175,60,1588.7,198,79,65,1693
0,20,3,4,181,77,1812.4,284,86,63,2047
0,26,2,2,163,46,1326.3,197,55,46,1422
0,32,3,0,167,118,2067.5,294,164,92,2660
1,32,3,0,153,40,1031.9,130,52,42,1106
1,20,3,2,152,42,1152.6,130,53,59,1263
0,28,2,0,167,94,1834.8,320,122,84,2524
0,19,2,1,165,77,1673.1,320,104,74,2362
1,30,3,0,169,66,1430.1,243,64,35,1543
1,33,3,0,155,43,1013,148,55,36,1136
0,21,2,0,168,49,1436.9,228,63,49,1605
1,23,4,0,163,56,1271.2,262,51.69,56,1759
1,23,2,0,169,49,1253.1,172,71,45,1377
1,46,3,4,156,62,1163.8,200,58,38,1374
0,33,4,0,164,98,1824.2,240,118,87,2215
1,27,4,0,160,95,1688.3,181,105,84,1900
0,26,3,2,179,65,1637.1,155,83,72,1600
0,29,3,2,182,112,2111.4,376,139,100,2960
0,22,3,0,172,99,1957.9,343,98,84,2520
0,21,2,0,156,61,1478.9,142,101,50,1422
1,26,3,0,152,72,1439.6,269,70,49,1797
1,38,3,0,156,44,1064.4,132,54,44,1140
1,23,3,3,166,66,1406.9,232,65,59,1719
0,20,4,0,174,75,1677.5,246,140,66,2138
0,52,3,3,168,52,1313,193,76,47,1499
0,22,4,2,180,61,1637.2,259,81,61,1909
1,20,3,1,164,75,1506,227,112,47,1779
1,41,4,0,141,58,1111,162,55,40,1228
0,20,2,0,169,107,2023.8,388,117,90,2830
0,24,3,0,179,93,1908.2,351,87,85,2517
0,25,2,4,168,68,1642.5,241,123,51,1915
0,26,4,0,169,105,1971.4,292,133,77,2393
0,19,3,0,172,68,1729.4,240,112,55,1903
0,25,3,0,156,121,2032,377,123,89,2801
0,22,3,4,159,52,1404.2,135,82,64,1444
0,20,2,1,166,69,1631,287,76,66,2046
1,32,3,0,165,101,1752.9,302,110,74,2314
0,34,2,0,151,57,1365.1,250,84,40,1696
0,53,3,0,167,49,1268.9,155,65,50,1330
1,25,3,1,153,65,1315,216,77,44,1568
1,20,3,1,156,55,1239.8,158,90,51,1451
0,27,3,0,158,88,1780,224,145,85,2241
0,23,3,2,170,73,1659.1,201,141,68,1980
1,42,3,0,153,100,1625.1,258,134,58,2090
1,27,3,0,155,76,1413.1,328,105,61,2281
0,26,3,0,171,93,1860,224,117,63,1931
1,25,4,0,163,48,1207.2,180,82,35,1363
0,21,3,1,164,68,1573.5,284,72,71,2063
0,24,3,0,164,50,1437.1,219,56,53,1577
1,56,2,0,152,73,1219.1,178,91,57,1589
0,22,3,0,172,75,1728,340,100,66,2354
0,22,3,0,175,72,1682.4,286,94,62,2078
0,22,3,1,166,55,1494.5,233,100,48,1764
0,29,2,1,166,93,1818.6,201,165,79,2175
1,21,3,2,152,66,1317.4,217,86,50,1662
0,34,3,0,163,112,2008.9,361,113,46,2310
1,40,3,0,155,65,1252.7,207,86,48,1604
1,25,3,0,171,59,1353.9,277,84,36,1768
0,40,3,0,172,54,1431.4,237,51.69,44,1551
0,24,4,0,167,76,1661.9,307,100,71,2267
0,31,3,3,161,48,1294.1,149,73,68,1500
0,21,3,0,162,43,1348.4,177,57,49,1377
1,22,3,2,156,56,1192.9,193,53,46,1398
0,23,3,0,163,116,2116.9,402,161,71,2891
0,24,3,0,170,86,1848.4,264,129,40,1932
1,24,2,2,155,65,1312.4,199,71,51,1539
0,24,4,0,173,91,1901.7,242,95,111,2347
1,20,2,0,163,44,1148,165,59,41,1265
0,26,3,4,156,113,1967.9,400,108,66,2626
1,20,4,0,140,76,1358.8,163,96,74,1702
0,31,2,0,171,36,1249.1,140,68,34.46,1142
1,23,2,0,152,64,1317.6,148,88,60,1484
1,20,2,0,154,42,1123.6,139,56,37,1113
1,34,2,0,155,79,1431,271,84,70,2050
0,30,3,0,171,52,1450,203,71,40,1456
0,37,4,0,157,89,1641.1,283,75,96,2296
0,28,2,1,166,91,1807.2,285,85,71,2119
0,26,4,0,166,70,1632.8,228,84,49,1689
0,32,3,0,168,73,1570.3,322,93,63,2227
0,46,2,0,188,105,1996.5,303,112,103,2587
0,22,3,0,163,46,1378.9,187,62,44,1392
1,21,3,0,160,47,1221.5,147,64,43,1231
0,20,4,0,158,92,1849.6,277,120,80,2308
0,24,2,0,168,88,1820.8,386,122,88,2824
0,24,2,0,161,47,1355.9,130,83,44,1248
0,22,2,4,169,78,1720.6,262,100,90,2258
0,21,2,1,171,50,1500.6,196,68,61,1605
1,28,2,0,153,75,1432.7,165,91,69,1645
0,23,3,1,182,99,1943.6,256,118,98,2378
1,21,3,2,156,78,1520.2,160,84,71,1615
1,17,2,0,155,57,1309.5,193,98,47,1587
1,25,2,0,161,62,1333.5,223,91,50,1706
1,52,3,0,159,79,1383.5,245,63,66,1826
0,23,4,2,179,89,1910.1,396,119,53,2537
0,24,3,3,168,59,1486.3,221,87,64,1808
1,32,3,0,165,41,1131.1,133,53,45,1149
0,20,2,4,165,73,1679.2,207,122,90,2126
1,21,3,0,153,98,1663.6,333,88,65,2269
1,39,2,0,164,70,1337,270,51.69,46,1701
1,24,3,0,151,49,1119.6,129.225,52,52,1193
0,22,2,0,183,95,1973.4,233,170,79,2323
0,16,3,4,159,51,1420.3,186,74,42,1418
0,24,2,0,165,51,1437.4,185,102,55,1643
0,26,3,0,163,98,1849.7,367,116,83,2679
0,23,4,0,167,103,1994.7,365,133,92,2820
0,24,4,0,170,106,2031.5,349,161,69,2661
0,18,4,0,173,77,1820.3,307,111,52,2140
0,23,3,0,166,54,1484.3,172,66,49,1393
1,29,3,1,169,107,1820.2,255,127,88,2320
1,47,3,0,141,109,1596.3,309,131,57,2273
0,44,3,0,160,58,1321.3,222,93,65,1845
1,20,3,0,156,42,1120.9,129.225,72,34.46,1115
1,23,4,2,153,54,1156.5,151,81,54,1414
0,21,3,0,157,112,2018,312,165,80,2628
1,23,4,0,163,42,1182.5,138,55,37,1105
1,26,4,0,155,86,1530.8,311,101,45,2053
1,22,3,0,161,58,1308.4,172,70,44,1364
0,19,3,0,181,74,1788.1,222,104,81,2033
1,24,4,1,146,59,1232.7,218,79,65,1773
0,22,3,1,165,66,1601.7,231,73,74,1882
0,25,3,0,180,87,1917.8,267,142,60,2176
0,27,4,0,157,90,1772,234,119,85,2177
0,27,2,1,164,83,1737.5,241,143,81,2265
1,32,3,0,161,48,1181.3,192,60,40,1368
0,35,2,0,170,65,1509.9,258,56,43,1643
1,28,3,0,172,58,1361.4,180,84,56,1560
0,21,3,0,161,45,1385.4,181,53,45,1341
0,33,4,0,161,99,1877.2,324,122,76,2468
1,23,3,0,152,74,1346,281,82,51,1911
0,26,4,0,159,90,1813.7,202,133,90,2150
1,22,2,4,163,50,1215.2,164,67,41,1293
1,57,2,0,151,69,1229.5,191,91,40,1488
0,22,4,0,172,92,1955.5,387,80,75,2543
0,26,3,0,172,52,1516.5,191,105,41,1553
0,22,3,4,166,79,1669.4,312,103,55,2155
0,39,3,1,169,117,2064.8,327,134,103,2771
0,20,3,3,168,52,1456.8,153,59,81,1577
1,29,4,0,174,101,1791.3,318,114,70,2358
0,21,4,2,174,79,1742.3,307,108,75,2335
1,17,3,1,174,63,1478.5,167,82,72,1644
0,22,4,1,167,61,1563.6,187,78,75,1735
0,20,2,2,166,71,1666,260,84,76,2060
1,31,2,0,146,56,1169,179,71,51,1459
0,22,3,0,150,98,1860.5,331,100,96,2588
0,19,3,0,155,89,1751.6,287,82,107,2439
0,20,3,3,175,79,1767.1,232,58,101,2069
1,51,3,3,142,69,1159.5,150,73,52,1360
0,23,3,2,180,64,1641.7,235,63,57,1705
1,20,3,0,162,82,1570.7,294,72,61,2013
0,30,4,0,168,102,1961,337,122,57,2349
0,21,2,0,165,76,1737.3,284,133,64,2244
0,22,4,1,180,92,1919.3,255,154,58,2158
1,52,4,0,149,70,1249.2,214,60,53,1573
0,24,2,0,170,89,1828.2,293,91,84,2292
0,21,2,4,178,85,1825.9,299,110,78,2338
1,26,4,0,158,91,1627.5,236,161,67,2191
1,31,4,0,142,76,1304.9,238,70,50,1682
0,28,4,1,180,109,2069.9,300,160,107,2803
1,58,3,0,146,74,1159.6,218,88,58,1746
0,22,3,0,175,80,1697.4,350,96,78,2486
1,21,4,0,155,78,1458.8,193,91,65,1721
0,23,3,0,158,44,1326.3,142,65,42,1206
0,34,4,0,164,97,1804.4,323,153,87,2687
1,19,2,4,156,49,1143.4,174,63,45,1353
1,28,3,0,146,93,1542.6,269,133,46,2022
1,31,3,0,143,78,1399.3,193,111,52,1684
1,27,3,0,152,67,1332.7,235,51.69,65,1732
0,23,3,0,179,84,1806.4,232,143,90,2310
0,22,3,1,173,73,1759.2,223,90,76,1936
0,25,3,2,170,71,1677.1,280,93,70,2122
1,42,2,1,153,70,1235.5,242,91,46,1746
1,21,2,1,155,49,1177.3,171,51.69,54,1377
1,21,3,4,167,88,1652.5,266,118,58,2058
0,24,3,0,164,95,1867,200,156,85,2189
1,22,3,0,162,61,1392.9,202,75,43,1495
0,22,2,1,166,61,1484.2,175,76,39,1355
0,21,2,0,167,50,1476.1,229,69,59,1723
0,26,3,3,168,51,1439.6,205,76,58,1646
1,24,3,0,144,94,1587.6,269,108,66,2102
1,24,2,1,155,60,1295,186,87,34.46,1402
0,24,3,0,168,52,1468.6,135,95,46,1334
0,25,4,0,165,98,1900.3,321,146,95,2723
0,21,3,1,174,69,1620.5,294,105,56,2100
0,25,4,0,166,101,1901.8,285,168,80,2532
0,22,2,1,174,67,1670.7,267,123,82,2298
1,27,4,0,164,98,1722.6,326,91,93,2505
1,21,3,0,177,62,1462.9,257,56,54,1738
0,30,3,0,169,49,1463.2,186,75,61,1593
0,23,4,2,170,106,2044.1,236,170,82,2362
0,22,3,0,174,60,1591.7,170,79,51,1455
1,38,3,0,151,95,1564.2,365,76,78,2466
1,21,4,0,153,58,1308,160,78,48,1384
1,35,3,3,156,99,1621.1,330,75,63,2187
1,21,2,0,164,79,1574.2,302,72,71,2135
1,20,3,0,159,66,1381.4,203,72,52,1568
0,22,3,0,168,62,1549.4,246,99,68,1992
0,20,2,4,179,82,1832.3,172,59,103,1851
0,24,3,3,162,100,1875.7,215,130,102,2298
0,23,2,0,161,67,1614.3,269,94,59,1983
0,21,4,0,158,97,1845.1,390,154,44,2572
0,31,2,0,164,108,1928.4,379,143,81,2817
0,17,3,0,169,69,1622.2,183,117,70,1830
0,17,4,3,173,73,1717.2,342,112,54,2302
1,22,3,0,157,76,1498.2,222,94,55,1759
1,45,3,0,145,92,1422.9,280,110,70,2190
1,33,2,0,146,62,1201.4,149,84,62,1490
0,22,2,0,167,90,1807.8,271,123,70,2206
0,15,3,1,167,72,1701.9,210,106,63,1831
0,23,3,0,174,61,1608.4,216,90,54,1710
0,16,3,0,186,55,1658.3,221,79,69,1821
0,27,2,2,165,78,1681.6,281,56,84,2104
0,28,2,3,168,92,1829.7,288,91,67,2119
0,31,3,4,166,77,1692.6,293,105,74,2258
0,21,2,0,155,42,1273.6,164,88,48,1440
1,30,2,0,154,75,1347.2,226,95,88,2076
1,37,3,0,152,96,1525.3,289,110,50,2046
1,31,4,1,168,71,1466.2,206,88,34.46,1486
1,26,3,0,142,89,1499.7,300,121,56,2188
1,20,3,0,160,54,1335.9,139,76,37,1193
0,24,4,3,178,94,1950.4,260,125,67,2143
1,22,3,0,160,77,1465.7,263,100,61,2001
0,27,3,0,164,40,1273.3,193,60,34.46,1322
1,39,3,0,163,47,1146.2,134,51.69,42,1121
0,23,3,1,165,82,1742.2,226,111,74,2014
0,23,3,0,166,48,1377,239,67,42,1602
0,21,3,0,173,60,1592.1,205,83,54,1638
1,20,4,0,153,47,1169.8,133,75,44,1228
1,37,3,0,156,43,1064.5,152,52,38,1158
0,18,3,0,151,94,1836.2,272,159,82,2462
0,29,3,0,151,85,1664.3,282,103,69,2161
0,21,2,1,165,68,1560.8,241,98,52,1824
0,27,2,0,166,89,1819.2,228,97,99,2191
0,30,3,0,166,63,1526.1,240,52,51,1627
1,21,2,2,153,43,1126.3,184,65,41,1365
1,31,3,4,139,88,1473.1,250,78,68,1924
0,24,3,0,169,117,2147.3,372,167,72,2804
0,26,3,0,154,113,1990.4,281,151,42,2106
0,24,3,1,170,59,1573.8,222,63,57,1653
0,26,3,0,186,76,1807.9,270,132,69,2229
1,33,2,0,157,78,1349.5,213,99,62,1806
0,41,3,0,156,89,1664.3,265,117,88,2320
1,26,2,0,170,57,1357.8,187,93,39,1471
0,25,4,0,174,70,1684.4,226,121,73,2045
0,24,3,0,155,111,1942.2,369,88,101,2737
1,49,3,0,143,100,1490.7,237,103,76,2044
0,25,3,0,171,55,1483.9,155,100,58,1542
1,45,2,0,154,65,1224.9,226,65,55,1659
1,29,2,1,162,49,1227.9,156,65,37,1217
0,21,3,0,175,96,1976.1,338,73,99,2535
1,22,4,0,143,95,1549.6,203,98,58,1726
1,18,3,0,161,44,1197.1,169,65,40,1296
1,27,2,0,151,64,1299.3,139,62,67,1407
1,21,3,0,153,89,1547.7,210,119,45,1721
0,23,4,0,167,77,1722,206,149,69,2041
0,20,2,1,164,75,1688.4,260,69,60,1856
0,21,3,0,179,71,1770.5,151,130,76,1808
0,28,3,0,170,110,1979.2,338,154,86,2742
0,23,3,0,177,90,1870.8,341,151,66,2562
0,35,4,0,156,86,1730.5,243,120,78,2154
0,26,3,1,175,98,1963.4,301,136,85,2513
0,22,4,4,184,83,1881,362,86,73,2449
0,15,2,2,183,95,2068.7,231,172,62,2170
1,23,2,0,142,54,1195.9,174,59,49,1373
0,20,4,0,178,69,1680.1,153,116,66,1670
0,32,3,0,167,74,1623.7,206,120,57,1817
0,22,2,0,164,75,1617.5,253,110,44,1848
0,24,3,0,173,77,1736,320,66,73,2201
1,22,3,3,155,56,1227.3,174,66,53,1437
0,26,2,0,166,69,1648.9,176,127,67,1815
0,24,4,0,178,73,1746.4,270,58,51,1771
0,38,2,1,163,69,1480.1,270,105,67,2103
0,26,3,0,169,50,1414.4,195,73,69,1693
0,32,3,1,174,52,1448.5,196,52,43,1379
1,20,4,0,133,74,1355.3,205,89,68,1788
0,22,4,1,169,62,1582.9,187,79,58,1586
0,25,3,1,171,88,1852,328,97,71,2339
1,21,3,0,153,98,1644.2,330,109,64,2332
0,21,3,0,169,52,1445.6,146,93,64,1532
0,22,2,4,169,73,1651.2,136,86,92,1716
0,21,2,0,160,65,1544.5,132,82,69,1477
1,29,3,0,155,76,1440.4,217,74,57,1677
1,24,3,0,136,86,1441.5,219,116,64,1916
0,23,3,0,170,68,1641.7,209,56,68,1672
0,21,4,0,183,94,1970,319,143,81,2577
1,23,3,0,155,86,1556.4,259,91,47,1823
1,21,4,0,163,49,1174.1,188,51.69,34.46,1269
0,22,3,0,178,86,1862.7,261,109,92,2308
0,29,3,0,158,88,1802.4,356,123,43,2303
1,21,2,0,164,42,1139.8,159,51.69,40,1203
1,29,3,0,156,76,1435.6,225,97,63,1855
0,22,2,0,172,75,1673.1,235,117,75,2083
1,25,3,0,145,93,1538.5,310,78,68,2164
1,47,3,4,142,112,1629.3,306,147,87,2595
1,23,3,0,139,48,1061.3,129.225,60,56,1261
0,40,4,0,165,105,1888.5,375,118,75,2647
0,22,3,2,165,56,1501.3,166,74,45,1365
1,21,4,1,155,43,1146.9,131,52,35,1047
1,40,3,1,141,99,1532.8,219,79,96,2056
0,28,2,0,156,43,1241.6,147,72,45,1281
0,27,2,0,170,88,1778.5,314,87,55,2099
1,21,3,0,162,49,1225.3,152,51.69,50,1265
0,35,4,0,168,109,1924,337,156,82,2710
0,23,4,3,178,110,2165.7,368,164,73,2785
0,35,3,0,158,107,1920.5,381,153,79,2847
0,27,3,0,168,51,1459.1,253,82,44,1736
1,46,3,4,158,62,1243.1,220,59,48,1548
1,37,3,0,152,97,1594.8,261,79,84,2116
1,25,2,0,160,90,1600.2,226,72,95,2047
0,20,3,0,169,44,1402,192,53,43,1367
0,27,3,2,177,76,1734.2,310,120,50,2170
0,20,2,0,180,65,1633.9,225,75,63,1767
1,21,2,0,159,57,1306.4,243,53,54,1670
0,20,2,0,163,55,1477.3,154,107,62,1602
0,19,2,1,170,70,1710,279,110,50,2006
0,21,3,0,163,42,1321.9,175,71,37,1317
0,25,3,0,171,107,2020.1,381,142,102,3010
1,61,2,0,158,70,1245,220,51.69,60,1627
1,45,3,4,164,43,1047.3,149,51.69,37,1136
1,27,3,0,163,44,1176.4,131,86,45,1273
0,22,3,0,166,83,1727.6,357,120,47,2331
0,29,3,1,168,118,2079.5,381,153,93,2973
1,22,2,0,159,74,1502.7,184,87,78,1786
0,23,3,1,178,72,1691.5,295,85,83,2267
0,19,4,3,173,73,1713.6,301,113,52,2124
0,35,4,0,175,109,2007.6,371,108,101,2825
0,24,3,0,174,82,1782.1,210,116,57,1817
1,22,2,0,167,83,1602.2,241,75,86,2038
0,21,2,3,174,80,1805.9,355,89,58,2298
0,23,2,0,175,54,1575.8,163,91,43,1403
1,21,3,3,158,43,1163.5,141,65,34.46,1134
1,48,3,1,166,45,1060.1,129.225,54,34.46,1043
1,22,3,0,169,49,1292.4,169,76,39,1331
0,21,4,4,167,67,1575.8,202,80,36,1452
1,18,3,1,144,72,1365.2,200,59,66,1630
0,31,3,0,173,97,1917.5,351,153,81,2745
0,27,3,0,157,112,1947.7,266,156,104,2624
1,23,3,0,168,46,1237.4,152,55,38,1170
0,23,3,0,167,63,1589.5,261,67,58,1834
0,25,4,1,178,134,2385,385,163,80,2912
0,20,4,0,156,91,1788.4,245,114,86,2210
0,23,3,0,173,60,1552.7,241,106,44,1784
1,24,2,1,142,59,1268.5,194,86,60,1660
0,26,4,0,170,115,2083,374,146,100,2980
1,33,3,0,156,98,1606.3,259,154,64,2228
0,22,2,4,181,81,1820.6,295,95,67,2163
0,32,3,0,151,82,1655.5,286,101,57,2061
0,23,3,0,163,110,2003.8,325,100,87,2483
0,25,3,0,160,110,1961.5,363,119,92,2756
0,28,3,0,165,61,1509,248,76,38,1638
0,30,3,0,163,48,1397.7,204,78,39,1479
1,23,3,0,161,59,1313,181,64,66,1574
0,21,2,0,146,58,1418.9,143,63,70,1454
0,23,2,0,178,85,1831.9,308,144,91,2627
0,27,3,1,171,68,1651.7,143,113,68,1636
0,23,2,0,165,52,1437,142,57,66,1390
0,21,4,0,174,70,1725.3,332,116,54,2278
1,40,3,0,137,80,1280.8,243,97,50,1810
1,23,4,1,170,52,1308.1,221,64,34.46,1450
0,23,3,0,163,110,1999.6,355,111,100,2764
1,25,3,0,145,84,1407.5,275,64,64,1932
0,22,3,0,156,101,1839.8,336,86,106,2642
1,24,3,0,163,48,1194.5,129.225,51.69,47,1147
1,23,2,0,159,46,1171.4,145,51.69,43,1174
0,22,2,0,164,70,1587.4,245,96,60,1904
1,30,3,0,172,67,1424.6,207,79,34.46,1454
1,22,3,2,154,68,1364.8,180,86,72,1712
1,48,4,0,147,72,1244.8,138,81,60,1416
0,24,3,2,169,68,1590.8,225,97,49,1729
0,21,3,0,160,114,2007,385,162,84,2944
1,25,3,0,170,47,1241.7,145,62,42,1206
1,25,3,2,163,85,1591.6,305,85,57,2073
1,34,3,0,156,101,1647.4,292,90,52,1996
1,19,4,0,145,74,1350.3,180,76,79,1735
0,21,3,0,165,111,2079.6,224,155,73,2173
0,23,2,1,164,88,1787.2,169,158,84,2064
0,30,3,0,167,111,1935.9,287,118,100,2520
0,23,3,1,165,67,1573,282,104,58,2066
1,23,3,0,170,56,1345.5,163,75,44,1348
1,26,2,1,153,65,1240.2,166,97,59,1583
0,29,3,2,175,99,1935.2,360,128,91,2771
0,24,2,3,182,99,2047.6,283,68,115,2439
1,16,4,2,156,46,1231.6,163,53,40,1224
0,22,3,0,169,106,1971.3,380,137,74,2734
0,21,4,0,171,70,1652.4,284,98,88,2320
1,56,2,0,162,79,1285.2,170,133,57,1725
0,22,4,0,167,49,1437.1,193,51.69,54,1465
1,24,2,0,163,59,1315.7,191,86,57,1621
1,28,2,0,144,60,1206.5,146,67,43,1239
0,23,3,0,159,111,2020,392,147,83,2903
1,34,3,0,140,92,1482.1,246,81,65,1893
0,22,3,0,170,101,1937.7,315,124,106,2710
1,37,3,0,150,99,1571.2,297,111,71,2271
0,56,3,0,167,51,1264.1,243,57,56,1704
0,21,2,1,164,68,1580.2,194,99,74,1838
1,25,3,0,161,44,1190.6,134,54,43,1139
0,57,3,4,171,62,1381.1,156,100,35,1339
0,24,4,4,174,64,1564.4,163,98,61,1593
0,24,4,4,165,81,1736.4,268,83,62,1962
0,21,2,0,161,72,1610,147,149,51,1643
1,27,4,1,135,60,1132.1,192,74,52,1532
0,33,3,3,173,108,1998.8,284,153,100,2648
0,23,3,0,162,43,1364.8,157,57,38,1198
1,26,4,0,140,71,1349.6,213,97,75,1915
0,46,3,0,173,54,1389.7,227,67,56,1680
1,25,3,0,153,72,1368.9,269,106,57,2013
1,23,3,4,163,54,1254.3,168,73,44,1360
0,23,3,0,157,113,1973,377,125,101,2917
0,23,3,2,167,81,1690.7,312,132,65,2361
0,19,2,0,163,70,1638.5,251,81,55,1823
0,50,3,0,170,50,1319.3,192,73,37,1393
1,28,3,0,151,70,1398.9,231,100,36,1648
0,24,2,0,165,51,1426.5,171,62,51,1391
1,24,3,1,160,75,1519.1,184,93,47,1531
0,19,3,0,168,65,1614,199,89,61,1701
1,24,4,2,166,60,1278.1,205,51.69,44,1423
1,23,3,0,156,42,1075.1,149,66,35,1175
0,24,3,0,156,113,1971.1,337,152,83,2703
1,40,3,0,158,100,1641.9,211,111,69,1909
0,23,3,1,174,54,1481,187,105,57,1681
0,25,3,0,167,92,1845.4,205,133,83,2099
1,18,4,1,149,54,1209,169,82,55,1499
0,17,2,1,181,110,2131.9,366,159,85,2865
1,30,3,0,142,74,1299.4,230,70,59,1731
0,22,2,0,181,63,1702.8,265,91,36,1748
0,27,3,0,160,105,1842.6,389,72,100,2744
1,23,3,0,167,104,1754.9,287,80,81,2197
1,23,2,0,164,54,1244.5,140,63,70,1442
0,24,3,0,163,45,1305.4,140,78,45,1277
1,22,2,0,162,56,1303.3,187,69,51,1483
0,23,3,2,173,92,1856.2,328,120,101,2701
0,28,4,0,165,103,1939,341,146,105,2893
0,18,3,2,175,65,1676.6,279,73,61,1957
1,24,3,0,163,48,1218.3,129.225,59,53,1230
1,24,2,0,154,42,1095.1,131,52,35,1047
0,22,3,0,167,94,1882.7,392,77,80,2596
1,24,3,0,162,46,1201.4,139,70,41,1205
1,21,4,0,159,97,1735.2,299,100,69,2217
0,25,2,0,171,64,1549.7,276,98,62,2054
1,21,2,0,150,60,1269.1,202,80,35,1443
0,22,2,2,161,40,1256.6,129.225,64,48,1205
0,19,3,0,174,68,1661.7,218,75,70,1802
0,21,3,1,167,105,1966.8,309,128,77,2441
1,21,3,2,168,70,1529.1,187,112,68,1808
0,33,3,0,162,99,1848.6,381,120,102,2922
0,20,4,0,167,68,1693.2,182,78,65,1625
0,22,3,2,168,64,1580.2,287,87,58,2018
1,22,4,0,160,96,1715.9,284,126,92,2468
0,24,2,1,163,64,1568.2,138,91,61,1465
1,44,2,1,134,77,1261.9,159,63,66,1482
1,27,3,0,157,75,1508,198,88,80,1864
0,34,2,1,160,106,1919.1,265,127,73,2225
1,28,3,0,142,88,1454.7,248,105,63,1979
1,25,3,2,164,84,1638.4,295,74,34.46,1786
1,19,3,0,141,76,1376,224,83,62,1786
0,38,3,0,161,93,1795.8,327,137,59,2387
0,20,2,1,171,91,1876.7,218,95,62,1810
0,23,3,0,174,62,1563.8,214,125,45,1761
1,21,2,3,168,60,1419,131,94,68,1512
0,19,2,0,158,63,1474.6,245,65,62,1798
1,17,2,0,155,57,1314.4,217,75,34.46,1478
1,46,2,0,164,68,1357.2,157,66,50,1342
1,28,3,0,140,70,1244.7,185,72,69,1649
0,23,2,1,163,89,1790.8,345,88,72,2380
0,22,3,1,167,93,1895.7,310,137,70,2418
0,26,2,0,168,68,1624.3,185,98,77,1825
0,23,3,0,164,111,2022.5,334,151,94,2786
0,23,2,0,165,53,1453.3,129.225,106,41,1310
0,22,4,4,167,68,1608.2,233,90,78,1994
0,27,4,0,169,89,1835,242,102,58,1898
0,27,3,1,167,53,1444.1,162,56,65,1457
0,46,3,4,176,89,1790.2,302,122,83,2443
0,23,3,0,166,55,1494.7,184,86,60,1620
1,32,3,3,161,44,1108.4,129.225,51.69,50,1174
1,23,2,1,165,51,1257.7,142,75,48,1300
1,46,3,0,143,104,1558.3,283,99,90,2338
1,47,3,0,159,105,1633.6,348,76,76,2380
0,24,3,1,176,66,1618,178,105,54,1618
0,24,3,0,170,99,1971.2,276,162,88,2544
0,30,3,0,169,50,1447.6,196,54,64,1576
0,19,3,0,164,42,1317.8,141,86,37,1241
1,28,3,3,150,56,1236.8,179,64,34.46,1282
0,24,3,0,163,45,1343.5,205,88,40,1532
1,20,2,0,173,50,1361,138,67,48,1252
1,25,4,0,159,65,1383.2,191,86,53,1585
0,40,3,0,167,114,1992.3,244,162,108,2596
0,33,3,0,168,49,1374,186,66,42,1386
0,42,3,0,155,89,1697.9,296,117,88,2444
0,22,3,2,183,85,1862.7,261,119,89,2321
0,27,3,0,167,104,1923.8,286,135,103,2611
1,22,2,3,156,44,1230.5,145,51.69,36,1111
0,22,4,4,180,64,1717.9,214,68,71,1767
1,42,3,0,157,104,1639,268,98,66,2058
0,22,2,0,168,90,1851.3,317,138,81,2549
0,57,3,1,167,52,1292.1,266,80,45,1789
0,22,3,0,168,91,1845.3,283,133,97,2537
0,31,4,0,170,102,1990.8,381,108,98,2838
0,25,3,0,182,78,1787.5,266,62,71,1951
0,23,3,0,172,69,1620.6,224,70,69,1797
1,22,3,0,161,76,1475.7,273,101,53,1973
0,20,4,4,158,92,1832.8,337,98,100,2640
1,32,3,0,141,79,1358.5,186,83,53,1553
1,19,3,2,165,50,1282.7,160,66,56,1408
1,35,3,0,152,78,1428.1,257,87,49,1817
1,28,3,0,162,93,1699.9,163,111,77,1789
0,21,4,4,178,65,1700.3,171,116,69,1769
0,23,3,4,170,81,1752.6,298,124,71,2327
1,22,2,1,154,95,1679.8,231,108,72,2004
0,23,3,1,178,82,1796.1,274,85,59,1967
1,28,3,1,142,58,1143.1,158,83,46,1378
0,22,3,3,170,62,1562.8,180,56,60,1484
1,15,3,0,164,92,1714.7,187,130,84,2024
0,34,3,0,173,110,2042.6,391,156,93,3025
0,22,4,1,177,85,1832.2,223,84,91,2047
1,21,3,0,141,100,1603.2,331,83,80,2376
0,26,3,2,169,70,1620.2,261,56,50,1718
1,28,3,0,144,92,1511.5,284,140,58,2218
0,23,3,2,177,59,1605.1,202,81,68,1744
1,29,4,0,156,97,1646.8,224,84,79,1943
1,19,2,4,156,58,1249.3,129.225,70,42,1175
0,28,4,4,184,104,1989.1,367,97,103,2783
1,25,4,2,168,58,1332.1,167,106,49,1533
0,23,4,0,186,83,1908.1,294,135,60,2256
0,22,3,2,167,62,1534.3,242,68,43,1627
1,21,3,1,157,55,1232.2,162,73,40,1300
1,36,3,0,156,100,1671.4,260,74,69,1957
0,19,3,1,165,62,1532.1,173,76,69,1617
0,23,3,0,157,117,2028.3,290,102,89,2369
0,23,2,0,169,91,1849.1,323,64,91,2367
0,26,3,0,159,75,1633.2,301,86,80,2268
1,22,2,2,159,80,1534.7,254,99,52,1880
0,28,3,0,168,59,1532.9,129.225,94,54,1379
0,22,4,3,180,94,1926.1,393,102,76,2664
1,31,4,0,155,80,1431.5,235,94,61,1865
1,29,3,0,156,46,1116.9,196,51.69,37,1324
1,21,2,2,141,54,1101.6,198,77,54,1586
1,21,3,0,164,52,1252.9,209,68,34.46,1418
1,24,4,2,169,53,1292.1,191,78,34.46,1386
0,17,3,4,171,78,1763.7,218,112,70,1950
0,26,4,0,162,102,1938.5,341,94,84,2496
0,23,3,0,167,120,2149.1,373,153,102,3022
0,23,3,3,163,111,1995.5,259,135,75,2251
0,23,2,1,163,80,1718.6,254,69,70,1922
1,37,3,0,139,91,1464.4,262,121,57,2045
1,22,2,0,157,56,1251.8,175,63,61,1501
1,21,3,2,160,65,1378,157,54,64,1420
1,19,3,1,160,60,1330.6,187,99,58,1666
1,23,3,3,140,72,1278,195,77,68,1700
0,23,2,1,156,71,1613.1,321,88,62,2194
0,40,4,0,181,111,2023.5,322,153,104,2836
1,42,3,0,157,91,1519.6,307,108,74,2326
0,22,4,0,176,117,2174.3,357,126,80,2652
1,29,2,0,155,84,1533.1,199,129,56,1816
0,21,3,0,175,69,1726.4,254,100,64,1992
0,25,3,0,168,106,1974,381,152,102,3050
0,27,4,0,160,100,1880.4,250,151,77,2297
1,50,3,4,144,101,1526.6,221,116,81,2077
1,18,3,0,143,71,1356.2,212,86,35,1507
1,22,2,3,135,50,1093.3,153,63,43,1251
1,30,2,0,157,78,1427.9,291,92,44,1928
0,23,4,0,179,125,2278.3,301,161,107,2811
1,33,4,0,144,81,1382.2,192,118,74,1906
0,18,2,1,164,72,1700.2,129.225,103,93,1766
0,24,3,3,178,77,1776.3,234,125,83,2183
1,23,3,4,161,46,1178.8,158,54,39,1199
1,22,2,1,155,64,1312.6,189,66,55,1515
1,21,3,2,155,57,1283.6,227,62,52,1624
0,21,2,0,178,77,1755.4,225,104,107,2279
0,26,3,0,167,40,1305,141,69,44,1236
1,24,4,0,143,94,1581.5,291,116,75,2303
1,48,3,0,140,74,1251.7,229,104,61,1881
1,21,3,0,161,39,1171.1,134,54,36,1076
0,23,3,4,170,79,1782,239,130,87,2259
0,18,3,2,188,69,1769.7,268,135,38,1954
0,23,2,2,170,99,1901.8,383,102,69,2561
0,25,3,0,173,63,1602.1,232,88,67,1883
1,31,3,0,173,66,1402.5,217,79,38,1526
1,22,3,0,145,66,1274.5,159,80,49,1397
1,23,3,0,160,89,1643.2,265,99,84,2212
0,21,3,0,169,52,1469,211,74,56,1644
1,23,2,0,152,65,1333.2,224,70,52,1644
1,21,4,0,155,86,1481.7,222,91,77,1945
0,24,3,1,165,114,2060.2,333,69,108,2580
1,19,2,0,135,52,1094.6,168,61,39,1267
1,30,3,0,151,98,1654.8,223,139,72,2096
1,28,4,4,159,97,1670.5,316,103,80,2396
0,24,4,3,165,120,2177.8,260,127,113,2565
1,24,3,3,168,56,1369.9,183,84,43,1455
0,32,3,0,168,71,1663.4,230,103,95,2187
0,21,4,4,179,64,1687.3,170,61,66,1518
0,23,2,0,166,49,1421,234,69,47,1635
0,26,3,0,164,96,1867.8,330,159,76,2640
0,22,3,0,174,79,1842.8,374,121,66,2574
0,35,2,0,171,66,1533,177,118,79,1891
1,24,2,2,156,74,1458,276,51.69,60,1851
1,40,3,0,142,77,1298,220,70,53,1637
0,20,2,0,166,59,1520,203,90,69,1793
1,43,3,0,157,108,1740.6,345,100,59,2311
1,21,3,0,141,69,1290,220,54,53,1573
0,24,2,1,172,100,1912.5,264,112,66,2098
0,29,3,0,169,50,1372.5,191,61,41,1377
1,18,4,0,156,83,1499,286,122,67,2235
0,23,2,1,170,66,1640,131,113,64,1552
0,35,4,0,163,99,1779.5,327,164,35,2279
1,34,3,0,156,75,1390.8,135,83,69,1493
0,62,3,4,166,58,1282.2,175,85,55,1535
0,24,4,0,169,78,1670.8,250,114,62,2014
1,30,3,1,152,68,1292.9,187,68,82,1758
1,24,4,0,162,66,1421.4,246,54,43,1587
0,25,3,0,169,61,1535.9,196,101,54,1674
1,47,2,0,164,70,1376.3,258,112,59,2011
1,26,4,0,160,92,1581.7,235,91,73,1961
0,30,3,0,171,63,1585.1,327,82,34.46,1946
0,51,3,0,178,91,1768.4,166,138,77,1909
0,25,2,0,154,44,1280.6,184,71,34.46,1330
1,24,2,3,164,71,1426.5,214,79,63,1739
1,33,3,0,128,69,1189.9,201,84,44,1536
1,62,4,0,155,62,1131.2,197,51.69,62,1553
0,22,4,0,169,106,1978,370,69,97,2629
1,27,3,1,157,47,1179.9,176,66,47,1391
0,34,3,0,156,121,1985,389,159,48,2624
0,24,4,0,178,127,2224.4,395,133,105,3057
1,22,2,1,158,48,1216.2,166,64,34.46,1230
0,22,2,0,168,84,1789.6,263,83,104,2320
0,22,3,0,162,60,1503.1,206,94,41,1569
1,22,4,0,163,42,1162,138,55,37,1105
0,18,3,3,164,75,1660.7,249,88,73,2005
0,21,2,0,158,61,1541.9,185,68,37,1345
1,22,4,0,154,66,1385.8,207,77,51,1595
0,26,3,0,164,48,1333.3,141,74,44,1256
0,20,3,3,175,80,1796.9,297,105,48,2040
0,24,4,0,175,111,2078.8,394,135,102,3034
0,23,2,4,167,70,1563.4,244,105,59,1927
0,16,3,0,169,55,1557.2,187,71,69,1653
1,24,3,2,156,88,1551.8,169,55,85,1661
0,23,3,0,170,86,1898.7,368,105,87,2675
1,23,3,0,170,73,1508.6,253,99,43,1795
1,31,3,0,161,46,1145.7,129.225,54,42,1111
1,37,2,0,143,97,1542,227,117,49,1817
0,23,3,0,167,53,1462.9,192,74,59,1595
0,22,3,0,174,80,1794.8,367,65,75,2403
1,27,4,0,160,95,1704,219,100,87,2059
1,21,2,0,162,58,1303.4,190,56,37,1317
1,62,3,1,153,62,1093.1,166,51.69,48,1303
0,25,3,0,165,119,2073.9,306,159,90,2670
1,32,2,0,156,77,1378.1,287,72,55,1931
0,32,3,3,172,52,1412,184,81,49,1501
0,23,3,0,169,74,1740.7,129.225,115,85,1742
0,23,3,1,168,82,1747.1,217,121,81,2081
1,23,2,0,167,93,1710.6,210,113,86,2066
1,21,2,0,141,53,1073,199,63,56,1552
1,55,3,0,160,77,1383.6,149,85,65,1521
1,21,3,0,156,48,1208.8,156,58,34.46,1166
0,21,2,0,183,93,1974.2,323,130,57,2325
1,23,3,0,164,42,1188.9,149,56,38,1162
0,32,4,3,178,76,1758.4,314,70,66,2130
0,26,3,0,168,49,1411.7,200,86,34.46,1454
0,28,2,1,170,96,1881.8,359,150,92,2864
1,21,4,0,165,81,1645,213,103,59,1795
0,24,3,0,181,85,1871.1,285,124,81,2365
0,28,3,1,173,100,1916.1,380,125,96,2884
0,27,3,0,173,82,1775.1,390,63,58,2334
1,28,3,0,168,56,1317.5,193,76,35,1391
1,39,2,0,160,40,1047.3,130,51.69,42,1105
0,23,4,0,183,104,2042.1,298,161,98,2718
0,23,3,0,164,57,1569,178,100,74,1778
1,24,2,1,161,76,1478.4,223,94,61,1817
1,45,3,0,144,59,1089.1,164,57,67,1487
1,51,3,0,165,51,1057.4,152,72,43,1283
1,22,2,0,142,88,1469.7,198,83,54,1610
1,22,3,0,166,53,1293.8,170,65,50,1390
1,21,2,0,160,97,1729.8,324,97,57,2197
0,56,3,0,168,51,1260.6,148,68,46,1278
1,26,2,2,154,71,1377.8,252,57,54,1722
1,37,3,0,162,45,1102.6,162,76,36,1276
1,28,3,0,164,71,1438.1,193,89,60,1668
0,21,3,3,156,40,1305.8,172,64,42,1322
0,23,3,0,162,108,1977.2,283,109,105,2513
0,23,2,0,162,45,1389.3,231,72,34.46,1522
1,50,4,0,156,86,1442.8,182,121,66,1806
0,24,4,4,185,106,2058.1,336,134,107,2843
0,29,2,4,172,81,1798.4,294,111,83,2367
0,30,2,0,173,36,1322.4,138,70,37,1165
0,37,3,0,155,119,1933.5,383,129,94,2894
0,25,3,0,168,75,1690.9,192,89,74,1790
0,54,4,0,169,51,1289.3,169,55,45,1301
0,47,3,0,173,84,1644.1,269,141,69,2261
0,26,3,0,159,40,1253,142,57,38,1138
1,43,2,2,140,52,1007.2,162,51.69,43,1242
0,38,3,0,156,115,1925.8,386,101,62,2506
0,25,3,0,159,88,1746.8,282,90,99,2379
0,23,2,0,169,55,1494.6,187,110,56,1692
1,23,4,1,155,44,1104.3,165,51.69,43,1254
0,24,4,3,177,69,1631.8,225,99,52,1764
0,29,4,0,174,123,2189.1,397,159,80,2944
0,22,2,2,185,95,2002.6,234,154,77,2245
0,49,3,0,160,61,1379,185,104,65,1741
0,24,2,2,180,62,1625.8,189,91,87,1903
0,28,3,1,166,85,1744.4,183,107,100,2060
0,22,3,0,164,41,1310.7,194,81,36,1424
0,19,4,0,166,114,2046.6,338,152,101,2869
1,26,2,3,157,74,1486.7,130,73,68,1424
0,24,3,1,163,90,1852.6,285,116,65,2189
0,31,3,0,163,81,1717.9,223,100,62,1850
1,40,2,4,150,62,1207.5,219,87,46,1638
0,24,3,1,166,78,1688.1,265,97,72,2096
0,23,2,4,159,70,1589.7,259,95,65,2001
1,41,4,0,159,43,1069.1,129.225,53,44,1125
1,31,3,4,170,79,1517,277,87,59,1987
0,21,3,0,172,51,1440.5,209,78,39,1499
1,23,4,1,160,62,1352.5,221,69,34.46,1470
0,24,2,0,176,73,1782.4,229,112,49,1805
0,18,2,4,167,56,1542.8,246,86,47,1751
0,26,3,1,167,51,1469.1,194,73,50,1518
1,22,3,0,164,47,1198.6,137,86,41,1261
1,50,3,0,165,109,1719.9,258,122,91,2339
0,23,3,0,156,102,1824,361,65,65,2289
0,29,2,1,168,90,1789.6,145,151,72,1832
0,21,3,4,184,76,1813.2,295,80,78,2202
0,34,2,0,152,57,1334.5,176,85,65,1629
0,24,3,0,159,80,1744.9,376,74,88,2592
0,29,3,0,170,88,1827.6,337,133,66,2474
1,24,3,0,134,85,1413.5,220,122,49,1809
0,29,2,1,172,92,1892.5,316,139,101,2729
0,23,2,1,169,51,1470.6,187,53,55,1455
0,24,3,1,161,41,1300.7,152,85,45,1353
0,26,2,0,160,89,1752.4,286,102,72,2200
1,20,2,4,156,59,1248.3,247,51.69,51,1654
0,29,3,0,165,101,1948.2,257,116,101,2401
0,24,4,0,167,58,1495.5,235,79,49,1697
1,23,3,0,151,68,1327.3,161,91,47,1431
1,22,4,0,152,96,1648.6,278,110,71,2191
0,24,2,0,165,49,1411.5,189,60,39,1347
0,24,3,4,179,77,1794.5,140,111,101,1913
1,54,3,0,152,74,1268.2,228,74,65,1793
1,36,4,1,146,59,1208.4,229,92,53,1761
0,20,2,2,174,61,1576.7,222,92,56,1760
0,24,2,2,180,59,1581.3,224,98,53,1765
0,26,2,0,165,51,1352.3,145,62,53,1305
0,21,2,0,173,64,1660.8,193,73,68,1676
1,27,3,0,155,74,1492.5,279,85,60,1996
0,19,3,1,185,101,2090.4,269,112,77,2217
1,21,4,1,150,64,1301.9,158,74,51,1387
1,23,3,0,142,82,1486.5,207,116,61,1841
0,27,2,1,163,85,1770.9,305,75,43,1907
0,23,3,2,181,81,1846.9,214,139,47,1835
1,22,3,0,145,67,1262.6,207,56,55,1547
0,18,2,2,163,80,1766.9,184,90,77,1789
0,27,3,0,169,106,1977.9,376,151,82,2846
0,23,4,3,156,87,1787.4,341,152,56,2476
0,30,3,4,170,94,1882,308,115,86,2466
0,28,3,0,153,80,1624.8,225,86,55,1739
1,31,3,0,142,82,1302.5,281,62,42,1750
0,38,2,0,159,93,1726.5,266,147,77,2345
1,23,2,2,152,52,1197.9,176,51.69,44,1307
0,25,3,0,165,100,1907.6,267,120,89,2349
0,23,3,0,164,109,2011.1,311,105,111,2663
1,50,3,0,145,95,1388,255,103,54,1918
1,24,3,0,142,84,1492.6,265,103,64,2048
0,21,3,1,170,64,1580.4,248,93,51,1823
1,22,3,0,152,74,1397.3,209,72,59,1655
0,22,2,3,170,69,1622.5,224,94,65,1857
0,29,3,0,171,50,1455.8,222,51.69,36,1419
1,33,4,2,140,57,1109.4,170,51.69,53,1364
0,20,4,0,179,83,1825.8,310,121,76,2408
1,22,2,0,159,62,1340.4,142,74,60,1404
0,23,3,2,165,59,1533.6,260,95,46,1834
0,18,4,0,175,73,1768.2,286,99,64,2116
0,18,3,0,179,74,1783.1,270,86,62,1982
0,30,2,0,163,81,1735.9,143,117,100,1940
1,23,4,0,168,66,1440.9,144,98,48,1400
0,22,3,0,168,49,1449,166,80,52,1452
1,31,3,3,151,50,1161.4,129.225,58,49,1190
1,18,3,0,165,85,1668.8,161,96,90,1838
0,28,3,0,156,109,1920.2,320,111,97,2597
0,21,2,1,170,50,1444.9,236,54,39,1511
1,27,2,1,156,62,1234.9,200,78,46,1526
1,23,3,0,149,54,1175.2,223,57,46,1534
0,23,2,0,173,66,1629,264,117,52,1992
0,45,2,1,172,66,1507.4,195,106,69,1825
1,20,3,0,164,46,1248.9,160,54,38,1198
1,40,2,1,163,47,1122.4,136,61,47,1211
0,37,3,0,166,52,1351.7,200,95,34.46,1490
0,19,4,0,153,85,1646.4,195,80,88,1892
0,25,3,2,157,102,1846,308,121,47,2139
0,25,2,0,169,92,1871.2,342,148,69,2581
1,24,3,0,162,46,1212.5,145,53,35,1107
0,28,2,1,166,80,1738.8,257,149,85,2389
0,23,3,0,177,66,1702,188,115,63,1779
1,22,3,0,160,57,1291.3,179,58,45,1353
1,28,3,0,152,59,1306.6,151,100,42,1382
1,35,4,0,141,90,1401,300,104,66,2210
0,18,2,0,173,79,1776.5,208,91,93,2033
0,24,3,2,180,65,1645.4,215,75,54,1646
1,28,3,0,169,49,1289.9,131,72,35,1127
0,22,3,3,168,94,1935.3,394,76,73,2537
0,20,3,1,164,63,1558,163,129,42,1546
0,28,4,0,162,105,1938.5,398,135,50,2582
0,19,3,0,166,81,1713.8,220,141,73,2101
1,20,2,2,155,42,1167.8,155,78,39,1283
0,29,4,0,157,87,1674,343,77,76,2364
0,23,2,0,179,85,1844.2,224,99,69,1913
0,22,3,2,168,75,1690.7,275,114,60,2096
0,22,3,0,170,86,1813.1,377,69,63,2351
1,19,4,0,162,44,1193.1,153,63,38,1206
0,22,3,1,170,76,1730.2,231,100,74,1990
1,19,2,2,156,67,1398.1,166,84,37,1333
0,23,4,0,159,91,1829.3,252,144,103,2511
1,55,2,0,151,73,1259.7,188,84,58,1610
0,50,2,0,161,60,1399.9,149,74,69,1513
0,25,2,0,169,76,1703.6,221,72,74,1838
1,31,3,0,140,87,1436.8,325,144,61,2425
0,26,2,0,170,52,1477,177,92,54,1562
0,23,3,0,184,83,1873.2,283,96,76,2200
0,24,4,0,175,80,1762.4,309,65,71,2135
0,25,3,0,165,49,1419.5,184,66,36,1324
0,23,3,1,164,70,1661.8,282,90,45,1893
1,27,3,0,151,59,1254.2,227,73,52,1668
1,35,3,0,151,77,1385.5,200,88,52,1620
1,21,3,0,153,62,1309.8,161,86,60,1528
0,20,3,0,164,79,1710,245,84,81,2045
0,21,3,0,165,47,1422.5,197,75,55,1583
0,31,3,0,164,51,1416.6,213,59,59,1619
0,26,4,2,176,105,2043.4,233,168,100,2504
0,39,4,0,164,103,1869.8,238,143,84,2280
0,32,4,0,162,100,1776.3,356,120,97,2777
1,23,3,1,172,80,1609.7,239,88,55,1803
0,27,2,0,169,97,1939.2,298,150,66,2386
0,24,3,0,170,86,1798,310,106,49,2105
0,25,2,2,167,49,1405.4,145,73,70,1502
0,21,3,0,184,85,1888.9,196,98,88,1968
0,23,2,2,170,82,1784.2,341,113,40,2176
1,23,4,2,169,59,1322.5,189,51.69,74,1629
0,24,2,0,162,46,1333.1,154,93,47,1411
1,40,3,0,154,44,1124.4,187,58,34.46,1290
0,21,3,2,168,75,1737.9,296,134,69,2341
1,21,3,0,139,48,1085.7,144,68,48,1280
0,28,3,0,169,47,1392.4,231,59,35,1475
1,22,3,0,167,59,1382.6,179,53,35,1243
1,32,3,0,156,76,1433.3,207,80,60,1688
1,22,3,2,158,71,1398.2,195,92,59,1679
0,22,2,1,163,90,1827.9,226,128,79,2127
0,34,4,4,161,98,1893.6,333,116,72,2444
0,47,3,0,174,56,1447,240,59,57,1709
1,22,3,0,157,89,1581.6,268,77,69,2001
0,22,3,2,175,80,1801.6,356,127,79,2643
0,20,2,3,160,44,1317.7,145,54,49,1237
1,23,3,0,156,75,1479.9,188,100,56,1656
0,34,4,1,172,105,1973.5,298,117,84,2416
0,47,3,2,169,88,1730.8,383,142,68,2712
1,21,2,0,151,53,1193.7,179,62,53,1441
1,30,2,1,145,57,1147.8,166,73,49,1397
0,26,3,0,164,98,1936.5,307,113,89,2481
0,26,3,0,168,72,1658.7,254,141,34.46,1890
0,26,3,0,157,95,1804.7,322,127,98,2678
0,28,3,0,175,82,1786.9,299,98,62,2146
0,25,3,0,156,106,1930.6,284,104,81,2281
1,46,3,4,157,64,1244.2,188,59,54,1474
0,22,4,0,180,133,2337.7,356,156,96,2912
1,44,2,0,163,49,1134.1,133,51.69,34.46,1049
0,50,3,0,170,51,1335.7,183,81,38,1398
0,22,2,1,168,91,1838.9,361,131,88,2760
1,19,2,2,167,62,1345.8,194,57,44,1400
0,23,3,0,171,62,1611.3,255,72,38,1650
0,26,3,2,171,70,1654.2,209,77,66,1738
1,39,3,0,164,49,1146.2,143,77,34.46,1190
0,20,2,0,168,70,1648.3,198,74,62,1646
0,28,3,0,157,91,1781.9,297,92,77,2249
0,28,2,0,168,99,1886.6,379,127,81,2753
1,21,4,0,157,58,1302.7,170,65,48,1372
1,22,2,3,156,94,1634.7,348,103,82,2542
1,20,4,0,142,79,1403.4,251,94,50,1830
0,23,2,4,175,77,1758,263,106,67,2079
1,21,3,2,165,66,1403.5,176,77,49,1453
0,34,3,0,164,46,1334.4,131,63,55,1271
0,23,3,1,173,55,1550.5,219,77,49,1625
1,21,2,1,155,63,1318.8,189,51.69,57,1476
0,19,3,0,170,67,1651.6,279,108,60,2088
0,23,4,0,172,70,1636.2,301,92,71,2211
0,21,2,0,163,89,1758.9,340,85,74,2366
1,22,3,2,155,55,1293,158,65,45,1297
1,23,3,0,160,61,1297.5,129.225,75,50,1267
0,42,2,0,159,70,1524.8,171,97,70,1702
1,24,2,0,164,76,1585.5,221,85,71,1863
0,22,3,1,175,66,1626.1,290,98,48,1984
0,20,3,0,175,69,1653,293,113,93,2461
0,20,3,0,158,100,1893.2,311,100,103,2571
0,23,3,0,158,101,1900.2,269,81,110,2390
1,18,3,0,145,73,1353.4,178,66,54,1462
0,41,3,0,164,103,1831.2,335,143,66,2506
0,21,2,0,181,66,1672.9,272,109,65,2109
1,19,2,0,145,70,1350.1,220,82,62,1766
0,25,2,1,166,90,1861.2,281,150,57,2237
0,28,3,0,166,52,1424.2,220,59,54,1602
1,21,3,0,156,49,1172.3,150,72,46,1302
0,22,2,1,171,99,1976.5,303,91,80,2296
0,29,2,2,170,95,1913.2,401,94,66,2574
0,37,3,0,156,92,1702.6,232,127,93,2273
1,56,2,0,152,72,1220.5,281,79,46,1854
0,32,3,0,165,50,1375.8,155,70,58,1422
1,21,4,0,152,62,1288.3,205,72,55,1603
0,22,3,0,175,98,1940.5,385,120,103,2947
0,23,2,1,174,99,1912.8,386,126,93,2885
1,27,3,2,162,47,1225.2,187,51.69,41,1324
0,23,2,0,177,89,1887.6,275,121,57,2097
0,21,2,4,165,53,1443.3,171,64,47,1363
1,23,3,1,164,54,1266.7,170,86,37,1357
0,22,3,0,157,45,1367.5,175,58,40,1292
1,57,3,0,155,76,1294.3,149,111,66,1634
1,22,2,2,160,60,1369.1,140,56,47,1207
0,25,4,2,174,105,2012.3,249,104,111,2411
0,21,3,0,168,111,2071.1,277,128,97,2493
0,24,3,2,154,112,1948.7,383,153,90,2954
1,22,3,4,157,43,1166.2,132,60,44,1164
1,25,2,0,156,66,1304,177,83,63,1607
0,34,3,0,168,49,1368.8,171,67,58,1474
0,21,3,0,154,98,1851.1,306,52,102,2350
1,29,2,1,153,54,1198.6,192,62,34.46,1326
0,24,4,2,175,81,1754.4,203,96,89,1997
0,22,3,0,160,109,2009.5,265,65,82,2058
1,27,3,1,164,58,1290.8,133,55,49,1193
1,38,3,0,156,44,1092.7,148,51.69,41,1168
0,20,3,1,166,55,1522.2,244,97,56,1868
1,24,2,4,156,55,1233.9,144,60,52,1284
1,29,3,1,142,56,1101.9,129.225,76,58,1343
0,26,3,0,160,102,1832.7,324,109,72,2380
0,21,3,4,182,70,1704.5,268,93,81,2173
1,18,3,0,161,46,1166,166,65,49,1365
0,24,2,0,167,75,1671.5,250,67,65,1853
1,49,3,1,166,45,1096.9,150,51.69,34.46,1117
1,23,3,0,160,64,1312,192,84,36,1428
0,23,2,0,166,91,1825.8,299,129,53,2189
1,36,4,0,155,45,1090.3,159,74,35,1247
1,24,4,0,141,73,1275.6,192,76,55,1567
0,27,3,1,176,125,2186.9,226,162,108,2524
1,24,3,0,147,50,1117.3,129.225,51.69,58,1246
0,21,4,0,180,69,1686.5,206,113,68,1888
1,20,3,1,157,51,1255.4,200,58,34.46,1342
0,23,3,0,158,109,1974.8,291,158,82,2534
1,31,3,0,154,87,1542.3,190,104,72,1824
0,23,4,2,167,52,1444.9,242,64,43,1611
0,26,3,1,171,90,1833.2,231,87,111,2271
1,23,3,1,162,50,1244.4,202,62,52,1524
0,25,3,0,176,68,1643.7,294,73,45,1873
0,23,2,0,164,57,1493.2,195,51.69,49,1428
0,25,3,0,161,117,2077.5,325,122,103,2715
0,23,4,2,176,83,1796.9,332,107,49,2197
1,33,2,0,151,80,1392.1,197,69,66,1658
0,24,3,0,166,48,1416.2,212,82,41,1545
1,45,3,4,156,63,1238.5,168,61,57,1429
1,26,3,4,135,45,958.7,129.225,68,43,1176
0,23,4,2,179,89,1935.2,250,107,108,2400
0,30,3,0,169,52,1444.9,238,63,50,1654
0,23,3,3,165,106,1929.2,343,51.69,103,2506
1,21,3,4,151,47,1118.6,165,52,35,1183
1,21,4,4,156,49,1214.1,129.225,70,38,1139
1,21,4,3,150,59,1244.8,174,67,35,1279
0,51,4,0,150,86,1549.1,269,118,61,2097
1,23,3,0,153,57,1236.1,129.225,84,58,1375
0,28,3,0,173,51,1479.5,142,73,51,1319
1,20,4,1,163,81,1578.2,284,100,76,2220
0,29,3,0,168,51,1455.2,168,112,52,1588
0,30,3,1,172,95,1868.5,263,110,74,2158
0,41,3,0,167,114,1946.9,376,151,82,2846
0,22,3,0,170,123,2202.9,302,180,56,2432
0,20,3,0,182,83,1904.1,241,116,58,1950
0,27,4,2,142,63,1395,181,86,51,1527
0,24,2,1,174,93,1915.5,364,120,64,2512
0,24,3,0,159,118,2053.9,386,144,95,2975
0,22,3,0,165,47,1418.2,217,57,50,1546
1,25,3,0,145,92,1529.1,242,111,67,2015
0,21,3,0,163,43,1270.9,188,70,34.46,1342
0,24,3,0,160,44,1342.7,136,55,54,1250
1,31,3,0,153,38,1007.1,129.225,51.69,36,1048
0,38,4,0,183,108,2016.1,382,105,99,2839
0,23,3,0,163,43,1300.8,182,56,37,1285
0,24,3,3,171,71,1629.8,206,94,81,1929
0,22,2,0,175,73,1686,262,76,73,2009
0,57,3,0,167,53,1270.6,175,51.69,43,1294
1,36,3,0,140,101,1486.3,266,104,76,2164
0,27,3,0,170,108,1997.8,395,158,60,2752
0,30,3,0,173,63,1519.3,283,90,39,1843
0,27,4,0,165,103,1965.6,176,176,79,2119
1,21,3,0,164,53,1268.8,161,60,37,1217
1,47,3,0,144,100,1528.2,321,135,71,2463
1,28,2,3,152,82,1496.9,201,101,45,1613
0,50,3,0,163,49,1224.7,145,94,37,1289
0,24,4,2,170,97,1952.7,306,131,105,2693
1,23,2,0,152,63,1343.5,209,70,60,1656
0,29,3,0,169,51,1504,140,103,55,1467
0,20,3,4,175,74,1755.7,288,114,87,2391
1,22,4,0,157,49,1196,149,75,37,1229
1,44,4,0,140,77,1229.1,200,121,34.46,1594
1,45,2,1,159,46,1068.9,147,51.69,36,1119
1,27,4,0,166,102,1714.7,315,85,90,2410
1,25,3,0,139,71,1268.2,188,92,64,1696
0,22,3,4,178,93,1902.4,207,142,98,2278
1,38,2,0,160,80,1403.2,211,67,53,1589
0,28,3,1,153,86,1673.9,276,111,67,2151
0,39,3,0,151,90,1693.5,324,107,64,2300
0,25,3,0,168,81,1787.4,221,94,65,1845
0,30,3,1,169,51,1411.5,159,94,57,1525
0,23,3,1,167,96,1893.4,264,161,72,2348
0,19,4,0,172,76,1717.3,329,106,55,2235
1,23,2,4,158,70,1397.7,210,128,37,1685
0,30,3,0,170,51,1424.7,173,51.69,45,1304
0,20,2,1,161,45,1347,208,66,56,1600
0,17,3,3,172,72,1737.9,212,121,53,1809
0,18,3,4,168,75,1694.5,310,74,48,1968
1,18,4,0,168,40,1207.3,158,51.69,34.46,1149
1,18,3,0,163,89,1630.6,306,119,48,2132
0,27,2,0,174,91,1813.9,280,133,84,2408
0,23,3,0,157,114,2069.5,359,158,80,2788
0,27,3,2,166,63,1553.3,254,80,54,1822
0,23,3,2,174,75,1718.9,245,117,80,2168
1,22,2,0,136,73,1311.6,247,92,51,1815
1,28,3,0,156,75,1470.6,250,68,65,1857
0,26,2,0,166,50,1433.2,205,67,62,1646
0,29,2,3,177,79,1758.3,237,136,59,2023
1,24,2,4,152,52,1183.7,136,54,64,1336
1,19,2,0,135,45,1058.4,146,51.69,34.46,1101
1,22,3,2,141,54,1169.5,177,76,48,1444
1,32,2,0,156,78,1457.2,230,69,61,1745
0,37,3,1,172,108,1992.7,363,145,96,2896
0,20,3,0,169,85,1810.5,275,93,83,2219
0,29,3,0,152,79,1549,303,124,46,2122
0,38,3,1,172,109,1913.1,368,115,55,2427
0,47,2,0,167,52,1298.1,259,83,36,1692
1,20,3,2,164,82,1577.7,250,116,42,1842
1,22,3,1,151,49,1209.1,177,58,34.46,1250
0,26,3,4,185,78,1825.2,201,101,60,1748
0,26,2,4,176,66,1642.6,212,105,68,1880
1,24,3,1,164,50,1247.9,151,75,49,1345
1,22,3,1,160,60,1364.2,140,80,46,1294
0,22,2,4,170,72,1763.2,259,84,90,2182
0,30,3,0,166,52,1377.2,193,75,53,1549
1,29,4,1,149,68,1336.1,234,72,37,1557
1,27,3,0,145,96,1596.1,211,117,55,1807
0,23,3,4,175,58,1590.6,261,92,54,1898
1,31,3,0,143,82,1359,239,65,66,1810
0,24,2,0,167,76,1708.4,288,64,85,2173
0,23,3,0,169,65,1544.6,240,118,47,1855
0,28,3,0,167,63,1544.4,213,72,66,1734
1,23,3,0,131,48,1040.7,129.225,51.69,43,1111
0,57,3,0,168,53,1311.4,170,92,35,1363
0,24,3,0,168,116,2065.9,289,141,100,2620
0,20,3,0,156,113,2002.3,374,150,100,2996
0,25,2,1,175,88,1841.5,235,134,90,2286
0,29,3,0,172,127,2175.6,355,158,105,2997
0,22,3,0,161,40,1273.9,141,86,39,1259
0,27,3,0,172,52,1474.3,256,54,54,1726
0,21,4,1,175,99,2020.6,247,81,107,2275
0,40,4,0,166,107,1915.3,379,137,92,2892
1,24,3,1,168,66,1399.7,267,53,45,1685
0,23,3,0,168,51,1490.9,246,90,35,1659
1,29,3,0,160,93,1668.6,318,93,83,2391
0,22,3,0,181,77,1748.3,129.225,130,79,1748
1,21,2,0,145,63,1234.4,216,76,42,1546
0,23,3,2,175,79,1738.7,222,124,72,2032
0,18,4,0,152,86,1728.8,257,134,79,2275
0,21,4,0,184,101,2032.3,276,163,89,2557
1,50,3,0,143,71,1221.6,212,93,46,1634
0,33,2,0,163,49,1326.7,134,98,52,1396
1,49,3,0,139,71,1165.7,204,82,62,1702
1,57,3,0,158,73,1277.3,284,68,40,1768
1,30,3,0,145,73,1307.9,182,81,65,1637
0,31,3,0,154,109,1903.4,245,160,102,2538
1,45,3,1,160,47,1081.5,141,58,38,1138
0,23,2,0,175,57,1555.5,157,104,42,1422
1,30,3,0,142,91,1494,206,118,57,1809
0,19,3,0,170,64,1629.7,277,51.69,48,1747
0,24,2,1,171,98,1949.5,277,165,78,2470
0,27,3,0,178,91,1848.9,288,112,72,2248
1,25,2,3,153,64,1303.3,181,85,52,1532
0,30,2,1,164,84,1712.7,264,55,96,2140
0,24,2,1,165,74,1637.5,231,99,41,1689
0,25,2,0,165,51,1388.3,225,96,43,1671
0,21,4,4,173,66,1610.9,213,95,47,1655
1,19,4,0,132,76,1383.8,246,54,42,1578
0,22,3,0,168,93,1891.4,255,118,73,2149
0,25,4,0,170,108,2032.8,292,156,103,2719
1,41,3,0,164,47,1102.6,168,58,34.46,1214
1,23,2,0,153,45,1151.9,132,61,43,1159
1,24,4,2,168,60,1386.7,168,85,53,1489
0,19,3,0,168,43,1393.6,182,53,52,1408
0,21,2,0,156,60,1440,219,89,70,1862
0,21,3,2,172,55,1571,143,67,71,1479
0,26,3,4,166,120,2076.8,390,138,104,3048
0,31,3,0,165,51,1397.1,228,86,42,1634
1,24,3,2,156,76,1459,201,100,76,1888
0,23,3,1,173,55,1486.4,143,90,64,1508
1,18,3,0,146,71,1368.2,210,82,58,1690
0,21,3,0,166,44,1366.2,174,60,57,1449
1,32,3,0,146,81,1453.9,149,115,56,1560
1,27,3,0,156,87,1516.4,281,86,39,1819
1,21,4,1,157,50,1209.5,131,65,35,1099
1,22,2,0,165,46,1155.9,129.225,51.69,45,1129
1,22,2,0,135,45,995.1,129.225,55,37,1070
0,49,3,0,172,110,1952.8,346,120,73,2521
0,22,2,0,170,71,1702.3,171,100,67,1687
0,23,4,1,174,98,1933.5,292,101,103,2499
0,21,3,1,173,54,1491.7,215,67,50,1578
0,22,4,1,139,69,1475.3,281,78,42,1814
1,22,3,0,158,41,1116.8,129.225,60,37,1090
0,45,3,1,169,65,1469.8,235,54,41,1525
0,24,2,2,169,97,1945.6,341,153,63,2543
0,30,3,0,157,90,1740.3,342,106,99,2683
1,20,3,0,162,50,1225.2,155,70,53,1377
0,21,3,0,178,87,1868.1,323,85,89,2433
1,27,2,1,152,64,1278,186,74,59,1571
1,26,3,4,152,98,1629.6,211,108,66,1870
0,27,3,0,169,71,1582.8,258,110,60,2012
0,25,3,1,182,65,1654,261,70,47,1747
0,28,3,0,153,79,1654.4,129.225,113,82,1707
1,22,2,0,146,69,1344.8,163,65,51,1371
0,25,3,0,165,45,1359.1,211,58,49,1517
0,26,2,4,183,76,1736,278,118,66,2178
0,24,4,0,178,89,1863.4,179,184.419,73,2111
0,26,3,2,179,75,1722.1,193,93,66,1738
1,27,2,0,151,62,1296.1,176,62,51,1411
0,24,2,0,163,71,1573,252,75,71,1947
0,21,3,0,167,50,1430.8,129.225,67,54,1271
0,22,2,1,163,69,1565.3,235,93,65,1897
0,28,3,3,180,78,1784.1,292,105,67,2191
0,22,2,3,166,61,1540.3,154,116,38,1422
1,25,2,0,159,64,1359.6,216,85,62,1762
0,32,3,0,154,93,1745.1,324,107,58,2246
0,24,4,0,165,56,1475,185,78,46,1466
1,25,3,0,158,78,1457.9,246,99,70,2010
0,21,3,3,170,59,1547.4,199,107,43,1611
0,23,3,2,167,79,1713.5,326,109,78,2442
1,22,4,0,165,103,1789,301,82,70,2162
0,23,2,3,179,74,1756.2,230,73,82,1950
1,28,3,0,158,76,1403,188,62,57,1513
0,30,2,0,164,44,1334.7,178,79,48,1460
0,30,3,0,165,86,1724.6,312,100,100,2548
1,28,3,0,152,97,1665.5,227,119,84,2140
1,18,2,1,158,55,1297.5,223,56,48,1548
1,22,3,0,145,67,1322,170,92,45,1453
1,28,3,0,149,56,1255.7,129.225,66,54,1267
1,23,3,1,152,97,1635.1,330,103,61,2281
1,23,2,0,160,71,1457.6,205,75,56,1624
0,22,4,2,174,115,2111.4,386,154,95,3015
0,26,3,0,161,44,1363.2,216,68,52,1604
1,25,2,2,158,73,1466.7,283,67,49,1841
0,22,3,0,179,85,1869.1,352,142,57,2489
1,46,2,1,161,46,1076.7,166,51.69,45,1276
0,21,3,0,176,69,1662.1,263,61,47,1719
1,24,3,0,164,44,1194.2,176,75,37,1337
0,23,2,3,169,68,1601.4,208,67,87,1883
1,39,3,0,151,66,1200.6,209,85,47,1599
0,26,3,4,161,104,1909.5,377,151,101,3021
1,22,2,0,153,60,1285.8,168,51.69,57,1392
1,23,3,2,173,62,1446.6,240,60,56,1704
0,22,4,2,170,86,1802,238,144,70,2158
0,20,2,1,165,69,1603.4,191,118,91,2055
1,47,3,0,160,105,1646.9,355,96,71,2443
1,21,4,3,158,77,1514.1,230,87,82,2006
1,50,3,0,158,79,1417.6,204,99,78,1914
0,20,3,0,163,120,2113.8,323,146,104,2812
0,26,2,4,179,85,1859.7,223,81,68,1828
0,24,2,0,181,76,1770.3,265,99,68,2068
0,21,3,3,178,73,1758,279,113,68,2180
0,24,3,4,173,76,1784.5,292,119,46,2058
0,20,3,1,174,55,1525.4,230,87,42,1646
0,27,3,0,172,104,1973,328,131,65,2421
1,21,3,1,162,51,1325.4,181,59,43,1347
1,46,2,0,156,87,1418.3,257,66,89,2093
0,25,4,0,163,97,1901.1,289,124,95,2507
0,28,3,0,168,117,2091.5,334,159,105,2917
1,41,3,0,154,99,1598.7,356,96,62,2366
0,23,2,1,163,66,1569.9,190,82,73,1745
1,22,2,0,136,50,1063.7,237,53,34.46,1470
0,21,2,0,157,64,1540.5,241,61,58,1730
0,24,4,1,173,103,1978.4,236,107,102,2290
0,49,3,0,160,89,1656.2,316,107,93,2529
1,28,3,0,142,89,1527.3,336,107,70,2402
0,25,4,0,174,51,1467.4,200,66,45,1469
0,29,3,3,174,52,1520.5,219,72,42,1542
1,26,2,0,153,66,1347.6,250,87,51,1807
1,15,2,1,166,60,1430.1,193,75,60,1612
1,22,3,0,158,50,1215.8,130,71,64,1380
1,16,3,0,162,43,1229.9,169,54,36,1216
0,22,2,0,146,58,1427.9,194,84,58,1634
1,22,2,0,166,109,1884.4,300,137,85,2513
1,54,3,1,142,110,1598.1,274,105,80,2236
0,15,2,0,163,96,1944.6,389,106,104,2916
0,22,3,0,179,78,1822.8,149,124,106,2046
1,45,4,1,140,77,1295.6,147,77,69,1517
0,40,3,0,170,53,1442.9,226,61,62,1706
0,17,2,2,183,95,2063.5,349,162,66,2638
0,24,2,0,169,68,1618.5,303,107,56,2144
1,15,2,1,165,61,1427.6,179,55,72,1584
1,51,2,0,158,79,1345.2,237,73,65,1825
0,28,3,0,172,104,1985.3,326,135,74,2510
0,21,2,0,167,57,1515.9,228,78,38,1566
1,51,3,0,151,81,1390.2,223,90,61,1801
1,18,2,0,145,71,1397.6,185,62,63,1555
0,27,3,0,159,84,1698.9,255,121,76,2188
0,23,3,0,160,118,2025.2,397,147,83,2923
0,35,3,0,165,49,1347.5,152,90,44,1364
1,30,3,0,141,90,1517.2,372,127,66,2590
0,21,4,0,165,63,1570.7,133,94,70,1538
1,25,3,0,136,74,1294.5,192,71,60,1592
1,38,3,0,157,78,1393.9,207,107,41,1625
0,22,2,0,164,67,1637,295,76,36,1808
1,29,3,0,152,79,1435,244,129,56,1996
0,27,3,0,168,60,1543.1,251,65,50,1714
1,22,2,0,155,45,1148.3,143,74,47,1291
1,18,3,2,168,84,1656.4,368,103,57,2397
0,21,4,2,174,75,1726.8,228,155,80,2252
0,22,3,0,165,83,1722.5,249,133,80,2248
0,20,3,0,158,120,2115.6,347,97,99,2667
0,63,3,0,165,96,1748,298,150,77,2485
1,24,3,0,159,89,1620.1,275,113,46,1966
1,19,2,4,160,70,1426.1,151,101,56,1512
1,40,3,0,163,107,1749.3,357,104,88,2636
0,22,3,0,158,111,1953.4,325,144,86,2650
0,21,2,4,166,73,1745.5,229,66,60,1720
0,22,2,0,169,65,1566.1,233,97,51,1779
1,21,2,1,175,83,1624.6,301,78,49,1957
1,50,3,0,159,77,1394.8,180,102,38,1470
1,23,3,0,156,49,1164.3,153,54,46,1242
1,19,3,4,157,52,1255.8,184,51.69,39,1294
0,25,3,3,167,86,1784.1,249,154,82,2350
1,26,3,0,137,73,1350.7,279,69,57,1905
0,24,4,2,181,69,1740.7,209,106,70,1890
1,23,4,0,154,79,1535.1,201,106,60,1768
1,22,2,0,160,54,1225.8,196,88,34.46,1446
1,25,2,0,152,65,1305.6,223,62,49,1581
0,53,3,4,169,50,1347.5,214,65,43,1503
0,23,3,0,175,102,1944.3,385,96,74,2590
0,21,4,0,156,87,1729.4,248,57,84,1976
0,30,4,0,164,103,1909,381,97,102,2830
1,40,3,0,155,98,1578.5,304,118,52,2156
1,22,3,3,154,44,1078.1,135,72,34.46,1138
0,44,3,0,168,109,1938.8,372,109,90,2734
0,20,2,1,156,70,1524.6,255,143,53,2069
0,27,3,0,173,54,1461.1,158,93,52,1472
0,22,4,3,164,72,1609.3,292,124,34.46,1974
1,22,2,0,164,59,1394.9,186,52,48,1384
1,22,3,0,150,54,1201.8,138,70,51,1291
0,22,3,0,168,45,1455.1,142,82,41,1265
1,23,4,0,158,57,1276.9,212,85,46,1602
0,21,3,2,169,76,1722.3,311,90,90,2414
1,20,3,0,135,70,1280.9,271,83,49,1857
0,24,3,0,164,108,2034.4,367,151,49,2513
1,35,4,0,155,45,1073.7,166,57,45,1297
1,22,2,3,164,61,1330.4,187,81,52,1540
0,24,4,2,175,82,1766.9,337,126,64,2428
0,20,2,0,159,66,1530.4,297,56,50,1862
0,24,2,0,162,84,1770,291,103,68,2188
1,26,2,1,152,64,1302.9,225,56,63,1691
0,25,4,3,168,101,1968.2,369,156,69,2721
0,22,3,0,179,64,1646.4,157,114,63,1651
0,28,2,3,162,80,1661.6,313,120,76,2416
1,24,3,0,161,50,1204.7,136,54,49,1201
0,27,3,2,141,65,1371.5,213,115,69,1933
1,22,2,0,155,44,1131.1,129.225,64,47,1196
0,22,3,1,179,67,1688.1,212,64,78,1806
1,20,3,0,163,48,1230.1,187,51.69,39,1306
1,20,2,0,164,83,1640.3,300,64,64,2032
0,29,3,0,176,81,1823.4,321,90,60,2184
1,18,4,0,166,84,1613,220,94,76,1940
1,20,3,0,155,43,1169.3,145,58,39,1163
0,23,3,4,169,74,1705.4,238,104,71,2007
0,24,3,0,165,54,1406.3,175,65,68,1572
0,25,2,0,171,89,1834.7,223,130,91,2231
0,23,2,0,163,89,1772.9,287,92,62,2074
1,26,3,0,156,91,1647.8,237,114,68,2016
0,53,2,0,166,41,1205.4,153,53,36,1148
1,25,3,0,144,94,1557.1,309,98,34.46,1938
0,16,3,1,173,84,1881.4,278,103,65,2109
0,22,3,0,163,40,1319.7,150,67,37,1201
0,25,2,0,179,80,1782.1,170,84,93,1853
0,19,2,1,161,74,1635.3,186,87,79,1803
0,20,2,1,169,57,1501.4,204,104,56,1736
1,22,2,0,152,59,1277.9,166,52,63,1439
0,30,4,0,156,87,1759.6,346,106,35,2123
1,20,2,0,160,98,1734.5,308,128,90,2554
0,15,3,4,171,76,1783.7,326,98,44,2092
1,26,3,0,158,75,1437.6,205,81,68,1756
0,23,2,3,172,61,1548.8,166,93,55,1531
0,25,4,2,168,76,1684.1,257,103,52,1908
1,23,4,0,158,56,1235.7,172,70,35,1283
1,26,3,0,152,97,1624.1,277,90,66,2062
0,22,3,0,156,44,1275.1,166,53,55,1371
1,41,3,0,158,106,1700.4,262,117,78,2218
0,22,3,0,180,138,2380.2,392,157,105,3141
1,29,4,0,152,88,1552,285,90,101,2409
0,23,4,3,178,75,1748.5,291,64,78,2122
1,25,4,0,160,95,1642.3,340,83,74,2358
0,22,2,0,157,75,1606,261,101,62,2006
1,50,2,0,152,80,1365.5,319,51.69,37,1816
0,21,3,0,167,51,1455.6,224,60,34.46,1446
1,21,2,1,143,54,1189.6,195,55,43,1387
0,27,3,0,175,115,2136.3,382,131,93,2889
0,24,3,1,179,97,1985.7,339,111,88,2592
1,20,3,2,157,53,1285.9,169,81,43,1387
0,48,3,0,174,55,1385.6,199,96,48,1612
1,25,3,2,174,105,1846.7,231,159,95,2415
0,35,2,3,168,84,1675.1,242,102,81,2105
1,41,2,1,136,78,1203.1,177,91,70,1702
0,46,3,2,169,88,1770.7,304,115,62,2234
1,16,4,0,169,41,1187.7,137,71,37,1165
1,35,3,0,142,73,1295.4,185,97,52,1596
0,24,2,0,164,99,1876.9,331,152,103,2859
1,15,3,2,156,45,1223.1,136,54,37,1093
1,29,3,0,142,93,1458,324,81,73,2277
0,29,3,0,168,50,1395.7,133,116,50,1446
0,23,3,1,172,59,1581.5,219,105,68,1908
1,25,3,0,152,73,1367.6,242,88,44,1716
1,35,3,1,142,74,1267.2,140,66,58,1346
1,18,2,3,142,68,1368.4,189,78,66,1662
1,20,4,2,164,75,1551,198,101,76,1880
0,32,3,0,162,100,1871.8,164,132,91,2003
0,22,4,1,168,54,1502.2,250,93,48,1804
0,21,2,0,171,99,1950.5,334,153,92,2776
1,23,3,0,153,81,1441.4,245,69,74,1922
1,23,4,0,156,58,1274.4,169,87,40,1384
1,30,3,0,144,95,1568.6,322,98,78,2382
1,19,3,0,160,83,1554.5,213,100,73,1909
0,64,3,4,165,66,1380.4,272,75,54,1874
1,23,2,0,158,67,1396.7,188,82,55,1575
1,21,3,2,155,56,1206.4,177,76,55,1507
1,25,3,0,164,69,1447.2,177,95,65,1673
0,26,4,0,173,112,2077.2,359,138,98,2870
1,21,2,1,159,57,1315.3,147,69,49,1305
0,23,2,0,144,57,1373,243,58,45,1609
0,21,3,0,173,69,1714.1,267,105,61,2037
1,46,3,0,141,112,1633.9,304,144,89,2593
1,21,3,1,164,62,1417.3,215,97,34.46,1558
1,21,3,0,161,46,1243.4,179,51.69,36,1247
0,23,3,0,165,46,1419,205,51.69,55,1522
1,19,2,0,156,55,1244.9,180,70,52,1468
1,30,3,0,162,46,1168.7,148,65,37,1185
0,21,3,3,167,82,1791,294,112,75,2299
0,20,3,0,171,51,1487.1,240,82,54,1774
1,29,3,0,153,99,1616.2,207,128,76,2024
0,28,3,1,169,93,1812.3,231,139,53,1957
1,47,4,0,141,75,1258.7,200,130,52,1788
0,24,3,0,166,52,1437.2,203,71,34.46,1406
0,21,2,1,174,80,1743.8,288,108,78,2286
0,21,3,0,175,70,1685.4,212,148,64,2016
1,21,4,0,168,41,1222.9,150,59,40,1196
1,22,2,0,163,61,1321.3,169,70,45,1361
0,25,3,0,159,118,2080.8,388,128,103,2991
1,50,3,0,164,50,1087,129.225,57,42,1123
0,25,4,3,174,74,1704.1,251,94,56,1884
0,21,3,0,160,121,2096.6,345,145,85,2725
0,24,3,0,179,111,2118.8,300,121,108,2656
0,25,2,0,165,48,1364.6,140,79,48,1308
0,20,3,1,169,63,1618.2,246,69,40,1620
0,24,2,0,179,81,1762.7,287,122,66,2230
0,26,2,0,168,135,2366.6,278,142,110,2670
0,22,3,0,165,45,1416.7,131,79,38,1182
1,26,3,0,137,72,1261.8,213,113,51,1763
1,41,4,0,155,88,1523.9,316,90,65,2209
0,67,3,0,173,72,1391.2,184,109,63,1739
1,25,4,0,157,71,1373.4,188,83,76,1768
1,52,3,0,165,90,1497.3,237,98,57,1853
1,23,2,0,164,54,1301.4,145,71,57,1377
1,25,3,2,163,84,1584.1,302,82,55,2031
1,21,2,0,155,43,1099.6,176,56,34.46,1238
0,34,3,0,165,119,2003,323,157,64,2496
0,27,3,0,168,63,1522,229,51.69,49,1564
0,24,2,0,175,67,1624.1,249,99,65,1977
1,24,3,0,164,54,1309.9,190,79,43,1463
0,22,2,0,161,54,1469.5,237,100,53,1825
0,27,4,0,168,72,1616.5,278,81,53,1913
0,23,3,1,177,73,1747.2,204,136,70,1990
0,34,3,0,161,111,1976,385,154,71,2795
0,23,3,0,160,113,2035.9,350,136,104,2880
0,29,3,0,155,109,1917.9,301,145,100,2684
1,57,2,0,142,69,1167.2,226,83,37,1569
0,20,2,0,156,60,1499.2,177,91,56,1576
0,50,3,2,173,111,1934.2,335,139,75,2571
0,32,3,0,168,116,2028.4,358,144,86,2782
0,23,2,0,185,88,1917.6,268,136,87,2399
0,25,4,3,185,85,1892.7,377,93,72,2528
0,38,2,3,164,101,1851.7,242,139,96,2388
0,44,4,1,178,90,1796,343,97,86,2534
1,25,2,2,136,51,1077,154,51.69,48,1255
0,55,3,0,172,54,1358.2,148,88,52,1412
0,27,2,2,168,97,1846.9,268,171,57,2269
0,32,2,0,154,94,1729.7,352,118,91,2699
1,23,3,0,136,73,1303.4,256,61,51,1727
0,22,3,0,176,81,1772.5,298,71,42,1854
0,22,3,3,168,61,1583.5,183,85,72,1720
0,23,3,0,185,84,1896.7,272,107,66,2110
1,23,3,1,163,48,1219.8,145,63,50,1282
0,23,3,0,159,42,1293,139,79,49,1313
1,29,3,0,158,98,1663.8,279,122,91,2423
0,25,2,0,168,136,2296.6,380,158,106,3106
0,19,3,0,156,89,1753.9,214,109,88,2084
1,22,3,0,157,48,1206.6,170,58,39,1263
1,23,2,2,162,74,1509.9,180,77,55,1523
1,29,3,0,163,92,1571.2,176,139,66,1854
0,22,3,0,180,136,2343,374,138,109,3029
1,24,2,3,158,81,1521.7,322,89,46,2058
1,39,3,1,139,79,1258.8,173,101,63,1663
1,24,3,3,167,55,1343.2,199,56,38,1362
1,40,4,0,163,107,1744,204,115,94,2122
1,20,4,0,156,46,1137.4,174,64,45,1357
1,46,3,0,144,99,1554.9,289,95,62,2094
0,22,2,4,176,77,1755.1,266,112,57,2025
0,22,4,0,168,56,1551.4,199,58,47,1451
1,19,3,2,165,76,1532,146,77,55,1387
0,22,3,4,165,63,1522.1,177,100,68,1720
0,27,2,0,170,92,1876.3,382,106,84,2708
0,31,4,0,174,107,2077.1,383,74,107,2791
1,22,2,4,155,55,1291.9,188,73,53,1521
1,46,4,0,142,80,1318.5,209,61,72,1728
1,19,2,0,164,60,1342.1,200,72,55,1583
1,24,2,0,171,58,1378.6,165,93,53,1509
0,20,2,1,159,55,1399.8,192,51.69,51,1434
0,58,3,0,165,48,1195.2,242,81,34.46,1602
0,22,3,0,160,108,1955.4,381,134,99,2951
1,21,2,4,166,60,1399.8,222,101,53,1769
0,35,3,0,163,102,1900.1,331,132,99,2743
0,54,3,2,161,67,1447.5,233,71,57,1729
1,24,4,1,152,91,1576,278,138,40,2024
0,21,2,2,164,57,1470.1,230,89,43,1663
1,34,2,2,152,72,1266.3,173,54,80,1628
0,18,2,1,162,71,1637.3,246,86,72,1976
1,23,3,0,160,52,1245.2,196,72,56,1576
0,23,4,0,179,60,1619.6,219,86,59,1751
0,26,3,0,169,69,1639.8,241,122,61,2001
1,23,3,1,162,50,1275.6,168,55,34.46,1202
0,25,4,0,165,95,1883.6,309,128,88,2540
1,26,3,0,145,96,1502.7,249,81,72,1968
1,33,3,0,143,96,1499.9,283,90,63,2059
0,26,3,0,160,42,1309.4,213,51.69,37,1392
0,23,2,0,165,76,1690.8,282,130,52,2116
0,30,2,0,163,81,1713.7,271,128,56,2100
1,21,2,0,175,61,1514.3,162,93,46,1434
0,22,3,0,172,56,1525.2,287,51.69,51,1814
0,23,4,0,164,46,1376.6,154,79,50,1382
1,26,2,0,140,60,1222.5,260,83,37,1705
0,23,2,1,173,82,1762,241,119,66,2034
0,51,3,1,160,66,1446.3,198,110,45,1637
1,37,2,0,158,79,1482.4,233,73,71,1863
0,29,3,0,167,52,1475.8,214,94,52,1700
0,22,3,0,172,78,1765,267,91,63,1999
0,27,4,4,160,90,1747.4,323,160,82,2670
0,19,2,1,166,90,1802.2,225,131,90,2234
1,30,3,0,151,71,1309.7,214,77,45,1569
1,22,2,1,169,71,1502.9,254,113,59,1999
1,21,3,1,157,46,1217.6,164,57,38,1226
0,20,3,0,166,41,1341.4,170,62,35,1243
0,22,3,0,164,119,2083.4,381,61,107,2731
0,28,2,1,170,99,1850.6,383,147,61,2669
1,21,3,0,148,37,1032.1,149,55,37,1149
1,18,3,1,169,109,1871.9,344,132,96,2768
0,23,3,0,165,99,1954.9,307,131,80,2472
0,20,3,0,175,115,2143.9,280,140,96,2544
0,31,3,0,169,52,1414.4,136,96,36,1252
1,24,4,4,159,53,1216.3,178,68,39,1335
0,21,4,0,157,76,1684.9,239,87,45,1709
0,24,2,0,169,48,1430.5,170,52,35,1203
1,35,4,0,155,43,1048.1,136,54,36,1084
0,23,3,0,161,114,2040.8,265,158,106,2646
0,23,3,4,166,64,1597.9,208,106,63,1823
0,24,2,2,175,74,1707,361,77,50,2202
0,23,2,1,167,91,1824.9,249,124,87,2275
0,19,3,0,165,41,1354.2,158,72,36,1244
1,19,4,0,164,49,1309.4,163,88,50,1454
1,30,3,0,146,75,1350.3,260,75,59,1871
0,23,3,0,167,94,1875.1,268,99,97,2341
1,26,3,0,157,77,1469.2,286,81,61,2017
1,50,3,0,159,78,1358.2,261,115,48,1936
1,31,3,0,157,102,1717.5,298,91,83,2303
0,23,3,0,165,46,1353.7,144,66,47,1263
0,22,3,4,164,72,1617,270,95,63,2027
0,25,3,0,162,105,1970.9,313,140,103,2739
0,24,3,0,163,107,2010.9,267,149,103,2591
0,26,3,0,167,117,2125,392,123,88,2852
1,15,3,0,155,56,1304.3,188,77,55,1555
1,29,3,0,140,71,1291,274,78,48,1840
1,22,2,1,157,40,1152.7,140,56,52,1252
0,24,3,0,173,102,1983.8,263,156,44,2072
0,24,3,0,158,103,1864.4,253,153,87,2407
0,25,3,0,167,39,1324.1,168,63,38,1266
0,26,4,0,168,88,1823,256,61,108,2240
1,20,3,3,162,51,1260.7,133,60,49,1213
0,19,3,3,174,82,1826,316,92,65,2217
1,23,2,0,159,64,1391.7,201,51.69,48,1443
1,22,2,0,155,48,1099.2,163,53,38,1206
0,21,2,0,176,60,1590.8,175,71,71,1623
0,23,3,0,169,71,1683.8,257,117,69,2117
0,22,4,0,175,71,1714.2,249,60,79,1947
0,25,3,0,164,120,2086.3,337,156,65,2557
0,25,2,1,168,91,1894.1,336,118,57,2329
0,23,2,0,166,58,1438.1,220,55,71,1739
1,23,3,0,162,46,1116.8,206,51.69,34.46,1341
0,44,3,0,155,87,1634.7,187,95,94,1974
0,22,3,0,157,116,2001.8,176,136,115,2283
1,20,3,0,156,63,1320.7,201,54,53,1497
1,28,3,0,160,54,1249.4,129.225,61,62,1319
0,21,4,1,169,53,1525.9,222,79,59,1735
1,23,4,0,156,88,1566.9,268,123,52,2032
0,19,2,0,171,92,1881.7,241,131,73,2145
1,36,3,0,163,47,1158.6,129.225,74,34.46,1123
0,18,2,0,168,73,1660,324,79,68,2224
1,22,4,0,160,77,1459.7,217,88,46,1634
0,25,3,0,170,75,1691.8,235,107,100,2268
0,22,3,0,158,108,1943.8,360,96,64,2400
0,29,3,2,180,77,1761,255,119,77,2189
0,28,4,4,170,49,1381.9,171,72,35,1287
0,34,4,0,164,97,1805.5,333,56,67,2159
0,25,4,3,165,64,1552.9,264,94,70,2062
0,21,2,1,170,55,1526.3,262,107,35,1791
1,22,4,1,170,51,1305.6,129.225,97,53,1382
1,47,3,0,146,104,1531,367,127,58,2498
1,21,2,1,162,61,1312.1,129.225,63,55,1264
0,22,2,1,173,82,1809.1,139,157,53,1661
1,29,3,0,160,94,1644.9,231,99,73,1977
1,24,3,1,160,49,1213.6,137,82,50,1326
1,18,4,0,138,72,1265.4,242,73,72,1908
1,23,3,2,136,56,1074.3,179,76,47,1443
0,25,3,3,172,69,1622.5,214,123,68,1960
0,28,4,1,185,105,2054.3,303,134,95,2603
1,21,2,0,146,70,1384.9,232,68,47,1623
1,21,2,0,153,60,1304,193,55,53,1469
1,24,3,0,157,46,1158.4,158,72,46,1334
0,35,4,0,159,96,1772.8,341,152,85,2737
1,38,3,0,162,50,1174.6,130,53,48,1164
0,25,3,0,164,59,1502.8,200,94,46,1590
1,23,4,0,161,93,1668.1,242,120,47,1871
0,28,2,1,171,95,1899.1,261,100,81,2173
0,19,3,0,164,41,1373.8,134,76,36,1164
1,47,3,3,159,59,1187.7,168,75,37,1305
0,19,2,3,184,74,1770.4,329,124,69,2433
1,25,3,0,156,78,1483.9,138,92,37,1253
0,17,2,0,165,79,1788.2,313,111,61,2245
0,23,3,2,171,50,1431.7,142,77,43,1263
1,26,3,0,160,85,1515.6,186,94,82,1858
1,20,2,0,172,60,1416.1,152,61,48,1284
0,24,3,1,177,95,1954.6,271,135,90,2434
0,21,3,0,170,52,1487.4,224,88,64,1824
1,28,4,0,143,79,1405,269,58,64,1884
1,54,2,0,152,70,1238,208,53,66,1638
0,25,3,0,162,109,1996.4,346,92,100,2652
0,20,3,0,169,105,2002.8,397,125,41,2457
0,23,3,3,181,85,1828.1,271,122,66,2166
0,23,2,0,164,76,1640.6,281,62,71,2011
1,35,2,0,155,76,1412.9,159,121,64,1696
0,25,2,0,162,130,2183.5,393,146,105,3101
0,23,2,1,167,62,1495.6,160,85,77,1673
0,22,2,0,165,48,1391.3,143,55,57,1305
0,25,2,0,163,49,1403.1,170,85,43,1407
1,35,4,2,142,75,1256.1,211,68,62,1674
1,20,3,0,158,86,1589.6,246,92,67,1955
0,28,4,0,163,94,1818,375,122,76,2672
1,39,3,0,151,98,1578.1,294,84,88,2304
0,21,3,0,165,111,2076,381,156,96,3012
0,22,2,1,164,71,1595,263,122,53,2017
1,23,2,0,157,58,1303.9,200,94,44,1572
1,22,3,0,158,76,1454.6,194,104,50,1642
0,28,2,1,168,90,1777.6,300,105,81,2349
1,37,3,0,161,43,1137.4,140,56,41,1153
0,36,4,0,175,109,2006.1,235,163,109,2573
0,17,3,0,179,81,1861.4,279,126,77,2313
0,37,4,0,152,85,1614.2,154,122,83,1851
0,23,3,0,158,111,1993.6,382,153,102,3058
0,22,2,0,185,101,2038.1,346,65,92,2472
1,36,3,0,144,96,1491.1,224,65,67,1759
0,24,3,3,166,121,2154.3,316,152,101,2781
1,20,3,2,162,46,1240.4,147,68,44,1256
0,21,2,1,169,71,1672.9,224,119,94,2218
0,22,3,0,167,51,1470.3,138,63,76,1488
1,21,2,0,165,112,1867.7,296,93,79,2267
0,24,2,4,181,74,1746.6,275,61,82,2082
1,43,3,1,162,48,1110.1,178,57,48,1372
1,22,4,0,163,81,1549.2,171,93,73,1713
1,23,4,2,170,60,1384.8,163,72,52,1408
1,21,3,1,162,56,1310.6,216,66,51,1587
0,35,3,0,169,107,1925.1,217,161,94,2358
0,22,3,0,163,118,2107.7,373,149,100,2988
0,22,2,0,164,73,1637.1,253,90,46,1786
1,21,2,0,164,82,1555.6,223,84,56,1732
1,20,2,0,142,66,1295.9,228,69,46,1602
1,50,2,0,153,64,1192.2,133,75,62,1390
0,22,4,0,183,105,2091.4,282,114,107,2547
1,24,3,2,165,69,1417.5,187,79,47,1487
0,26,3,0,166,117,2079.8,284,149,96,2596
0,20,3,0,160,116,2050.4,366,158,81,2825
0,24,2,2,172,74,1761.2,355,83,34.46,2062
0,20,3,0,167,46,1401.6,170,96,36,1388
1,26,4,0,159,93,1665.3,289,90,80,2236
1,22,4,1,161,65,1339.8,199,100,34.46,1506
1,33,2,1,164,48,1156.7,137,60,36,1112
1,23,2,3,159,63,1366.9,176,54,66,1514
0,29,3,0,168,53,1459.1,196,92,49,1593
0,24,2,0,161,41,1320.6,163,52,35,1175
1,24,3,2,170,69,1509.1,231,81,60,1788
0,25,3,0,180,91,1865.5,290,114,85,2381
1,46,3,0,144,105,1560.2,266,105,61,2033
0,23,3,0,165,74,1667.7,234,98,85,2093
0,24,3,0,163,98,1870.4,336,155,54,2450
0,21,2,4,155,45,1362,130,66,59,1315
1,26,3,0,146,94,1556.4,285,70,85,2185
1,32,3,0,170,77,1482,290,115,38,1962
0,24,3,0,160,104,1886.9,376,151,58,2630
0,37,4,0,164,101,1830.2,332,116,92,2620
1,53,2,0,145,73,1219.9,183,51.69,44,1335
1,20,2,0,169,85,1666.3,292,132,63,2263
1,19,3,0,160,84,1603.8,313,81,55,2071
1,33,3,0,160,78,1448.5,208,78,71,1783
1,27,2,1,153,63,1250.9,137,55,52,1236
0,21,3,1,165,61,1590.9,213,64,67,1711
0,25,4,0,162,96,1911.1,283,125,91,2451
0,21,4,0,152,84,1692.9,255,119,75,2171
1,22,3,0,162,51,1237.3,194,76,38,1422
1,30,3,0,157,101,1687.3,347,120,55,2363
1,36,3,0,155,98,1581.1,377,112,81,2685
0,22,3,2,174,80,1772,205,122,70,1938
0,34,3,0,162,112,1932.6,381,152,97,3005
0,19,3,0,181,75,1838.4,235,95,91,2139
1,21,2,0,155,51,1145.4,202,90,40,1528
0,23,2,0,164,97,1860.6,255,146,55,2099
0,22,3,1,164,104,1923.8,390,156,70,2814
0,17,3,1,170,107,1999,257,104,58,1966
0,21,2,1,156,68,1611.3,269,103,35,1803
1,20,4,2,177,70,1440,176,100,60,1644
1,22,3,1,161,76,1453.4,206,96,69,1829
0,24,3,0,164,109,2038.2,382,145,102,3026
0,20,2,0,184,82,1842.2,299,51.69,67,2006
1,27,2,0,145,95,1582.3,151,68,94,1722
0,36,4,0,151,87,1656.1,324,83,68,2240
1,34,3,0,141,78,1351.3,249,54,56,1716
1,19,4,0,151,63,1311.7,199,53,45,1413
1,49,3,0,144,100,1465.9,182,118,73,1857
0,22,3,0,169,48,1409.9,188,80,40,1432
0,22,2,2,171,66,1633.5,269,51.69,34.46,1593
0,23,4,3,166,70,1639.4,242,105,62,1946
1,30,3,2,169,48,1227.5,191,56,51,1447
0,24,3,1,169,89,1842.2,344,93,72,2396
1,22,2,0,166,65,1467.5,211,80,55,1659
1,27,3,3,159,96,1672.6,284,126,70,2270
0,23,2,3,171,68,1670.7,296,77,75,2167
0,23,3,0,169,62,1511,165,57,77,1581
0,36,3,0,169,109,1993.4,238,78,102,2182
0,26,2,2,168,85,1757.6,258,163,77,2377
1,28,2,0,156,80,1468.8,265,85,47,1823
0,21,3,0,167,50,1452.9,221,52,35,1407
0,23,2,1,163,70,1558.2,216,114,63,1887
0,30,3,0,167,85,1737.4,394,86,49,2361
1,22,4,0,157,55,1281.6,179,86,41,1429
0,23,3,0,164,45,1373.1,194,65,40,1396
0,15,3,4,160,48,1454,146,64,43,1227
1,20,3,0,162,46,1226.2,136,63,36,1120
0,22,2,0,179,98,1976.8,343,143,96,2808
1,19,2,1,163,62,1371,160,55,58,1382
0,21,3,2,167,80,1732.1,421,66,37,2281
0,21,3,0,158,116,1994.8,284,129,92,2480
0,27,3,0,169,52,1435.4,181,96,46,1522
0,20,3,4,168,80,1805,235,105,82,2098
0,43,4,2,163,94,1774.2,269,138,73,2285
1,25,3,4,160,63,1346.2,168,73,47,1387
0,20,3,0,170,60,1557.8,261,69,57,1833
0,28,3,0,170,108,2008.8,306,166,60,2428
0,26,3,3,167,41,1350.2,130,71,41,1173
1,24,3,4,136,43,1004.8,142,51.69,39,1126
0,18,3,2,165,46,1378.9,172,69,53,1441
0,24,3,3,179,111,2122.2,368,143,72,2692
0,58,3,1,165,53,1275,176,59,73,1597
1,43,3,1,157,59,1200.4,179,74,55,1507
1,25,2,0,164,57,1343.6,157,72,50,1366
0,23,3,1,171,65,1580.1,227,90,68,1880
0,45,3,2,170,90,1759.2,294,122,90,2474
1,25,3,0,144,93,1547.6,284,82,82,2202
1,46,4,0,147,73,1270.7,143,56,55,1291
0,26,3,0,170,47,1396.2,215,51.69,42,1445
0,22,3,0,169,52,1417.3,198,86,50,1586
0,18,3,0,171,51,1440.2,159,57,67,1467
0,25,3,0,166,114,2032.4,266,159,81,2429
0,24,4,4,180,88,1917.4,316,130,66,2378
1,43,3,0,151,100,1539.1,253,100,52,1880
1,28,2,0,157,72,1400.6,273,65,47,1775
0,21,3,1,173,79,1755.5,301,88,56,2060
1,30,2,0,156,74,1396.3,243,88,53,1801
0,27,3,0,170,87,1778.8,276,121,90,2398
0,26,4,0,146,79,1548.7,325,90,41,2029
0,30,3,0,173,98,1865.1,338,135,85,2657
1,26,2,0,163,50,1269.6,131,73,37,1149
1,29,2,0,162,55,1236,171,60,51,1383
1,23,3,0,167,45,1220.5,171,71,40,1328
1,20,2,2,146,35,1012.6,129.225,51.69,42,1102
1,23,2,0,161,78,1500.8,317,79,60,2124
0,25,3,1,158,82,1681,240,136,59,2035
1,39,2,1,152,63,1181.3,179,71,38,1342
1,24,3,0,153,94,1590.4,229,102,82,2062
0,21,3,0,168,81,1717.2,368,130,86,2766
1,22,3,0,151,74,1413.3,212,61,60,1632
0,30,3,1,167,86,1755.2,242,123,68,2072
1,21,3,0,147,87,1495.5,201,89,103,2087
0,35,3,1,155,120,2045.6,269,163,102,2646
0,21,2,0,167,81,1801.1,299,98,34.46,1898
1,19,2,0,153,60,1284.4,220,52,35,1403
0,23,4,0,166,51,1503.9,187,83,49,1521
1,24,3,1,152,55,1181.7,169,75,44,1372
0,24,4,2,174,82,1823,262,113,77,2193
0,23,2,1,161,79,1706.7,319,115,76,2420
1,38,2,0,155,77,1382.8,171,105,65,1689
0,28,3,4,168,107,1999.1,348,155,80,2732
1,20,2,4,156,59,1270.2,148,56,36,1140
1,21,2,1,142,55,1171,158,51.69,57,1352
0,24,3,0,162,102,1910.9,398,93,83,2711
1,23,4,0,156,87,1608.5,162,123,81,1869
0,62,3,4,165,56,1313.6,231,72,34.46,1522
1,51,2,0,151,66,1211.1,188,96,60,1676
0,41,3,0,175,52,1445.3,194,78,38,1430
0,19,3,4,170,71,1736.9,166,110,51,1563
1,24,3,0,161,53,1254.3,129.225,52,44,1121
0,32,3,4,165,77,1682.3,272,128,34.46,1910
1,22,2,0,142,54,1160.7,192,53,34.46,1290
1,36,3,3,165,66,1334.5,208,103,53,1721
0,39,3,0,162,91,1706.4,294,119,96,2516
0,23,2,1,165,63,1543.1,201,82,64,1708
0,21,2,0,162,91,1824.6,300,161,64,2420
1,22,2,0,156,78,1474.3,224,114,72,2000
0,30,3,3,170,50,1392.7,219,78,34.46,1498
1,27,3,0,145,90,1504.5,305,74,52,1984
1,19,2,0,164,91,1644,298,94,48,2000
0,28,2,0,174,124,2174.9,387,147,103,3063
0,24,2,0,155,42,1291,129.225,73,47,1232
1,50,3,0,165,111,1771.1,364,118,88,2720
0,24,2,4,176,77,1777.2,247,112,92,2264
0,22,2,0,166,71,1628.5,267,122,57,2069
0,23,3,1,173,58,1544.2,155,78,70,1562
0,24,4,4,169,59,1506.4,182,84,65,1649
1,23,3,0,155,98,1699.7,203,121,75,1971
1,25,3,0,161,61,1387.9,153,58,52,1312
0,23,2,2,176,64,1635,129.225,123,81,1738
0,22,4,0,162,68,1628.8,238,122,71,2079
1,28,4,0,175,100,1777.3,285,89,62,2054
0,23,3,0,182,77,1775.7,313,73,81,2273
1,43,3,0,152,99,1526.1,146,151,67,1791
1,47,2,0,137,71,1199.6,266,98,57,1969
1,43,3,0,163,48,1163.1,149,57,34.46,1134
0,28,3,0,173,112,2044.6,391,104,83,2727
1,49,3,2,151,84,1376.2,151,72,55,1387
0,26,2,0,168,91,1845.3,290,128,58,2194
1,22,2,4,156,71,1362.4,145,67,77,1541
1,26,2,0,158,77,1461.8,176,57,67,1535
0,21,3,0,172,69,1671.5,314,95,49,2077
1,25,2,0,158,87,1551.1,241,105,77,2077
1,50,3,0,156,107,1579.5,354,116,66,2474
0,30,3,4,166,50,1450,189,73,45,1453
1,26,3,0,165,88,1618.5,229,102,83,2071
0,24,3,3,157,102,1917.9,345,155,73,2657
1,25,3,0,165,49,1210.5,157,54,36,1168
0,31,3,0,169,51,1463.3,177,70,36,1312
0,27,2,1,162,85,1716.2,356,96,58,2330
0,23,3,1,163,68,1580.7,221,85,61,1773
1,25,4,0,160,96,1732,182,154,75,2019
1,21,3,2,157,70,1419.1,194,95,37,1489
0,27,3,1,171,100,1997,374,157,79,2835
0,16,2,0,157,74,1687.4,239,118,53,1905
0,22,2,1,168,95,1924.2,245,133,78,2214
0,22,4,3,171,53,1509.7,135,87,60,1428
0,23,4,0,164,46,1331.5,219,51.69,51,1542
0,22,2,0,169,60,1533.7,203,71,67,1699
0,20,2,0,182,95,2027.2,306,115,92,2512
0,23,3,0,169,99,1964.1,150,96,115,2019
0,24,3,0,183,68,1742.1,199,102,61,1753
0,25,3,0,160,85,1763.3,213,100,88,2044
0,20,2,0,160,64,1573.4,258,68,66,1898
0,24,2,0,158,77,1664.3,334,130,81,2585
1,35,3,0,152,98,1623.3,293,110,42,1990
0,20,2,0,145,58,1417.6,221,120,45,1769
0,27,3,0,167,66,1551.9,183,93,60,1644
0,29,3,0,170,54,1450.3,247,77,52,1764
0,22,3,0,167,56,1480.9,233,68,62,1762
0,56,3,0,157,87,1638.1,281,78,86,2210
0,24,2,4,178,71,1686.3,247,95,75,2043
1,26,3,0,157,46,1103.4,148,51.69,36,1123
0,24,2,0,163,100,1908.3,269,119,82,2290
0,24,4,0,165,64,1549.2,175,77,76,1692
1,43,4,0,139,76,1268.3,213,83,60,1724
1,55,2,0,141,58,1095.5,197,57,34.46,1326
0,17,3,0,188,54,1684.4,199,78,47,1531
1,25,3,0,160,46,1149.8,142,57,41,1165
0,28,2,0,162,100,1841.4,345,103,95,2647
1,34,4,2,140,56,1096.1,148,56,46,1230
1,32,3,1,150,50,1124.6,129.225,71,49,1242
0,53,4,2,160,67,1428.8,172,88,66,1634
0,23,3,0,165,86,1801.5,243,166,57,2149
0,22,4,4,183,67,1698.4,284,85,72,2124
0,24,3,0,158,85,1759.5,269,102,104,2420
0,29,2,0,182,91,1899.6,352,131,84,2688
1,25,3,0,144,89,1496,323,108,62,2282
0,28,4,2,178,95,2003.8,215,169,75,2211
0,22,3,0,175,74,1765.9,304,108,46,2062
0,22,3,4,163,60,1545.6,250,78,42,1690
0,23,2,1,176,120,2191.9,302,163,109,2841
1,22,2,2,164,67,1428.6,243,100,59,1903
1,17,3,2,158,55,1332.3,135,85,39,1231
0,23,2,1,164,66,1546,301,91,68,2180
1,18,4,0,154,83,1516.5,244,82,47,1727
0,21,2,1,174,65,1599.8,234,99,45,1737
0,16,3,4,169,76,1761,282,97,51,1975
1,22,4,0,161,61,1312.4,142,94,37,1277
1,20,3,2,164,80,1535.4,183,98,69,1745
0,24,3,0,178,110,2089.1,367,152,101,2985
0,31,3,0,169,52,1420.2,193,82,48,1532
1,28,3,0,155,75,1378.5,238,79,47,1691
0,22,2,4,177,69,1699.1,228,97,89,2101
0,20,3,0,188,97,2027.3,262,126,66,2146
0,23,3,0,168,49,1417.5,158,103,58,1566
0,20,3,0,167,80,1766.2,260,124,83,2283
0,24,3,0,184,69,1750.7,277,111,75,2227
0,22,4,0,179,61,1610.4,203,54,60,1568
1,22,2,2,160,60,1319.3,219,62,57,1637
1,60,2,0,157,79,1275.6,225,103,69,1933
0,19,2,0,167,74,1655.6,194,115,89,2037
1,22,2,4,150,51,1219.6,192,51.69,36,1299
0,22,2,0,164,56,1493.7,202,98,56,1704
1,16,2,3,166,65,1435,260,98,44,1828
0,33,3,0,169,71,1608.2,152,51.69,75,1490
1,24,3,0,179,60,1436.7,218,96,57,1769
1,22,3,0,157,78,1476.3,241,91,67,1931
1,22,3,0,150,73,1396.9,134,96,53,1397
0,22,3,0,172,55,1515.3,133,65,43,1179
0,22,2,0,180,78,1810,285,115,69,2221
1,30,3,0,153,100,1660.4,307,84,86,2338
0,21,3,0,179,77,1797,231,113,93,2213
1,21,3,0,156,41,1095.4,145,51.69,34.46,1097
0,21,2,0,168,48,1453.8,135,75,44,1236
1,20,2,2,159,55,1287.4,163,68,41,1293
0,22,3,0,168,107,2109.5,297,105,85,2373
0,18,4,0,168,49,1441.7,193,51.69,61,1528
1,47,3,0,144,103,1551.4,254,111,96,2324
0,28,4,0,164,104,1987.6,129.225,152,105,2070
0,25,3,0,164,102,1925,376,150,82,2842
1,17,3,0,166,85,1671.1,260,119,75,2191
0,23,4,4,183,92,1911.1,325,119,90,2586
1,30,3,0,140,99,1470,262,70,104,2264
0,25,3,0,162,50,1398.5,241,56,51,1647
1,20,4,0,168,100,1781.3,393,111,69,2637
0,25,3,1,166,70,1647.9,281,96,53,1985
1,18,3,1,156,56,1274.7,212,79,41,1533
0,27,2,1,168,87,1793.1,330,108,51,2211
1,25,3,4,160,52,1244.8,162,51.69,36,1179
0,22,3,0,164,117,2087,310,152,101,2757
0,21,2,1,168,91,1854.7,306,93,54,2082
1,21,2,0,155,41,1038,131,56,35,1063
0,22,3,4,170,63,1601.2,281,79,37,1773
1,25,3,0,145,94,1583.4,266,131,71,2227
1,27,3,0,153,93,1572.5,307,101,86,2406
1,28,2,0,157,76,1471.8,278,102,55,2015
0,23,3,2,168,68,1628.4,298,62,70,2070
1,40,4,0,154,43,1014.7,129.225,60,43,1144
0,22,3,0,155,112,2015.6,393,105,101,2901
1,38,3,0,163,46,1137.3,135,57,37,1101
1,23,3,1,156,60,1274.3,206,64,54,1566
0,24,2,1,169,97,1858.4,309,153,64,2424
0,27,3,0,173,105,1995.1,331,51.69,86,2305
0,21,3,1,170,67,1665.6,295,109,59,2147
0,25,3,0,167,74,1670.5,238,94,80,2048
0,24,3,0,154,114,2005.2,250,108,94,2278
0,20,3,0,166,53,1514.1,223,75,58,1714
1,27,3,0,162,45,1235.8,152,74,40,1264
0,23,3,3,177,91,1869.4,367,51.69,40,2035
1,28,4,4,157,93,1609.2,153,118,99,1975
1,21,3,0,157,90,1622.9,297,86,65,2117
1,28,4,0,155,83,1478.9,129.225,118,56,1493
1,55,4,0,156,87,1444.1,250,64,89,2057
1,24,3,0,156,43,1129.2,129.225,56,34.46,1051
1,22,3,3,143,57,1177.3,167,58,55,1395
0,23,2,0,171,71,1608.7,333,91,54,2182
1,19,3,0,164,47,1201.1,168,55,40,1252
0,29,2,1,168,92,1803.6,240,105,79,2091
0,20,3,2,175,59,1559.9,164,96,51,1499
0,20,3,0,170,50,1462.6,201,67,51,1531
0,54,3,0,171,48,1337.4,185,61,49,1425
0,23,3,0,165,49,1384.4,148,74,49,1329
0,23,2,2,171,86,1811.8,287,71,80,2152
1,23,4,0,160,73,1489.1,224,75,69,1817
1,35,3,0,159,47,1154.7,137,55,38,1110
1,32,4,0,153,86,1508.2,214,151,69,2081
0,23,3,2,176,79,1721.4,254,122,65,2089
1,28,3,0,155,44,1115.9,129.225,51.69,45,1129
0,41,3,0,174,54,1450.2,168,91,61,1585
1,22,3,0,164,63,1375.8,204,88,61,1717
0,30,3,0,175,98,1920.2,273,158,93,2561
1,21,2,1,169,61,1375.2,133,84,50,1318
0,22,3,0,167,73,1677.4,238,79,42,1646
1,20,2,4,170,47,1216.6,183,60,38,1314
0,40,4,4,166,106,1904.8,386,106,75,2643
0,29,4,0,162,104,1933.6,293,154,84,2544
1,20,3,1,159,65,1444.9,191,60,57,1517
0,41,4,0,165,107,1842.2,323,127,61,2349
1,36,3,0,142,91,1472.8,271,112,68,2144
0,31,4,0,170,103,1944.3,237,131,91,2291
0,22,3,2,175,80,1801.9,305,101,78,2326
0,20,2,1,176,75,1772.7,246,124,84,2236
0,29,3,0,154,108,1963.8,344,96,90,2570
0,21,3,0,167,51,1446,163,75,53,1429
1,22,2,1,156,95,1611,277,83,87,2223
0,24,3,0,155,119,2046.3,391,156,104,3124
0,20,2,3,165,77,1728.9,320,141,74,2510
1,50,3,0,144,93,1399,267,75,76,2052
0,24,3,0,165,117,2101.6,298,118,103,2591
1,22,3,0,155,50,1196.3,161,81,34.46,1278
0,24,3,1,170,92,1868.2,283,147,87,2503
0,23,2,0,178,74,1762.9,197,104,81,1933
1,47,3,0,145,105,1536.7,196,102,64,1768
0,24,2,2,170,100,1933.1,384,127,76,2728
0,71,2,0,166,77,1420.6,303,132,43,2127
0,26,3,0,168,51,1414.1,204,82,49,1585
1,27,4,0,164,66,1360.4,270,56,67,1907
0,25,3,0,166,41,1350.1,143,67,35,1155
0,48,2,0,188,106,1957.7,383,56,103,2683
0,23,3,0,158,113,1954.4,386,155,82,2902
1,48,3,4,165,108,1692.5,256,143,48,2028
0,27,2,0,166,89,1771.3,280,65,87,2163
1,50,4,0,140,73,1215.8,156,56,45,1253
1,48,2,0,156,69,1250.6,228,73,39,1555
1,23,2,0,155,50,1171.3,155,77,38,1270
0,24,4,4,175,87,1837.2,369,126,55,2475
0,24,2,1,173,95,1902.4,333,145,74,2578
1,24,4,0,154,42,1056.7,144,52,37,1117
0,28,2,0,166,53,1461.7,193,51.69,58,1501
0,24,4,0,172,70,1642.2,262,134,63,2151
1,63,2,0,157,77,1276.3,305,72,64,2084
0,24,3,0,158,102,1876.5,327,130,104,2764
0,23,4,1,171,73,1645.6,230,89,91,2095
0,29,4,1,184,85,1906.6,297,103,86,2374
0,22,3,0,154,111,1916.8,382,132,102,2974
1,56,3,0,155,63,1125.6,199,51.69,43,1390
1,39,4,0,142,76,1267.9,184,55,58,1478
0,23,3,0,161,111,2018.9,379,146,101,3009
0,24,3,0,160,81,1717.6,267,137,58,2138
0,51,3,0,168,50,1314.5,204,74,34.46,1422
0,25,2,3,165,65,1586.2,151,74,90,1710
0,30,2,0,163,80,1658.9,273,109,82,2266
0,25,3,0,163,99,1877.8,203,152,84,2176
1,24,3,0,161,63,1311.1,209,67,46,1518
0,20,2,0,179,76,1770.2,267,86,60,1952
0,16,3,2,164,48,1425.3,187,85,49,1529
1,50,3,0,141,70,1174.3,200,105,48,1652
0,20,2,0,160,46,1407.8,157,55,56,1352
1,36,3,0,155,102,1635.5,373,90,86,2626
0,23,3,0,169,85,1792.3,245,115,78,2142
0,23,4,1,171,84,1823,227,131,84,2188
0,55,3,0,164,42,1188.8,134,65,59,1327
0,23,3,1,171,101,1965.6,349,85,99,2627
1,50,3,0,139,72,1150.1,155,81,54,1430
1,25,3,3,144,56,1162.5,167,64,52,1392
0,18,3,1,170,108,2047.4,353,114,78,2570
0,30,3,1,167,59,1445.9,190,51.69,56,1471
0,24,3,4,162,78,1639,252,105,70,2058
0,24,3,2,164,116,2084.9,321,152,104,2828
1,27,2,0,164,57,1311.8,159,63,54,1374
0,24,3,0,174,61,1554.7,232,76,34.46,1542
0,28,3,0,169,109,2039.5,384,154,91,2971
1,21,3,0,155,53,1254.4,188,59,45,1393
0,22,3,1,181,99,2057.2,146,184.419,94,2168
1,22,3,0,142,84,1437.4,310,89,47,2019
0,22,4,0,156,88,1758.1,226,116,87,2151
1,28,3,0,159,98,1639.9,233,119,55,1903
0,47,3,0,168,51,1344.4,156,81,35,1263
0,22,3,4,168,80,1781.3,323,129,74,2474
0,21,2,0,168,55,1543.5,240,79,37,1609
1,41,3,1,173,67,1436.9,220,56,60,1644
0,17,2,0,164,73,1686.9,283,78,82,2182
0,18,2,1,164,67,1569,226,75,46,1618
0,32,3,0,156,88,1694.7,318,51.69,85,2244
0,23,3,0,164,48,1444.9,213,56,44,1472
1,23,2,0,163,69,1445.7,129.225,133,64,1625
1,24,3,0,134,84,1371.8,216,133,64,1972
1,45,3,4,157,64,1250.4,164,88,42,1386
1,36,3,0,159,45,1077.8,129.225,51.69,49,1165
0,19,2,1,157,70,1563,285,87,67,2091
0,22,2,1,172,67,1635.9,144,61,72,1468
0,24,2,0,179,59,1605.8,221,104,47,1723
0,28,4,0,178,99,2018.2,271,125,58,2106
1,23,4,0,156,72,1456.7,208,96,72,1864
1,23,2,4,155,79,1459.7,175,121,39,1535
1,25,3,3,153,70,1364.7,273,67,68,1972
1,27,3,0,152,97,1673.1,312,94,64,2200
0,23,2,2,168,67,1635.2,176,104,38,1462
1,60,3,0,146,72,1103,233,72,60,1760
1,30,3,1,140,59,1179.1,150,80,39,1271
0,26,3,0,167,59,1474.5,163,103,55,1559
1,21,3,0,164,52,1217,173,52,45,1305
1,30,2,0,156,77,1386.8,182,88,52,1548
1,23,2,0,140,52,1150,188,86,39,1447
0,20,3,0,169,113,2083.1,383,140,99,2983
0,25,3,0,176,50,1458.8,219,76,34.46,1490
0,22,3,3,165,55,1470.7,258,51.69,42,1617
0,20,2,0,170,69,1626.7,178,70,74,1658
1,26,3,0,158,64,1342.3,205,69,61,1645
0,31,3,3,169,51,1388,129.225,74,63,1380
0,19,3,0,169,50,1487.8,169,102,54,1570
0,45,3,2,168,90,1733.8,369,126,91,2799
0,24,3,1,170,83,1760.1,280,63,74,2038
1,21,3,0,166,62,1434.6,132,96,35,1227
1,22,3,4,154,48,1163.3,129.225,74,34.46,1123
0,22,2,1,179,76,1720.4,278,119,34.46,1898
0,21,3,0,179,78,1777.6,207,77,77,1829
0,18,3,2,176,67,1589.1,282,74,74,2090
0,20,3,0,174,111,2094.5,376,157,91,2951
0,21,4,1,162,65,1569.2,261,129,67,2163
0,18,2,0,178,75,1797.9,235,93,63,1879
0,23,3,0,170,71,1684.2,222,110,68,1940
0,25,3,0,176,109,2074.8,351,140,87,2747
0,23,3,0,162,110,1999.9,380,152,101,3037
0,24,3,2,181,65,1714.2,213,105,66,1866
0,26,2,3,165,82,1726.6,251,123,93,2333
0,21,3,3,169,52,1477.9,162,107,36,1400
1,20,2,1,147,39,1076.2,129.225,65,34.46,1087
1,49,4,0,157,83,1399.6,212,76,51,1611
1,21,4,1,156,59,1306.6,131,76,60,1368
0,20,3,0,162,119,2083,371,151,80,2808
0,27,3,0,173,53,1473.8,250,68,70,1902
0,21,3,0,159,47,1356.5,189,59,47,1415
0,25,3,0,169,99,1965.8,262,141,80,2332
0,25,3,0,169,105,2006.9,343,123,71,2503
0,25,2,1,174,95,1950.9,341,133,104,2832
1,44,3,4,152,100,1570.1,296,95,36,1888
0,25,3,0,157,103,1920,325,153,95,2767
1,23,4,0,160,58,1299.2,152,58,46,1254
1,27,3,0,161,69,1421.2,224,70,59,1707
0,24,3,1,178,68,1693.8,285,102,44,1944
1,27,4,0,152,84,1458.2,273,82,42,1798
1,23,4,0,162,93,1710.3,257,93,61,1949
0,24,3,0,158,116,2009,304,138,107,2731
1,22,3,2,160,61,1292.4,150,89,39,1307
1,25,4,0,156,90,1574.6,286,113,77,2289
1,21,2,1,169,60,1396.7,214,58,48,1520
0,22,3,0,168,59,1530.7,243,92,49,1781
0,23,3,0,178,87,1855.9,206,140,61,1933
0,27,2,0,169,51,1446.3,171,81,38,1350
1,21,3,0,152,75,1400.6,239,87,59,1835
1,46,4,0,157,86,1497.8,284,62,63,1951
0,30,3,3,156,88,1728.1,317,134,45,2209
0,23,3,0,184,76,1818.8,296,103,61,2145
0,26,4,0,166,91,1809.4,268,161,94,2562
0,20,2,4,159,46,1364.9,197,82,38,1458
1,36,3,0,157,98,1623.3,318,134,69,2429
1,58,2,0,141,68,1145.1,135,79,63,1423
0,23,3,1,169,92,1866.3,256,121,87,2291
1,27,2,1,151,53,1188.4,130,51.69,50,1177
0,24,4,0,179,70,1691.8,196,81,89,1909
0,40,4,0,183,111,2051.7,398,121,61,2625
1,43,3,4,152,99,1572.7,307,116,76,2376
1,28,2,1,168,62,1331,167,72,37,1289
0,17,4,0,169,106,2016.1,389,156,95,3035
1,21,3,0,150,50,1137.1,140,64,43,1203
0,15,3,4,165,80,1730,331,127,63,2399
1,22,2,0,162,91,1664.7,281,145,77,2397
1,27,3,0,163,44,1125.4,139,72,41,1213
0,24,2,0,173,66,1588.8,143,131,56,1600
1,35,2,0,164,56,1238.4,221,81,43,1595
0,21,3,0,157,121,2095.2,391,156,90,2998
1,25,2,0,161,54,1292.3,131,85,44,1260
0,25,4,0,158,88,1769.8,220,128,96,2256
1,21,2,3,165,65,1443.4,213,68,51,1583
1,22,2,0,157,45,1216.2,133,51.69,35,1054
1,24,3,1,158,64,1304.7,198,87,52,1608
0,20,3,0,172,50,1490,209,92,51,1663
0,40,3,3,181,84,1799.9,359,77,87,2527
1,19,3,0,165,91,1662.2,309,127,54,2230
1,19,3,0,162,46,1206.8,190,51.69,43,1354
0,24,3,0,166,116,2178.3,394,158,80,2928
0,21,4,0,183,80,1842.8,246,131,71,2147
1,23,3,3,133,50,1017.9,129.225,51.69,48,1156
0,23,2,0,176,80,1780.1,267,111,81,2241
0,21,4,1,167,62,1512.6,221,85,54,1710
0,24,3,0,169,79,1786.2,249,132,71,2163
1,27,3,0,145,84,1467,224,111,70,1970
1,31,3,0,154,42,1065.1,134,59,34.46,1082
1,23,2,0,162,76,1547.2,234,85,57,1789
1,23,4,0,152,79,1437.5,281,79,56,1944
1,20,4,1,162,63,1410.1,244,83,45,1713
0,28,3,4,157,90,1759.2,380,98,81,2641
1,48,3,0,143,111,1682.2,375,121,77,2677
1,28,4,0,138,72,1306,174,81,78,1722
0,22,2,1,176,98,2023.5,361,113,95,2751
1,26,4,0,167,63,1392.4,215,62,51,1567
0,27,3,0,184,140,2408.75,402,109,107,3007
1,46,2,0,157,46,1049.4,154,55,38,1178
1,16,2,1,164,61,1430.7,237,74,38,1586
0,21,3,0,162,56,1494.2,213,99,41,1617
0,23,3,0,166,98,1928,259,154,71,2291
0,24,2,0,174,65,1630.4,226,74,57,1713
0,20,3,0,171,45,1427.6,179,111,41,1529
0,24,4,4,174,87,1871.6,315,114,90,2526
1,22,2,0,149,62,1277.7,197,75,50,1538
0,25,4,4,165,70,1614.3,218,99,79,1979
0,20,3,0,174,110,2098.9,390,169,56,2740
0,20,3,0,172,110,2121.4,401,141,85,2933
1,20,3,2,163,53,1292.4,210,68,53,1589
1,21,3,0,173,55,1406.9,139,84,55,1387
1,27,3,0,144,93,1512.9,251,79,72,1968
1,47,3,4,157,64,1252.1,173,104,45,1513
0,19,3,0,169,55,1491.7,185,93,45,1517
1,22,3,1,175,60,1393.6,176,74,54,1486
0,23,2,1,164,87,1786.9,181,162,54,1858
1,41,3,2,143,99,1470.7,331,86,64,2244
1,25,2,0,142,59,1196.8,223,68,50,1614
0,23,3,1,160,44,1371.5,166,51.69,58,1393
0,22,2,1,176,121,2212.9,363,159,101,2997
1,25,3,4,164,55,1345.4,147,69,50,1314
0,28,4,0,170,104,1957.8,358,124,88,2720
1,29,3,0,156,43,1109.7,142,51.69,34.46,1085
0,18,2,0,164,72,1606.5,348,51.69,66,2193
0,21,2,0,165,44,1323.5,168,59,41,1277
1,27,3,0,168,46,1171.6,178,57,39,1291
0,23,4,0,161,91,1796.3,211,141,69,2029
0,22,4,3,183,93,1885.6,345,87,76,2412
0,30,3,0,166,101,1885.3,302,156,74,2498
0,23,2,0,159,68,1567.3,254,108,40,1808
1,32,2,0,151,72,1367,236,90,66,1898
1,23,3,0,169,47,1254.9,170,58,56,1416
0,26,3,0,158,103,1865.5,375,151,76,2788
1,25,4,0,180,71,1589.5,148,76,78,1598
0,23,3,2,172,54,1529.7,234,67,51,1663
0,22,3,4,164,115,2058.2,380,152,88,2920
0,25,2,4,169,89,1865.8,330,120,87,2583
0,33,3,0,169,51,1438.1,181,67,46,1406
0,19,4,1,168,50,1468,215,86,49,1645
0,21,2,0,164,44,1382.9,142,55,43,1175
1,22,2,0,155,43,1154.2,129.225,51.69,43,1111
1,24,3,0,164,45,1206.4,149,70,51,1335
1,28,4,0,163,69,1402.7,255,51.69,62,1785
0,54,3,0,169,50,1261.6,176,62,44,1348
0,53,3,2,167,49,1271.6,220,77,35,1503
0,30,3,0,167,58,1450.4,255,100,52,1888
1,28,2,0,163,46,1150.4,147,64,38,1186
0,24,3,0,171,99,1941.7,338,131,99,2767
1,52,2,0,157,78,1323.8,232,63,57,1693
0,30,3,0,169,96,1905.4,301,111,75,2323
1,17,3,0,145,73,1407.2,196,113,47,1659
1,15,4,0,165,93,1755.6,231,162,77,2265
0,23,2,1,172,98,1912.2,354,75,91,2535
0,22,3,2,174,70,1702,211,69,67,1723
1,36,3,0,154,98,1628.2,233,92,67,1903
1,27,3,1,157,99,1657.1,378,130,89,2833
0,36,4,0,158,90,1707.6,329,141,71,2519
0,22,4,1,163,70,1636.6,219,70,61,1705
1,20,2,2,173,51,1300.2,142,63,51,1279
1,31,3,0,139,90,1464.6,299,84,73,2189
0,23,2,0,164,83,1725.8,207,58,76,1744
1,45,2,1,140,49,986.1,132,79,34.46,1154
0,23,3,4,174,69,1643.1,291,76,81,2197
0,23,4,4,173,86,1907.6,320,107,61,2257
0,24,4,0,157,87,1715.4,209,107,99,2155
0,21,2,0,167,70,1659.9,208,72,61,1669
1,22,2,0,164,55,1271.3,202,51.69,39,1366
1,49,3,0,139,71,1167.1,164,90,63,1583
0,23,3,0,156,109,1928.7,363,94,101,2737
0,29,3,1,173,91,1835,346,101,65,2373
0,22,3,0,165,47,1374.1,231,65,37,1517
1,24,3,1,167,65,1427.5,217,88,47,1643
0,23,2,0,164,47,1404.7,190,67,37,1361
0,26,2,0,170,104,1993.8,377,116,94,2818
0,23,3,0,165,98,1933,287,139,103,2631
1,39,3,0,142,83,1314.7,236,98,51,1795
1,21,2,1,165,84,1639.8,245,67,78,1950
1,40,3,0,156,91,1515.6,225,95,41,1649
0,24,3,0,164,49,1333.6,168,67,53,1417
0,28,3,0,170,109,1995.2,374,147,84,2840
1,21,2,0,167,70,1447.7,156,103,35,1351
0,23,3,2,166,65,1611.2,232,102,57,1849
1,21,3,0,156,52,1264.4,150,72,58,1410
0,23,2,0,167,85,1769.5,227,97,84,2052
1,22,4,1,155,41,1137.7,180,51.69,34.46,1237
1,22,2,0,173,79,1597.9,235,113,45,1797
0,49,2,1,159,68,1431.4,226,103,66,1910
1,20,3,0,159,65,1331,172,76,54,1478
0,30,3,0,172,49,1446.2,218,68,35,1459
0,19,3,0,170,111,2053.7,316,157,105,2837
1,40,3,0,156,98,1578.7,327,141,71,2511
1,23,3,4,159,52,1307.7,205,80,40,1500
0,25,3,0,163,43,1341.4,140,56,50,1234
0,25,2,1,166,87,1814.1,265,101,84,2220
1,20,3,1,157,42,1107.4,174,55,34.46,1226
0,19,3,0,183,70,1802.6,257,96,46,1826
0,29,2,0,167,47,1375.7,163,75,36,1276
0,21,4,0,174,81,1823.6,218,91,82,1974
1,21,3,1,164,84,1561.8,272,88,73,2097
0,24,2,1,168,87,1790.3,290,55,103,2307
0,23,3,0,171,83,1824.2,237,99,58,1866
1,40,3,0,145,100,1607.4,290,128,54,2158
0,21,3,0,160,47,1389.2,160,67,54,1394
1,22,2,0,162,67,1388.4,182,73,76,1704
1,55,3,0,157,88,1450.2,306,72,73,2169
0,23,2,0,169,89,1813.1,303,110,67,2255
0,29,3,0,157,88,1774.4,339,156,78,2682
1,22,4,1,163,86,1576.9,210,86,73,1841
1,34,2,0,154,78,1432,271,92,47,1875
1,24,2,4,146,45,1088.7,162,53,34.46,1170
0,26,4,0,160,101,1923.1,388,98,45,2349
1,43,4,0,137,72,1137.8,139,117,36,1348
0,24,4,0,169,59,1500.9,164,78,58,1490
1,21,3,0,159,57,1312.3,141,89,59,1451
0,23,4,0,172,69,1699.6,249,119,60,2012
0,23,4,0,159,90,1721.1,242,128,80,2200
0,22,3,0,163,118,2055.1,341,142,99,2823
1,45,3,4,141,111,1600.2,358,127,55,2435
1,22,3,1,162,58,1321.8,198,67,36,1384
0,22,3,0,169,50,1459.1,235,56,54,1650
0,23,3,2,165,58,1525.8,207,89,43,1571
0,39,3,0,169,50,1374.4,148,78,55,1399
0,23,3,0,160,113,2027.9,341,155,103,2911
0,38,2,4,164,68,1508.1,150,81,83,1671
0,24,2,2,170,86,1817.6,355,134,64,2532
0,25,3,0,174,108,2041.4,326,155,103,2851
0,28,4,0,166,106,1952.6,389,128,90,2878
0,20,3,0,162,50,1429.3,162,84,42,1362
1,52,4,0,155,87,1495.7,281,106,70,2178
0,23,4,2,156,69,1623.1,228,114,74,2034
0,23,3,0,168,39,1266.8,139,69,36,1156
0,28,3,0,152,82,1619.6,269,100,89,2277
1,22,3,0,142,83,1454.2,221,94,57,1773
1,30,4,0,155,86,1567.6,251,84,67,1943
1,21,4,0,155,85,1521,265,100,61,2009
1,22,2,0,157,48,1200.1,169,57,51,1363
1,22,4,0,164,91,1671.6,206,130,64,1920
0,25,3,2,165,65,1566.3,276,125,64,2180
1,59,2,0,158,79,1288.3,297,103,57,2113
1,23,3,1,160,49,1260.3,136,69,44,1216
1,50,3,0,157,79,1393,233,87,58,1802
1,57,4,0,156,76,1247.5,168,94,41,1417
1,42,3,0,160,39,1004.4,162,51.69,34.46,1165
0,25,2,0,164,40,1336.8,145,88,50,1382
1,25,2,1,147,54,1169.9,148,69,42,1246
1,53,3,0,136,53,994.9,176,54,34.46,1230
0,24,2,0,170,80,1723.6,296,99,68,2192
0,23,3,1,166,81,1842,245,160,66,2214
0,23,2,4,178,73,1701.2,228,52,54,1606
1,21,3,3,154,43,1139.8,182,52,34.46,1246
1,23,3,1,159,76,1484.5,188,99,59,1679
0,24,3,1,165,72,1652.5,326,61,74,2214
0,55,2,0,164,42,1156.9,196,64,38,1382
1,38,2,1,151,63,1261.5,162,86,70,1622
0,24,3,0,170,99,1937.5,291,159,90,2610
0,22,4,0,177,80,1822.1,232,107,84,2112
0,39,4,0,168,119,2067.4,398,156,67,2819
0,46,3,0,155,90,1678.8,211,139,66,1994
1,20,2,0,145,69,1313.8,195,65,60,1580
0,35,2,0,151,57,1285.5,173,74,71,1627
0,21,3,0,173,114,2143,395,153,89,2993
0,29,2,0,173,100,1916.6,278,117,71,2219
0,27,2,0,157,89,1737.8,361,156,76,2752
0,22,2,1,174,66,1644.6,249,127,59,2035
0,22,3,0,173,80,1773.5,301,100,86,2378
1,23,3,1,164,65,1473,207,85,36,1492
0,27,2,0,169,69,1613.6,257,84,71,2003
0,22,3,1,180,81,1857,255,114,70,2106
1,21,3,0,151,56,1290.9,190,77,42,1446
0,26,3,0,173,66,1624.2,172,123,73,1837
1,17,4,0,166,90,1655.2,318,90,61,2181
0,23,3,0,168,47,1396.1,171,104,37,1433
0,26,3,0,172,55,1476.3,194,53,54,1474
1,59,3,0,155,79,1289.8,174,101,67,1703
0,21,3,0,182,71,1741.6,225,98,77,1985
1,22,4,0,168,101,1800.6,248,75,75,1967
0,23,3,1,165,70,1647.5,214,101,61,1809
0,28,2,1,164,82,1765.6,261,115,82,2242
0,25,3,0,166,40,1376.7,193,86,45,1521
1,34,3,0,160,44,1147.7,132,63,41,1149
1,23,3,0,146,87,1471.1,211,117,63,1879
0,23,3,0,165,50,1437.4,190,51.69,62,1525
1,34,3,0,154,99,1650.4,333,90,87,2475
0,49,3,0,156,88,1580.1,299,143,76,2452
1,25,2,1,155,64,1334.3,237,61,45,1597
0,31,2,3,164,46,1389.6,141,56,45,1193
0,21,4,0,169,74,1651,299,86,53,2017
0,20,4,0,169,63,1565.5,179,77,82,1762
0,37,3,0,155,119,1950.6,305,130,80,2460
0,25,2,1,180,63,1701.9,135,95,67,1523
0,32,3,0,156,87,1684.3,346,83,58,2238
1,22,3,0,147,38,992.9,129.225,51.69,40,1084
0,28,2,4,166,95,1847.4,311,137,66,2386
1,34,3,0,130,68,1174.4,234,72,44,1620
1,45,2,1,141,48,986.9,155,65,34.46,1190
0,29,2,1,162,78,1705.1,188,119,82,1966
1,23,3,1,160,49,1227.1,177,74,36,1328
1,28,3,0,153,96,1622,221,82,74,1878
0,24,4,1,139,68,1448.1,215,81,71,1823
1,22,3,0,161,55,1288.1,205,53,35,1347
0,26,2,0,169,89,1870.4,243,111,104,2352
0,22,3,0,168,40,1302.8,129.225,51.69,50,1174
1,23,3,0,142,86,1423.1,204,143,71,2027
0,22,2,0,144,69,1464.5,129.225,112,73,1622
1,22,4,0,141,74,1350.8,200,78,44,1508
1,19,3,2,161,49,1244.8,132,74,44,1220
1,29,4,0,142,81,1404.7,154,61,68,1472
0,21,4,4,174,69,1696.3,271,96,35,1783
0,23,2,4,170,74,1675.9,144,110,51,1475
0,50,3,0,163,60,1397.9,172,87,37,1369
0,21,4,2,183,68,1687.8,326,73,77,2289
0,24,3,0,170,119,2147,363,152,87,2843
0,54,3,0,171,50,1327.3,163,66,54,1402
1,23,3,4,161,57,1293.8,228,85,39,1603
0,24,3,0,178,70,1691.4,197,122,65,1861
1,22,3,0,155,65,1354.5,167,131,34.46,1502
0,20,4,0,180,134,2366.1,280,119,113,2613
0,26,3,0,163,94,1827.5,335,152,67,2551
0,24,2,1,167,96,1929,322,152,70,2526
0,29,3,0,157,94,1796.9,230,144,107,2459
1,38,3,4,163,69,1356.5,238,85,44,1688
0,29,4,0,158,93,1816,391,123,38,2398
1,19,3,2,160,46,1256.9,136,54,48,1192
0,23,3,0,162,43,1348.3,133,53,66,1338
1,38,2,0,155,76,1365.4,215,58,72,1740
0,20,2,0,158,42,1342.6,167,80,36,1312
1,24,4,2,152,54,1218.3,129.225,101,34.46,1231
1,46,2,1,160,45,1099.6,158,51.69,35,1154
1,20,2,1,157,55,1284.5,166,61,67,1511
0,23,2,0,181,63,1602.8,277,81,53,1909
0,22,3,0,181,85,1905.4,254,103,89,2229
0,22,3,0,160,119,2081.6,345,121,68,2476
0,25,3,1,169,90,1859.8,360,81,74,2430
0,23,4,0,164,92,1878.2,260,159,97,2549
1,41,3,0,158,105,1608.3,324,98,99,2579
0,24,3,0,158,45,1314.3,141,64,36,1144
0,26,4,0,158,89,1793.7,292,124,69,2285
1,23,4,0,159,59,1288.3,174,74,42,1370
1,22,3,2,152,67,1262,183,56,62,1514
0,29,4,0,164,94,1841.4,320,117,80,2468
1,32,3,0,147,81,1392.4,263,86,82,2134
1,23,4,0,155,45,1123.1,138,64,34.46,1118
0,17,3,0,164,42,1396,188,65,34.46,1322
0,29,2,0,165,81,1627.7,231,108,58,1878
1,20,3,1,170,109,1947.9,332,107,90,2566
0,52,3,0,170,52,1340.5,149,59,52,1300
0,20,4,0,178,69,1679.6,194,148,44,1764
0,35,3,0,168,48,1353.7,132,62,61,1325
1,32,3,0,140,79,1406.7,183,93,48,1536
0,24,3,0,166,113,2022.8,317,118,108,2712
1,42,4,0,138,78,1296.2,239,82,64,1860
0,26,3,0,185,79,1803.9,277,94,80,2204
1,25,3,0,160,65,1306.6,271,108,34.46,1826
1,25,4,4,170,60,1375.5,139,62,58,1326
0,29,3,0,168,50,1408.5,146,69,52,1328
0,28,2,0,179,109,2108.3,131,150,114,2150
0,29,3,0,166,58,1476.2,174,55,66,1510
1,40,4,0,144,77,1313.8,231,94,54,1786
1,54,2,0,145,73,1175.2,266,62,62,1870
0,19,3,0,173,85,1820.1,315,116,89,2525
0,22,3,0,168,58,1465,207,89,50,1634
1,38,3,0,156,46,1100.9,180,55,51,1399
0,23,2,1,169,72,1677,259,90,61,1945
0,24,3,1,169,91,1833.5,364,124,71,2591
1,19,2,0,164,43,1164.5,185,61,42,1362
1,22,3,1,162,51,1262.3,164,54,40,1232
1,32,3,0,141,83,1373.8,219,110,54,1802
0,39,3,3,161,91,1684.6,231,153,60,2076
0,20,3,0,170,50,1510.1,173,57,48,1352
0,29,3,0,155,88,1682.7,258,119,80,2228
1,23,3,0,141,48,1086.6,169,55,34.46,1206
0,23,4,4,171,69,1661.4,196,124,78,1982
1,25,3,0,160,46,1195.4,130,66,53,1261
1,19,2,0,145,70,1394.6,230,90,51,1739
0,24,3,1,169,74,1684.6,210,124,76,2020
1,31,3,4,141,86,1429,254,90,83,2123
0,23,2,1,168,54,1467.8,207,62,64,1652
1,17,3,2,158,45,1222,164,52,42,1242
0,21,3,2,168,65,1640.3,311,96,34.46,1938
0,29,3,1,173,90,1823.5,264,159,87,2475
0,34,3,0,155,86,1695.2,272,95,96,2332
0,25,3,0,158,86,1722,315,130,73,2437
1,31,3,0,157,77,1421.9,247,64,51,1703
0,22,4,0,164,50,1418.6,167,67,50,1386
0,26,3,0,178,130,2248.3,273,173,84,2540
1,31,2,0,155,78,1436.9,239,94,81,2061
0,28,2,2,170,99,1942.9,219,83,97,2081
1,21,4,0,161,45,1158.6,195,51.69,42,1365
1,27,3,0,154,78,1376.4,159,84,79,1683
1,22,2,0,159,63,1351.5,147,104,59,1535
1,47,3,0,146,105,1533.8,376,151,51,2567
1,24,3,1,154,89,1551.9,223,118,76,2048
1,21,3,1,155,43,1162.4,135,79,44,1252
0,21,3,0,170,49,1501.1,171,57,64,1488
1,24,3,4,136,58,1135.4,142,92,56,1440
0,29,3,0,172,97,1940.6,273,139,59,2179
0,22,3,0,180,103,2030.5,193,166,111,2435
0,31,3,3,168,50,1413.4,158,81,34.46,1266
1,19,2,2,165,62,1381.8,199,64,49,1493
0,30,2,0,164,80,1709.8,184,104,78,1854
0,53,3,0,178,91,1790.3,207,94,86,1978
0,23,2,0,173,101,2020.8,354,141,101,2889
0,26,3,0,167,54,1444.1,153,87,42,1338
0,49,4,0,174,82,1608.1,260,99,95,2291
1,24,2,0,157,79,1469,198,104,51,1667
1,24,3,4,155,63,1326.8,185,51.69,55,1442
0,22,3,0,178,78,1796.4,177,83,100,1940
1,21,3,0,165,69,1406.9,185,101,73,1801
0,24,3,1,168,65,1561.7,162,81,68,1584
0,26,2,1,166,84,1768.2,271,124,65,2165
0,24,3,4,175,109,2101.1,347,110,97,2701
0,23,3,0,159,108,1948.5,328,102,99,2611
0,24,3,2,169,71,1652.9,301,54,67,2023
0,18,2,1,162,70,1625.5,230,75,82,1958
0,24,3,0,161,43,1317.4,129.225,69,42,1171
0,57,3,0,167,52,1247.4,143,72,48,1292
0,25,3,4,175,86,1864.2,372,74,84,2540
0,25,4,0,163,96,1833,283,136,78,2378
1,23,4,1,140,85,1420.8,249,92,47,1787
1,24,2,0,141,52,1177.6,147,80,49,1349
1,33,3,0,140,80,1359.5,266,123,82,2294
0,31,3,0,163,107,1906.7,383,153,79,2855
0,37,3,0,155,101,1788.2,390,156,74,2850
1,24,3,0,156,86,1565.2,296,117,61,2201
0,21,3,0,162,42,1381,164,74,48,1384
0,22,3,0,165,68,1585.2,244,70,63,1823
1,21,3,0,168,45,1238.4,164,60,40,1256
1,28,2,0,151,100,1627.6,359,96,65,2405
1,21,2,2,165,55,1329.3,165,70,47,1363
0,20,3,1,163,70,1672.4,279,111,82,2298
1,28,3,0,153,70,1346.9,268,96,59,1987
0,27,3,1,183,66,1709.5,226,106,77,2021
0,58,3,0,173,55,1327.4,141,78,48,1308
0,21,4,1,177,73,1773.4,130,110,91,1779
1,26,2,1,153,52,1178,129.225,76,39,1172
0,21,4,1,166,69,1583.6,219,78,78,1890
0,37,3,0,154,121,1952.3,385,154,85,2921
1,23,3,2,160,65,1372.7,253,85,45,1757
0,23,2,2,171,86,1797.7,280,103,81,2261
0,22,4,0,162,102,1893.8,290,98,82,2290
0,26,2,0,168,65,1575.9,245,98,49,1813
0,20,3,0,184,71,1761.7,299,80,59,2047
0,22,3,3,168,62,1566.9,239,87,55,1799
0,22,3,0,165,95,1919.2,333,164,54,2474
1,39,3,0,155,44,994,129.225,51.69,41,1093
1,23,3,0,162,48,1231.9,134,85,49,1317
0,29,2,1,170,92,1799.1,225,112,102,2266
1,20,3,0,156,56,1309.8,153,86,44,1352
0,21,3,0,156,38,1210.1,183,66,42,1374
0,38,4,0,165,101,1848.2,311,155,89,2665
1,21,3,0,163,44,1129.6,129.225,61,50,1211
1,55,2,0,153,60,1118.7,149,98,51,1447
0,22,2,0,163,53,1446.5,134,69,65,1397
0,24,2,0,170,79,1782.5,337,113,64,2376
0,23,3,0,166,49,1406.8,167,83,40,1360
0,20,3,2,167,45,1354.9,153,55,37,1165
1,21,2,0,158,47,1189.6,227,55,42,1506
0,15,3,4,161,49,1413.2,221,75,34.46,1494
1,30,4,1,168,70,1455.5,233,62,55,1675
0,24,2,2,172,68,1634.5,320,112,52,2196
0,21,3,4,167,81,1744.6,266,141,49,2069
0,30,3,0,170,98,1863.4,319,153,102,2806
1,25,3,0,178,132,2172.6,274,117,110,2554
0,21,3,0,174,107,2083.5,376,131,100,2928
1,31,2,0,156,80,1424.1,272,71,70,2002
1,22,2,0,153,63,1307.3,201,79,46,1534
0,23,4,0,161,90,1809.2,242,123,73,2117
0,22,2,0,162,89,1746.2,303,139,96,2632
0,23,3,1,169,87,1828.4,343,133,57,2417
0,23,3,1,169,67,1615.6,261,87,68,2004
0,25,3,4,169,72,1635.7,299,105,47,2039
1,38,3,0,156,88,1470.5,316,95,46,2058
0,22,3,0,168,44,1423.7,139,70,59,1367
0,29,3,0,169,103,2014.4,301,132,100,2632
1,29,3,0,170,65,1397.6,175,102,45,1513
0,22,4,0,175,73,1700.1,238,95,48,1764
0,25,4,0,166,45,1327.2,168,60,47,1335
1,22,4,0,161,66,1421.3,231,80,45,1649
0,22,3,1,154,114,2012.4,315,132,87,2571
0,22,3,1,171,116,2141.4,374,145,71,2715
0,55,2,0,165,42,1193.2,156,78,34.46,1246
0,23,2,0,171,69,1640.9,241,118,41,1805
1,21,2,0,156,69,1379.9,284,95,34.46,1826
1,24,2,0,147,46,1085.9,142,59,34.46,1114
0,27,2,0,170,52,1427.4,197,81,49,1553
0,25,3,0,164,102,1975.8,349,163,70,2678
1,48,2,0,142,71,1205,223,88,54,1730
0,22,3,1,168,106,2018.5,372,120,97,2841
0,24,3,0,182,65,1707,263,91,50,1866
1,25,3,0,161,90,1619.2,319,63,65,2113
0,37,2,2,165,86,1695.3,211,108,63,1843
1,23,4,2,168,60,1376.8,146,100,59,1515
0,33,4,2,152,85,1608.2,282,82,63,2023
0,22,3,1,175,98,1992.6,267,93,85,2205
0,27,2,4,171,96,1885,290,86,95,2359
0,31,2,1,163,69,1528.1,172,92,56,1560
1,43,4,0,165,91,1590.1,217,102,58,1798
0,23,2,4,168,70,1675,233,92,72,1948
0,17,3,1,168,108,2118.6,406,162,68,2884
0,22,3,4,178,120,2245.1,396,158,102,3134
0,21,2,0,176,60,1614.1,343,54,42,1966
1,25,2,0,157,48,1133.5,164,70,40,1296
1,21,3,0,156,87,1592.8,264,103,76,2152
1,26,4,2,178,71,1520.3,207,106,60,1792
0,33,3,0,165,49,1384,136,76,48,1280
0,25,3,1,172,76,1725.8,208,89,59,1719
0,33,3,0,166,103,1946.8,260,159,102,2594
0,25,2,2,170,84,1825.6,326,97,72,2340
1,43,3,1,164,48,1141.4,129.225,53,53,1206
1,29,2,0,157,73,1454.8,228,69,53,1665
0,22,3,1,179,79,1749.1,271,105,58,2026
1,23,4,0,154,85,1575.1,193,94,63,1715
0,30,3,0,169,98,1917.3,356,89,78,2482
0,24,3,0,172,53,1534.1,176,98,41,1465
1,29,2,0,155,75,1394.9,253,99,48,1840
0,22,4,0,172,69,1649.6,274,111,39,1891
0,20,3,3,169,60,1628.8,156,95,60,1544
1,19,3,1,163,84,1593.7,269,79,58,1914
1,44,3,0,162,49,1098.6,129.225,65,34.46,1087
0,22,4,3,180,134,2325.7,393,157,105,3145
1,25,4,0,162,66,1352,164,88,52,1476
0,28,3,0,167,101,1882.3,357,131,85,2717
1,30,4,3,175,101,1789.5,394,83,49,2349
1,62,2,0,151,79,1224.7,262,93,42,1798
1,23,3,0,142,85,1508.4,308,60,73,2129
1,22,3,0,151,54,1180.4,204,62,46,1478
0,18,4,0,157,93,1846.8,230,104,107,2299
0,28,3,4,169,63,1585.4,233,87,55,1775
0,24,3,4,164,80,1705.1,371,82,89,2613
0,20,3,0,169,45,1349.9,199,66,42,1438
1,22,3,4,165,61,1371.3,212,59,35,1399
0,22,3,0,168,76,1661.5,254,132,42,1922
0,26,3,0,167,101,1906.7,285,154,73,2413
1,46,2,0,163,67,1303,223,51.69,73,1756
1,20,3,2,165,77,1553.1,220,118,57,1865
1,27,2,0,152,63,1255.4,179,65,48,1408
0,19,3,0,163,75,1750.4,257,91,74,2058
0,24,2,4,164,118,2070.4,388,136,102,3014
0,26,3,0,177,132,2315,372,157,105,3061
1,23,3,0,155,79,1452.6,207,81,71,1791
1,23,3,0,153,90,1554.4,334,79,52,2120
0,19,2,4,165,74,1705.9,257,123,64,2096
1,27,3,0,137,73,1274.6,187,89,58,1626
0,19,2,1,163,74,1610.6,158,129,58,1670
0,24,3,2,180,65,1674.6,288,122,61,2189
0,24,2,4,182,80,1785.7,242,112,52,1884
1,42,3,0,158,109,1731.8,272,159,74,2390
0,27,3,1,180,80,1786.1,304,155,58,2358
0,25,3,0,165,49,1386.9,203,77,53,1597
0,23,2,0,165,92,1862.7,363,120,66,2526
0,20,3,0,158,111,2022.8,383,135,77,2765
1,31,3,0,161,45,1161.5,133,51.69,43,1126
0,26,3,0,168,60,1543.8,212,109,60,1824
1,20,2,0,155,42,1083,129.225,64,35,1088
0,24,3,0,160,104,1912.9,373,105,95,2767
0,22,2,0,164,52,1423.2,146,80,65,1489
1,34,4,0,141,74,1294.9,208,84,72,1816
0,23,3,0,156,108,1945.4,280,138,66,2266
0,28,3,0,164,99,1882.7,337,131,70,2502
0,27,4,1,186,107,2105.1,369,141,98,2922
1,25,4,0,161,42,1223.9,141,57,41,1161
0,21,2,3,163,82,1661.6,221,137,65,2017
0,25,2,0,167,89,1796.4,278,109,82,2286
0,34,2,0,163,100,1833.7,299,133,61,2277
0,21,3,4,172,57,1553.2,169,65,85,1701
0,26,3,0,170,82,1742,238,104,69,1989
0,23,3,4,169,62,1590.7,181,79,73,1697
0,22,3,0,164,45,1381.3,133,91,39,1247
1,41,4,3,145,77,1299,203,98,76,1888
0,26,3,0,160,76,1622.6,291,92,62,2090
1,29,2,0,152,76,1428.4,188,76,71,1695
1,22,3,3,159,56,1281.6,196,65,47,1467
0,28,3,0,171,50,1396.7,188,51.69,53,1436
0,24,2,1,169,71,1624.1,283,70,57,1925
1,25,3,0,137,72,1347.3,207,84,37,1497
1,35,3,0,155,47,1112.4,130,71,48,1236
0,25,4,2,176,103,2027.9,370,87,90,2638
0,33,3,0,155,85,1625.7,300,137,93,2585
1,24,3,0,161,94,1719.2,324,105,64,2292
0,22,2,0,169,58,1530.3,178,65,67,1575
1,27,3,0,148,89,1508,238,96,68,1948
0,25,3,0,168,84,1709.3,213,125,73,2009
0,21,4,0,168,53,1444.6,217,87,45,1621
0,22,2,1,162,64,1517.3,166,55,67,1487
0,22,4,0,169,46,1404.9,137,80,59,1399
0,31,3,0,159,117,2035.2,287,131,74,2338
0,24,3,0,168,49,1406.3,156,70,60,1444
0,27,2,0,168,135,2313.7,385,153,103,3079
0,24,3,3,170,63,1549.5,238,107,51,1839
0,25,3,0,162,99,1888.2,368,137,98,2902
1,37,3,0,152,97,1550.4,291,99,47,1983
0,22,2,1,163,87,1838.4,350,132,45,2333
1,20,2,2,157,69,1377.8,255,113,42,1850
1,25,2,0,164,46,1174.2,129.225,51.69,53,1201
0,24,2,0,178,110,2093.2,244,119,94,2298
0,27,4,0,158,86,1755.4,269,124,98,2454
0,22,3,0,180,78,1858.5,278,102,82,2258
1,23,3,0,148,37,1026.5,143,51.69,34.46,1089
1,16,3,0,153,46,1213.9,155,52,41,1197
0,37,3,0,158,101,1818.1,218,151,82,2214
0,21,3,0,167,66,1599.2,258,60,63,1839
0,24,3,0,161,110,1955.1,305,55,102,2358
0,24,2,0,166,57,1438.1,197,109,35,1539
0,24,3,0,173,113,2061.6,313,121,104,2672
1,21,2,1,161,60,1330,148,61,52,1304
1,42,3,4,156,106,1650.7,376,82,73,2489
0,23,3,0,170,71,1660.5,292,75,65,2053
0,26,2,0,160,69,1584.5,253,99,57,1921
0,40,3,0,167,118,2017,384,154,102,3070
0,26,3,0,172,83,1775.7,360,89,64,2372
1,22,2,2,159,63,1372.2,194,65,61,1585
1,17,4,1,162,45,1247.2,180,51.69,49,1368
1,23,3,0,163,65,1397.3,196,94,65,1745
0,23,3,0,170,53,1469.1,168,76,59,1507
0,22,3,0,174,86,1813.6,270,96,74,2130
1,26,3,0,138,73,1315,212,84,43,1571
0,29,3,1,172,93,1899.9,249,126,103,2427
1,23,3,3,168,57,1326.6,237,65,35,1523
1,27,3,0,150,59,1230.4,179,71,35,1315
0,46,3,0,170,53,1355.2,195,81,50,1554
1,28,3,4,167,45,1198.7,150,58,41,1201
1,21,3,4,167,73,1535.7,194,83,75,1783
0,22,3,0,161,119,2109.4,384,158,62,2726
0,19,3,4,177,76,1773.6,137,137,66,1690
0,28,3,0,168,48,1368.3,166,63,64,1492
0,22,3,4,168,92,1789.1,206,127,98,2214
0,40,3,0,181,82,1755.4,226,102,67,1915
0,23,2,0,164,66,1552.9,293,82,42,1878
1,39,3,0,163,49,1164.3,187,79,38,1406
0,26,3,0,158,88,1706.3,327,117,63,2343
1,26,3,0,143,96,1552.8,201,102,101,2121
0,26,3,0,170,94,1885.9,372,81,87,2595
0,21,3,0,163,93,1823.7,322,124,66,2378
0,22,4,4,180,88,1926.7,342,108,85,2565
1,24,4,1,156,57,1278.3,147,51.69,64,1371
1,29,3,0,146,90,1553.3,310,75,53,2017
0,23,2,4,179,67,1677.3,191,95,77,1837
0,24,3,3,166,85,1807.6,339,89,72,2360
1,23,3,0,153,82,1500.7,182,91,69,1713
1,26,3,0,145,91,1505.9,129.225,95,91,1716
1,24,2,4,155,76,1428.8,167,64,80,1644
1,23,3,1,162,75,1436.5,222,77,49,1637
1,21,2,0,159,99,1755.9,251,119,74,2146
0,21,4,0,159,98,1886.9,373,161,44,2532
0,22,4,0,156,99,1900.2,233,99,93,2165
0,27,3,0,164,47,1341.6,179,98,34.46,1418
1,24,3,3,168,56,1320,140,73,67,1455
0,22,3,0,170,80,1749.9,203,86,83,1903
1,22,2,4,157,55,1284.7,178,60,35,1267
0,30,2,0,173,51,1441.7,208,56,48,1488
1,50,3,4,153,83,1360.3,275,71,55,1879
0,55,2,0,165,42,1180.7,174,72,40,1344
1,29,3,0,164,93,1651.4,230,111,74,2030
0,24,4,0,168,101,1929.3,357,156,63,2619
1,55,2,0,155,62,1140.7,129.225,91,43,1268
0,23,3,0,164,48,1390.5,136,96,36,1252
1,21,3,0,164,45,1215.9,133,64,37,1121
1,23,4,0,152,52,1171.4,145,83,38,1254
0,24,4,0,167,45,1378.3,133,91,46,1310
0,22,3,0,174,102,2028.3,327,154,106,2878
1,38,2,0,154,75,1349.6,182,114,45,1589
0,27,3,4,181,79,1760.6,203,115,88,2064
1,30,3,0,151,94,1609.9,221,126,55,1883
0,23,3,0,173,75,1704.7,223,109,80,2048
0,22,3,0,168,65,1576.9,192,139,59,1855
1,19,2,0,164,78,1568.8,177,87,41,1425
1,22,3,2,152,44,1124.9,159,70,47,1339
0,24,4,0,170,70,1655.1,311,114,76,2384
1,24,3,1,160,45,1184.3,192,67,34.46,1346
0,23,3,0,160,120,2071.6,382,114,102,2902
0,22,3,4,167,81,1726.3,186,171,66,2022
1,20,4,0,147,82,1467.5,231,68,71,1835
0,30,4,0,173,62,1580.9,129.225,110,74,1623
1,23,2,0,167,65,1435.9,210,81,56,1668
0,24,2,0,168,86,1837.8,178,110,109,2133
0,28,3,0,169,52,1479.1,146,63,44,1232
0,29,4,0,157,95,1789.1,287,129,76,2348
1,23,2,1,147,62,1264.5,197,78,62,1658
1,30,3,0,140,84,1390.2,249,124,40,1852
0,23,3,2,166,79,1747.8,314,131,59,2311
1,25,3,0,155,86,1575.8,283,115,62,2150
0,24,2,0,155,41,1259.6,142,64,44,1220
1,34,3,0,156,42,1017.8,153,51.69,34.46,1129
0,24,2,0,163,120,2136.7,379,165,73,2833
0,22,3,0,172,51,1465,198,71,61,1625
0,47,3,2,171,88,1741.8,251,154,66,2214
1,40,3,0,158,107,1659,328,107,85,2505
0,25,3,0,162,93,1850.7,354,82,60,2284
0,20,3,3,169,62,1616.4,222,64,64,1720
0,25,3,0,168,50,1416.2,236,80,47,1687
0,36,2,1,161,70,1552.1,271,83,53,1893
1,45,3,0,147,93,1463.4,158,94,92,1836
1,27,4,0,158,92,1605.1,129.225,100,84,1673
0,25,4,0,179,88,1907.1,331,154,83,2687
0,28,4,1,184,111,2098.3,345,105,95,2655
0,24,3,0,157,102,1821.8,280,152,65,2313
1,23,4,3,151,73,1406.7,265,82,34.46,1698
0,22,3,1,173,73,1708.8,255,137,47,1991
1,25,3,0,176,104,1854.3,318,137,37,2153
1,21,4,2,169,56,1373,187,58,38,1322
0,20,3,0,170,46,1436.7,167,70,61,1497
0,23,4,0,178,64,1647.4,220,90,40,1600
0,21,3,0,166,63,1581,208,93,55,1699
0,20,3,0,161,108,1995.5,282,165,62,2346
1,24,4,0,159,93,1623.7,342,81,61,2241
0,26,3,4,169,64,1592.1,172,105,57,1621
0,24,3,0,170,86,1810.4,284,113,49,2029
0,22,3,0,169,64,1557.7,190,105,51,1639
1,44,3,1,162,44,1041.5,129.225,59,35,1068
0,24,3,0,160,43,1328.5,141,58,46,1210
0,19,3,0,167,59,1495.8,225,78,69,1833
1,23,3,0,161,43,1153.5,140,66,37,1157
1,21,2,0,152,51,1174.6,147,73,54,1366
0,24,3,0,166,87,1789,327,152,101,2825
0,24,3,2,174,79,1811.2,173,144,95,2123
0,21,3,1,180,99,1973.6,318,123,93,2601
1,23,3,0,160,61,1359.8,170,56,68,1516
1,20,4,4,156,47,1230.4,164,58,49,1329
0,21,2,1,166,70,1628,251,113,48,1888
0,46,3,0,174,82,1717.6,358,148,58,2546
1,19,4,0,149,53,1187.9,153,80,48,1364
1,22,2,0,164,52,1274.4,136,54,41,1129
1,22,3,0,137,73,1331.7,190,76,58,1586
1,38,3,0,165,107,1785.4,293,104,88,2380
0,24,2,0,167,93,1801.6,307,158,63,2427
1,55,3,0,143,113,1590.6,315,114,45,2121
0,16,3,4,173,70,1706.4,248,112,71,2079
0,28,3,0,166,63,1497.9,138,86,88,1688
1,40,4,0,144,75,1308.7,201,81,75,1803
1,38,2,0,159,78,1429.6,259,107,55,1959
0,18,2,0,162,73,1645.2,245,90,54,1826
0,25,3,0,167,96,1882,385,95,57,2433
0,22,2,4,175,82,1793,348,69,75,2343
1,26,4,4,172,69,1456.7,226,106,62,1886
0,22,3,0,166,68,1643.1,206,103,81,1965
0,19,3,4,167,55,1503.8,230,98,50,1762
1,51,3,0,162,78,1380.4,193,94,85,1913
0,23,2,1,171,55,1521.8,234,51.69,54,1629
0,23,3,0,163,116,2039.1,377,106,101,2841
0,22,3,0,166,79,1731.8,267,140,69,2249
0,16,3,0,177,80,1836.4,296,98,91,2395
1,17,3,0,152,73,1364.4,209,92,76,1888
0,36,4,0,176,110,2002,385,144,61,2665
1,24,2,1,163,47,1234.6,140,56,58,1306
1,41,3,0,145,101,1553.8,282,100,70,2158
0,20,2,0,164,41,1342.9,133,58,50,1214
0,22,3,0,156,109,2006.4,348,155,93,2849
1,34,3,0,142,74,1265.6,237,76,74,1918
0,26,3,0,168,51,1409.3,163,100,37,1385
1,23,3,0,135,85,1432.1,287,107,45,1981
0,21,3,1,165,61,1582.5,153,100,49,1453
1,23,2,0,152,64,1334.9,169,61,52,1388
1,30,3,0,154,98,1666,325,144,76,2560
0,27,3,0,170,77,1703.6,292,108,92,2428
1,22,2,1,167,56,1301.5,211,70,61,1673
1,21,2,0,154,44,1135.8,196,51.69,36,1315
1,37,3,0,164,40,1115,152,54,36,1148
0,19,3,2,175,67,1612,298,51.69,80,2119
1,21,3,0,164,43,1196.1,142,52,45,1181
1,23,4,4,166,67,1422.8,244,72,58,1786
0,26,3,2,178,65,1576.7,213,115,46,1726
0,29,2,0,168,95,1869.1,379,97,98,2786
0,22,3,0,179,77,1761.7,174,70,92,1804
0,31,3,0,175,129,2219.6,397,98,106,2934
1,25,3,4,160,64,1336.1,182,53,56,1444
0,24,3,2,164,66,1531.4,231,87,51,1731
1,22,2,0,164,56,1309.9,218,79,34.46,1498
0,29,2,1,176,81,1799,292,127,79,2387
0,26,3,1,166,84,1745.4,260,75,78,2042
0,22,3,0,174,73,1731.6,224,112,54,1830
1,43,4,3,139,77,1244.5,299,73,44,1884
0,31,3,0,168,51,1412.6,209,51.69,34.46,1353
0,21,2,0,184,85,1901,290,71,93,2281
0,32,4,0,157,89,1695,318,120,98,2634
0,23,3,4,166,80,1713.5,280,121,77,2297
1,27,3,0,146,87,1489.2,247,113,70,2070
0,21,3,0,164,45,1445.7,146,67,54,1338
1,21,2,4,164,48,1272,189,51.69,45,1368
0,41,4,0,153,90,1644.4,238,133,57,1997
1,26,3,0,142,87,1427.2,230,132,53,1925
1,41,2,4,152,63,1299.4,207,91,61,1741
1,43,2,1,164,88,1485.8,169,82,65,1589
1,24,3,0,158,41,1116.5,136,69,37,1153
1,29,3,0,168,109,1825.9,255,159,62,2214
0,26,3,0,164,46,1391.1,170,67,47,1371
1,48,2,0,155,107,1650.6,239,92,85,2089
0,26,2,3,177,71,1677.4,183,92,68,1712
0,31,3,0,159,91,1716.9,350,130,59,2451
0,26,3,0,158,41,1250.1,164,56,37,1213
1,43,3,4,156,58,1179.8,158,94,51,1467
0,29,3,0,164,66,1534.3,193,92,55,1635
1,20,2,0,164,86,1608.2,200,76,46,1518
1,25,3,0,159,79,1457.9,187,118,59,1751
0,49,3,0,173,57,1374.9,177,96,57,1605
0,22,2,0,168,84,1811.9,409,96,42,2398
1,23,3,0,159,76,1449.2,222,109,69,1945
0,27,2,2,169,90,1845,264,105,73,2133
0,25,3,0,170,55,1511.5,221,90,70,1874
1,48,3,0,160,100,1620.1,255,107,54,1934
1,22,4,0,163,43,1207.9,187,54,34.46,1274
1,19,2,3,165,69,1506.7,196,91,54,1634
0,24,3,0,165,92,1843,262,97,107,2399
0,23,3,0,172,68,1637.7,247,90,75,2023
0,23,4,4,180,60,1627.4,177,72,79,1707
0,24,3,3,161,114,2030.1,375,150,92,2928
0,23,3,0,160,43,1363.8,159,56,37,1193
1,49,3,0,164,110,1750.5,250,134,84,2292
0,36,2,3,168,85,1690.4,228,99,69,1929
1,20,2,0,161,43,1150,153,51.69,34.46,1129
0,21,2,0,175,74,1711.7,279,87,68,2076
0,15,3,4,168,76,1756.7,291,103,53,2053
1,32,4,0,143,71,1296.1,181,74,49,1461
0,25,2,1,167,77,1719.9,266,113,72,2164
0,26,3,0,163,108,1959.3,350,105,103,2747
1,23,3,0,144,94,1555.4,303,87,75,2235
1,41,3,0,156,104,1635.3,343,115,68,2444
0,27,2,0,183,77,1781.1,135,140,98,1982
1,22,4,3,162,65,1402,218,65,67,1735
0,20,2,0,161,48,1411.7,171,57,42,1290
1,41,3,0,143,108,1632.7,277,108,58,2062
0,24,4,1,173,61,1561.1,256,91,47,1811
1,17,3,0,151,48,1164.9,178,73,41,1373
1,20,2,0,165,77,1565.4,201,85,49,1585
0,27,3,0,168,96,1886.6,222,107,109,2297
1,29,3,0,155,75,1342.4,135,119,45,1421
0,22,3,0,160,44,1331.8,147,55,37,1141
0,25,3,0,180,70,1685.3,320,84,67,2219
0,25,3,0,179,90,1934.3,287,118,79,2331
1,49,3,0,157,44,1023.9,132,51.69,41,1104
0,42,3,0,155,85,1655.6,354,69,69,2313
1,41,4,0,142,58,1212.9,183,58,46,1378
0,25,3,0,169,107,2017.9,399,78,89,2709
1,36,3,0,142,79,1286.5,283,58,55,1859
1,28,2,0,159,75,1431.2,215,107,65,1873
0,25,3,1,171,89,1835.6,285,98,96,2396
1,22,2,4,153,50,1134,129.225,58,56,1253
1,46,4,0,143,77,1243.1,143,82,57,1413
0,21,2,0,166,55,1528.7,199,81,51,1579
0,24,3,0,156,115,2005.1,215,164,83,2263
1,25,4,0,159,58,1302.5,163,51.69,61,1408
0,22,2,4,179,64,1594.3,197,92,49,1597
0,30,4,3,169,99,1879.2,188,148,110,2334
1,26,2,0,153,97,1652.3,310,99,80,2356
1,21,4,0,159,56,1279.5,190,63,63,1579
1,23,2,2,157,66,1384.7,195,78,47,1515
0,22,2,1,168,91,1882.8,222,143,64,2036
1,22,2,4,164,50,1300.7,152,64,41,1233
0,26,3,0,173,52,1487.3,185,111,59,1715
1,40,2,1,151,63,1273.3,129.225,73,45,1214
1,29,3,4,142,93,1487.9,222,96,60,1812
0,24,3,1,168,65,1592.9,216,74,72,1808
0,34,4,1,149,85,1624,272,97,82,2214
1,41,2,1,151,59,1125.1,199,81,45,1525
0,27,4,0,154,84,1585.6,280,98,89,2313
1,26,3,2,161,79,1537.9,271,103,42,1874
1,23,3,0,152,78,1478.1,306,107,77,2345
0,24,3,0,165,45,1372.9,223,61,45,1541
1,27,3,1,143,85,1451.1,211,76,66,1742
0,43,3,0,153,87,1675.4,242,118,68,2052
1,23,2,4,152,51,1154,186,66,34.46,1318
1,22,2,0,157,51,1209.5,160,55,36,1184
1,36,3,3,159,45,1126.2,134,64,49,1233
1,32,3,0,144,81,1412,263,113,48,1936
0,23,2,0,166,66,1577.8,284,108,52,2036
1,21,2,0,152,50,1194.7,158,51.69,53,1316
1,24,3,0,144,87,1417.9,218,65,47,1555
1,17,4,0,149,54,1245,171,63,40,1296
0,51,3,0,165,51,1311.2,176,86,43,1435
0,22,3,3,165,56,1515.7,166,74,63,1527
0,18,4,4,170,55,1497.6,148,78,50,1354
0,22,3,0,159,107,1923.5,236,168,53,2093
0,22,3,0,169,77,1722.8,260,118,69,2133
0,19,2,0,159,44,1291.4,193,68,44,1440
0,24,2,0,156,43,1233.2,155,62,36,1192
0,20,2,0,167,68,1674.7,245,94,57,1869
1,26,3,0,145,89,1492.7,342,117,47,2259
0,20,3,3,170,59,1563.5,186,91,60,1648
1,41,3,0,136,83,1278.2,254,86,55,1855
1,39,2,0,157,45,1086.3,178,69,34.46,1298
1,23,3,0,164,49,1234,191,53,38,1318
1,50,4,0,151,64,1096.3,181,85,55,1559
0,23,3,0,166,53,1492.4,213,116,65,1901
1,44,4,0,165,93,1619.1,330,65,70,2210
0,42,4,0,163,93,1719.3,304,99,59,2143
1,24,3,0,144,93,1577.6,271,88,58,1958
1,22,2,0,163,54,1256.6,186,51.69,54,1437
0,22,3,0,177,87,1826.8,326,117,52,2240
1,26,3,1,160,47,1205.3,131,85,44,1260
0,23,2,1,171,89,1855.3,277,101,85,2277
1,18,3,1,159,55,1340,204,68,48,1520
1,21,2,0,160,55,1265.4,148,77,52,1368
0,30,4,0,167,99,1839.2,291,120,62,2202
1,22,3,0,152,79,1494.6,239,51.69,60,1703
1,21,2,0,142,68,1302.1,184,91,56,1604
0,28,3,1,167,98,1862.8,345,109,77,2509
1,22,4,0,155,38,1119.4,166,55,34.46,1194
0,29,2,0,156,85,1648.6,304,129,60,2272
0,39,3,4,161,107,1869.9,355,115,95,2735
0,22,4,0,181,104,2085.1,382,157,84,2912
1,22,3,1,163,85,1575.6,159,103,58,1570
1,21,2,0,154,67,1384.7,266,68,54,1822
1,33,2,1,153,46,1090.2,143,54,37,1121
0,25,3,0,175,116,2113,398,87,106,2894
1,26,3,0,154,73,1482.3,224,54,36,1436
0,29,3,2,182,110,2052.4,379,141,101,2989
0,19,2,1,173,68,1659.3,279,122,66,2198
1,19,3,0,164,46,1241.8,189,51.69,34.46,1273
1,20,4,2,158,60,1293.1,176,86,34.46,1358
1,38,3,0,144,95,1544.5,255,86,82,2102
0,23,3,0,167,62,1541.8,253,78,34.46,1634
0,25,2,0,168,46,1413.5,227,54,39,1475
0,15,2,4,172,77,1792.7,342,99,56,2268
1,47,2,0,144,103,1592.1,366,89,80,2540
1,23,3,2,159,61,1339.6,244,64,34.46,1542
1,20,3,3,160,80,1528.2,239,100,66,1950
1,37,3,0,157,43,1052.6,157,51.69,34.46,1145
0,25,3,4,177,116,2124.4,372,133,98,2902
1,19,4,0,155,65,1382.7,161,73,60,1476
0,24,3,0,166,45,1369.4,221,58,42,1494
0,21,4,0,166,84,1772.7,302,117,56,2180
1,25,3,0,160,64,1358.7,269,72,52,1832
0,31,3,0,164,106,1936.8,266,155,103,2611
1,20,4,2,156,60,1328.3,188,55,39,1323
0,28,2,0,157,76,1595.2,172,101,64,1668
1,28,2,0,147,86,1483.5,300,86,53,2021
0,29,3,0,151,79,1558.9,247,119,70,2094
1,23,3,0,160,54,1309.9,184,51.69,61,1492
0,20,2,2,157,63,1526.7,304,74,34.46,1822
1,19,2,0,162,60,1358.3,208,62,59,1611
0,24,3,0,163,115,2044.3,346,157,86,2786
0,50,3,0,156,88,1591.7,320,92,52,2116
0,24,2,0,166,94,1879.2,384,110,60,2516
0,20,2,1,170,65,1601.3,163,123,59,1675
1,25,2,0,154,65,1338.4,206,60,57,1577
0,24,2,0,164,75,1651.3,192,115,53,1705
0,19,3,0,169,65,1601.8,255,98,43,1799
1,22,2,0,157,64,1328.2,197,64,46,1458
1,22,2,0,158,82,1486.7,232,83,54,1746
0,23,2,0,155,45,1294.7,139,66,35,1135
0,29,4,0,157,95,1789.4,327,116,72,2420
1,17,3,0,163,49,1234,158,58,43,1251
0,22,3,3,170,74,1691.8,321,63,74,2202
0,23,4,0,164,98,1833.2,371,109,46,2334
0,29,2,1,168,94,1862,331,130,79,2555
1,29,3,0,156,98,1712.6,261,96,101,2337
1,31,3,0,161,46,1141.7,129.225,71,34.46,1111
1,22,3,4,160,48,1218.9,155,51.69,43,1214
0,23,2,1,163,64,1563,150,100,54,1486
0,24,2,0,164,75,1690.1,287,104,77,2257
0,21,2,1,163,64,1572,252,115,53,1945
0,22,3,0,163,40,1336.5,138,51.69,47,1182
1,51,4,0,140,73,1202,212,61,66,1686
0,22,3,0,160,111,1984.9,310,125,85,2505
0,26,4,0,174,107,2019,298,128,81,2433
1,21,3,0,157,57,1282,191,81,42,1466
0,19,3,0,165,72,1636.3,271,127,54,2078
1,23,3,0,151,75,1378,254,98,61,1957
1,24,2,0,157,56,1280.4,165,69,52,1404
0,47,3,0,159,91,1703.8,305,105,74,2306
1,23,3,0,160,76,1469.8,241,102,46,1786
0,24,4,3,178,109,2104.6,342,154,107,2947
1,19,3,1,163,55,1310,176,66,51,1427
0,25,3,0,168,91,1837.5,302,110,76,2332
0,24,3,0,158,45,1271.3,177,80,34.46,1338
0,21,3,0,169,49,1425.1,204,65,60,1616
1,32,3,4,157,41,1020.1,129.225,61,37,1094
0,26,2,2,162,76,1680.3,233,78,82,1982
0,23,3,0,164,49,1406.3,152,73,45,1305
1,22,3,0,157,92,1620.5,303,72,82,2238
1,40,3,0,155,98,1598.5,288,122,45,2045
1,60,2,3,154,79,1330,222,70,63,1735
0,21,4,0,168,65,1585.8,238,74,67,1851
1,29,3,0,153,58,1213.9,129.225,89,39,1224
0,22,3,0,170,75,1718.8,257,95,66,2002
0,24,3,3,163,117,2061.7,289,155,104,2712
1,21,2,0,160,71,1418.1,181,96,60,1648
1,20,3,0,163,45,1232.2,185,63,35,1307
0,27,3,0,164,107,2030.2,381,90,102,2802
1,22,3,0,163,45,1196.5,142,63,43,1207
1,23,3,0,144,82,1450.4,173,51.69,73,1556
0,23,2,0,163,39,1274.5,156,61,36,1192
1,25,2,0,158,51,1155.7,134,83,42,1246
1,39,3,0,158,78,1385.3,266,57,48,1724
0,22,3,0,172,54,1476.5,188,71,63,1603
0,32,3,1,163,48,1349.1,141,107,49,1433
0,20,3,0,174,54,1522.1,207,81,53,1629
0,22,2,0,160,44,1334.4,152,64,51,1323
0,29,2,4,176,72,1660.8,237,118,48,1852
1,21,2,0,155,45,1134.4,129.225,74,36,1137
0,22,3,0,167,113,1960.7,329,137,62,2422
1,59,3,0,157,76,1319.1,201,66,68,1680
1,22,3,0,147,92,1527.7,282,86,97,2345
0,24,2,0,178,91,1916.6,393,144,62,2706
1,24,4,0,163,91,1661,211,149,74,2106
0,25,3,0,160,42,1320.1,147,60,39,1179
1,22,3,0,143,82,1457.7,269,81,56,1904
0,24,3,0,164,111,2051.1,374,133,91,2847
0,23,2,0,160,71,1566.9,242,96,51,1811
0,24,2,3,171,60,1513.3,154,101,58,1542
1,25,2,3,151,66,1341.1,213,84,44,1584
0,20,3,0,168,67,1579.4,250,56,73,1881
1,23,3,0,140,70,1266.1,247,88,42,1718
1,21,2,0,131,40,953.7,129.225,52,34.46,1035
0,21,2,0,159,46,1366.6,205,57,63,1615
0,24,2,3,173,95,1887.7,319,153,63,2455
0,21,3,1,172,54,1513.5,261,90,59,1935
1,23,3,1,162,86,1626.3,304,111,61,2209
0,27,3,2,167,63,1508.7,210,74,48,1568
1,20,2,0,159,55,1353.5,163,79,44,1364
1,23,3,0,156,75,1468.5,244,88,67,1931
1,22,4,1,160,68,1421.4,199,85,48,1568
1,35,2,0,157,79,1471.3,220,93,60,1792
0,31,4,0,172,105,1949.2,362,119,102,2842
0,45,3,1,169,65,1456.8,250,77,38,1650
0,36,3,0,153,120,2032.3,364,112,77,2597
1,29,2,2,155,81,1479,233,51.69,59,1670
0,23,3,0,163,97,1909.5,353,147,52,2468
0,22,2,0,163,76,1717.1,232,100,92,2156
0,24,4,1,169,70,1605.7,246,110,75,2099
0,26,2,0,165,90,1785.1,284,86,63,2047
1,18,2,0,145,72,1371.4,277,94,45,1889
0,27,3,1,174,106,2018.1,381,131,102,2966
0,21,4,0,168,68,1636.8,261,94,62,1978
0,45,3,0,157,55,1305.9,161,95,42,1402
1,44,4,0,142,78,1280.3,238,77,51,1719
0,26,3,0,165,47,1335.8,133,53,69,1365
0,29,3,0,165,98,1820.5,318,131,76,2480
1,22,3,0,142,71,1364.3,190,60,34.46,1310
0,21,3,0,151,96,1790.2,262,103,103,2387
0,22,2,1,170,55,1560.5,244,79,58,1814
1,24,3,2,157,89,1620.9,206,84,82,1898
0,20,3,0,166,113,2087.6,380,142,78,2790
0,24,3,0,169,46,1440.8,153,67,60,1420
1,20,4,0,165,42,1201.3,140,57,46,1202
1,25,3,1,160,46,1151.8,133,53,35,1059
0,24,2,1,169,89,1855.1,340,113,96,2676
0,16,2,0,162,96,1901,273,109,96,2392
1,27,3,0,147,94,1549.3,236,124,55,1935
1,22,3,4,165,54,1338,136,107,55,1467
0,24,3,0,167,62,1527.7,186,101,49,1589
1,35,4,0,161,43,1044.8,129.225,61,36,1085
0,19,2,3,186,87,1961.2,247,117,97,2329
1,20,3,1,159,59,1319.7,212,63,45,1505
0,20,2,1,167,90,1783.3,300,130,77,2413
0,22,2,0,165,76,1675.3,293,101,69,2197
1,35,3,0,139,100,1530.1,292,120,76,2332
0,24,2,0,178,75,1762.4,274,130,80,2336
1,28,2,1,164,50,1219.5,155,63,43,1259
1,51,2,0,152,80,1392.2,288,76,35,1771
0,20,4,0,166,50,1403.1,226,82,43,1619
1,38,2,1,152,63,1182.8,208,72,40,1480
0,26,2,0,153,43,1241.6,161,69,51,1379
1,21,4,0,157,85,1597.6,253,105,87,2215
0,36,4,1,155,89,1674,225,151,102,2422
0,26,3,2,173,93,1901,235,129,107,2419
0,28,3,0,156,89,1686.1,327,130,49,2269
1,31,3,0,142,90,1469.9,278,51.69,73,1976
1,19,3,0,166,49,1307.1,172,73,47,1403
0,22,4,0,171,50,1474.7,192,70,53,1525
0,20,2,0,163,44,1419.6,139,59,49,1233
0,25,3,0,166,98,1857.5,391,104,68,2592
0,23,3,0,175,73,1711.6,349,78,54,2194
1,31,3,0,143,97,1584.9,255,118,62,2050
0,56,3,0,158,83,1584.8,237,91,93,2149
1,23,3,0,156,98,1680.8,307,83,93,2397
0,27,4,0,172,73,1635.2,250,96,49,1825
0,23,3,2,169,62,1580.8,152,54,87,1607
0,32,4,0,173,105,1993.2,375,150,100,3000
0,23,3,0,171,52,1489.9,245,60,68,1832
0,53,3,2,160,69,1389.4,305,83,75,2227
1,24,2,2,159,76,1475.3,204,104,68,1844
0,23,2,0,169,82,1744.7,217,118,87,2123
1,22,2,0,158,55,1297.1,159,88,43,1375
0,24,3,2,166,59,1494.6,160,96,47,1447
1,23,2,2,154,52,1252.3,143,63,51,1283
0,24,2,1,174,79,1811.6,289,69,78,2134
1,29,3,4,150,54,1152.3,132,58,51,1219
1,26,3,0,161,64,1340.8,186,91,69,1729
0,21,3,0,182,81,1867.1,306,99,96,2484
1,48,3,0,144,105,1525.2,250,95,93,2217
1,23,2,0,162,56,1282.8,150,91,46,1378
0,22,3,0,175,65,1619.1,214,73,73,1805
1,20,2,0,160,98,1770.1,258,145,75,2287
0,25,4,0,171,117,2121.6,299,166,53,2337
0,75,3,1,179,73,1445.8,211,81,77,1861
1,21,3,2,164,75,1457.5,141,117,73,1689
0,22,2,0,156,67,1551,256,95,41,1773
0,25,3,2,180,65,1642.8,163,100,75,1727
1,30,2,4,152,76,1488.7,184,107,61,1713
0,25,3,0,164,49,1366.2,169,80,42,1374
0,23,3,4,164,115,2057.5,376,150,100,3004
1,56,3,0,157,89,1385.9,264,88,70,2038
1,23,3,4,153,48,1194.2,167,63,53,1397
1,32,3,3,158,41,1109.9,135,60,43,1167
1,23,3,0,138,72,1319.4,215,90,71,1859
0,37,3,0,158,101,1770.5,285,151,65,2329
0,21,4,0,178,72,1700.1,258,67,82,2038
1,27,4,0,152,83,1452.4,237,105,64,1944
1,35,2,0,154,77,1422.9,256,74,54,1806
1,60,2,0,156,79,1263.8,199,102,76,1888
0,28,3,0,163,45,1360.6,215,60,39,1451
0,22,3,1,165,68,1595.1,276,79,55,1915
0,24,3,4,168,80,1687.9,243,94,61,1897
1,24,3,0,146,89,1547,216,131,93,2225
0,23,2,0,162,56,1481.9,198,80,53,1589
1,18,3,0,158,54,1282.4,150,73,51,1351
0,22,2,0,165,46,1413.4,191,68,56,1540
1,28,2,0,152,61,1273.2,198,64,43,1435
0,21,3,0,183,82,1852,363,87,62,2358
0,23,2,0,164,79,1697.7,225,147,87,2271
1,26,3,1,165,56,1292.1,170,75,45,1385
0,25,3,2,164,78,1639.8,315,95,61,2189
0,38,4,0,166,105,1916.2,307,133,102,2678
0,28,2,0,168,50,1366.8,153,76,57,1429
1,24,4,0,147,60,1271.2,148,67,57,1373
1,23,3,0,158,51,1222.8,214,83,39,1539
0,24,2,0,169,87,1855.6,308,84,93,2405
1,28,2,1,163,50,1242.7,181,63,47,1399
0,23,3,0,173,73,1722.5,290,95,88,2332
0,22,3,0,167,66,1613.5,185,79,52,1524
0,22,2,0,169,70,1618,255,106,80,2164
0,23,3,0,164,116,2094.5,321,156,106,2862
1,21,2,0,143,55,1135.7,146,80,57,1417
0,21,3,0,174,76,1714.7,298,78,74,2170
0,26,4,4,170,48,1433.6,181,51.69,63,1498
0,25,2,0,164,111,2076.8,408,130,60,2692
1,27,3,0,158,77,1461,210,120,70,1950
0,23,3,1,161,84,1737.5,265,91,71,2063
0,16,2,3,176,81,1803.8,347,107,56,2320
1,42,4,0,144,77,1328.4,235,103,63,1919
0,24,3,1,173,77,1757.1,223,99,57,1801
1,32,3,0,165,41,1100.2,152,51.69,34.46,1125
1,32,3,0,140,100,1551.2,250,104,99,2307
0,29,2,0,166,50,1389.8,208,61,36,1400
0,27,3,0,169,120,2114.2,255,141,114,2610
1,21,4,4,158,79,1500.8,205,118,63,1859
1,29,3,0,142,92,1490.9,213,98,76,1928
1,34,2,4,156,69,1352.6,194,83,66,1702
0,23,2,0,168,89,1854,268,99,70,2098
0,20,3,0,174,74,1720.6,243,83,92,2132
1,28,3,0,150,77,1449.7,213,57,56,1584
0,21,2,0,179,78,1764.5,243,122,67,2063
0,22,4,0,153,86,1711.5,239,120,74,2102
1,27,3,0,146,51,1074.9,199,51.69,36,1327
1,21,3,0,157,43,1153.2,153,62,36,1184
1,34,2,0,156,73,1346.4,226,115,39,1715
0,20,3,0,166,39,1309.4,141,57,44,1188
1,26,3,0,152,77,1436.4,185,78,93,1889
1,22,3,0,160,60,1300.6,162,80,42,1346
0,24,2,0,165,68,1583,217,89,63,1791
0,21,4,4,167,68,1631.6,245,73,79,1983
0,28,2,0,166,51,1371.4,135,105,50,1410
0,19,3,0,176,73,1772.1,227,130,76,2112
0,26,3,0,166,111,2029.3,359,140,95,2851
1,26,2,3,140,51,1121.8,146,70,52,1332
0,23,3,1,182,81,1825.2,129.225,151,83,1868
0,21,3,0,169,77,1726.5,312,109,57,2197
0,22,2,0,168,90,1841.1,341,138,66,2510
1,18,4,0,153,53,1277.4,187,63,51,1459
0,25,4,0,178,56,1549.7,204,74,59,1643
0,26,3,0,165,47,1377.1,211,81,46,1582
0,25,3,0,168,59,1541.3,242,93,58,1862
0,31,3,0,166,48,1380.2,202,54,39,1375
0,36,4,1,167,108,1954.5,284,130,82,2394
0,21,2,0,164,76,1680.7,233,119,80,2128
0,24,2,0,166,50,1446.9,225,66,34.46,1474
1,19,4,0,166,70,1443.4,195,85,68,1732
0,24,3,0,162,44,1338.4,217,64,43,1511
0,61,3,4,167,57,1267.7,159,51.69,75,1518
0,26,3,0,154,104,1885.8,338,150,79,2663
0,20,2,0,165,62,1583.1,232,98,56,1824
0,41,4,0,155,87,1642.3,230,112,79,2079
0,19,3,3,172,61,1654.9,191,74,63,1627
1,25,2,0,154,65,1367.3,265,70,47,1763
1,24,3,0,154,50,1277,191,59,43,1387
1,20,3,2,159,65,1394.6,180,79,58,1558
0,25,3,0,155,111,1973.1,394,158,90,3018
1,32,3,0,144,73,1312.5,222,90,55,1743
0,18,3,0,188,55,1606.1,181,87,56,1576
1,24,4,0,155,73,1431,248,90,41,1721
0,26,3,0,163,97,1871.6,244,157,101,2513
1,46,3,4,160,48,1107.2,206,69,34.46,1410
0,34,3,0,158,86,1695.7,261,123,90,2346
0,38,3,0,168,118,2048.3,352,155,90,2838
1,28,2,0,164,55,1285.6,198,62,59,1571
0,30,3,4,157,88,1754.8,304,157,85,2609
1,21,3,0,162,51,1292.9,143,77,44,1276
1,28,3,2,155,78,1487.5,262,132,68,2188
0,21,2,0,153,42,1273.6,142,66,49,1273
1,42,2,1,135,50,929.8,176,53,51,1375
0,37,3,0,156,120,2043.5,307,159,78,2566
1,44,2,0,165,86,1537.4,274,107,76,2208
0,26,3,0,168,70,1653.8,237,81,85,2037
1,20,2,0,154,49,1181.6,207,62,40,1436
0,24,3,1,184,85,1850.8,211,157,99,2363
0,22,4,3,177,111,2103.4,391,89,104,2856
0,25,4,1,184,106,2112.5,393,142,99,3031
0,21,2,0,168,91,1868.9,309,120,103,2643
0,20,3,0,160,41,1283.3,149,60,40,1196
1,22,3,0,152,79,1522.3,238,129,68,2080
1,26,3,4,144,95,1593.3,305,76,50,1974
0,24,3,1,166,69,1600.8,186,108,51,1635
1,29,3,0,151,97,1596.4,210,109,51,1735
1,24,2,0,168,55,1261.8,156,57,49,1293
0,23,3,0,184,77,1800.9,305,82,71,2187
0,28,3,0,165,87,1755.5,314,120,58,2258
0,24,3,2,168,78,1746.4,371,75,74,2450
1,50,2,0,153,78,1340.5,294,70,65,2041
0,21,3,0,169,60,1535,251,56,70,1858
1,29,3,0,145,95,1532.4,213,97,54,1726
0,36,3,0,156,115,1974.3,382,95,102,2826
0,27,3,0,172,81,1741.7,232,86,63,1839
0,23,4,1,141,70,1478.9,179,98,79,1819
0,22,4,0,158,87,1724.8,285,157,70,2398
0,28,3,0,185,139,2391.7,340,167,111,3027
1,48,3,0,146,101,1534.2,163,156,77,1969
1,40,3,0,162,40,1063.6,167,51.69,47,1298
0,24,2,0,163,76,1618.1,205,137,89,2169
1,38,3,0,157,79,1410.4,239,61,55,1695
0,20,2,1,162,67,1587.6,229,95,88,2088
0,21,3,3,173,82,1819.2,313,122,92,2568
1,22,3,0,160,60,1333.6,170,90,50,1490
1,20,3,0,164,86,1607.1,271,126,54,2074
1,20,3,0,166,84,1629.8,296,113,57,2149
1,28,2,0,156,74,1492.9,166,82,80,1712
1,57,3,0,160,77,1305.1,210,102,82,1986
0,21,3,1,180,74,1723.3,248,68,73,1921
1,27,3,2,157,79,1451,134,101,46,1354
0,26,2,0,171,78,1753,239,107,56,1888
0,16,3,4,171,83,1822,264,108,94,2334
1,18,3,0,163,51,1328.8,131,56,50,1198
0,24,2,0,167,101,1958.9,343,146,80,2676
0,22,2,0,175,69,1649.6,231,107,62,1910
0,23,3,0,167,106,1983.9,300,132,67,2331
0,33,3,0,165,46,1391.1,211,93,44,1612
0,22,2,0,175,70,1665.3,195,101,90,1994
1,30,3,0,144,94,1550.8,293,99,49,2009
1,24,3,0,160,46,1170.7,131,52,44,1128
0,24,3,3,168,75,1708.4,139,79,80,1592
1,15,2,0,160,59,1253.4,130,89,53,1353
0,24,2,0,178,81,1781.4,259,115,57,2009
1,26,2,1,154,67,1383.7,212,101,55,1747
0,21,2,0,166,75,1737.3,221,108,53,1793
1,24,2,0,137,50,1026.1,129.225,67,34.46,1095
0,31,3,0,157,88,1662.6,243,136,70,2146
0,25,3,0,166,45,1382.9,161,71,43,1315
1,17,3,0,158,55,1291.4,134,68,56,1312
0,24,3,1,179,96,1916.6,248,135,76,2216
1,23,2,0,147,56,1165.3,138,67,59,1351
0,29,2,1,172,93,1864.7,286,138,84,2452
1,50,3,0,159,101,1625.4,321,83,86,2390
1,62,4,0,155,60,1128.5,143,71,42,1234
0,21,3,0,173,86,1861.6,233,144,78,2210
0,21,2,1,175,82,1821,205,108,107,2215
0,25,2,0,160,75,1612.8,277,113,67,2163
0,31,2,4,157,89,1751.4,236,136,61,2037
1,22,3,2,160,76,1481.3,176,130,44,1620
0,20,4,3,175,69,1616.2,298,72,63,2047
0,21,3,0,163,111,1995.4,308,81,87,2339
1,34,3,0,153,99,1571.8,226,152,73,2169
1,27,2,1,163,49,1190.5,165,51.69,46,1281
1,23,2,1,158,49,1141.1,150,63,36,1176
0,45,3,0,174,45,1347.6,159,57,48,1296
1,19,3,4,153,48,1164.2,130,52,46,1142
0,15,3,0,178,79,1849.7,224,114,55,1847
1,22,3,0,152,79,1470.3,256,89,66,1974
1,20,2,0,145,72,1398.7,212,63,58,1622
1,22,4,0,157,63,1321.5,156,104,53,1517
1,50,3,0,157,44,975.1,142,51.69,34.46,1085
0,23,3,0,165,47,1404,176,71,50,1438
0,23,3,0,168,57,1551.1,163,88,58,1526
0,22,2,4,181,66,1692.8,213,112,63,1867
1,41,3,0,162,107,1725.9,294,93,91,2367
0,23,3,0,159,104,1971.3,247,155,71,2247
0,22,3,0,174,97,1983.9,342,83,72,2348
0,27,2,0,169,49,1438.9,219,76,45,1585
1,23,3,4,161,54,1220.6,174,63,48,1380
1,18,3,0,164,50,1305.8,129.225,82,51,1304
0,24,4,0,160,91,1756.3,248,115,76,2136
0,23,3,0,168,74,1672,287,132,67,2279
0,22,3,0,172,124,2184.4,345,156,100,2904
1,23,3,0,147,92,1571.4,289,91,76,2204
1,25,3,4,138,45,1062.9,130,60,35,1075
0,24,3,0,154,112,1999.3,365,148,91,2871
1,23,2,0,154,81,1545.8,232,122,74,2082
1,20,3,0,164,43,1220.2,129.225,75,39,1168
0,25,3,0,169,75,1660.7,322,77,64,2172
0,22,3,2,173,56,1484.6,214,89,62,1770
1,27,3,0,145,95,1524.5,199,90,95,2011
0,22,3,1,173,73,1682.7,214,51.69,91,1882
0,24,3,1,169,56,1514.4,189,59,53,1469
0,22,3,3,182,94,1915,298,170,51,2331
1,25,2,0,152,66,1337.2,215,87,66,1802
0,28,3,0,175,75,1736.1,263,105,76,2156
1,31,3,0,156,77,1481.4,258,95,40,1772
1,22,3,0,161,82,1526.2,282,90,74,2154
0,19,3,0,159,45,1368.6,146,104,39,1351
1,21,2,0,156,78,1498.1,308,81,59,2087
0,26,2,0,170,88,1786.6,351,96,37,2121
1,32,3,0,143,99,1585.3,297,111,75,2307
0,26,3,1,163,91,1799.6,247,123,81,2209
0,28,2,0,164,49,1326.7,221,66,51,1607
0,20,3,0,156,39,1269.8,129.225,79,46,1247
0,27,3,1,180,79,1811.5,235,93,62,1870
1,22,3,0,156,80,1532.8,224,118,48,1800
0,22,3,1,184,85,1897.7,250,139,64,2132
0,22,3,0,165,72,1635.3,210,99,65,1821
0,24,2,2,168,67,1642,201,79,89,1921
1,20,2,0,157,67,1426.6,189,91,56,1624
0,26,3,0,167,54,1487.2,256,89,38,1722
0,25,3,0,166,111,2020.8,361,151,101,2957
0,28,2,1,174,92,1920.4,321,139,79,2551
0,22,2,1,166,62,1518.1,166,103,51,1535
0,46,3,0,155,88,1589.5,344,116,75,2515
0,23,3,0,172,100,2011.5,300,134,87,2519
1,20,3,0,163,39,1140.6,134,52,37,1077
1,43,2,1,138,52,978.6,152,51.69,34.46,1125
1,46,3,0,162,44,1110.5,130,62,34.46,1078
0,29,4,2,153,76,1595.8,227,88,70,1890
0,40,3,0,152,91,1686.3,355,150,40,2380
1,21,4,0,138,71,1282.2,228,83,59,1775
0,25,2,0,164,51,1459.6,186,81,56,1572
0,19,3,0,167,108,1976.3,327,142,92,2704
0,23,3,0,179,88,1845,311,120,65,2309
0,22,3,0,168,74,1698.9,248,116,59,1987
0,22,3,4,169,79,1725.4,281,88,77,2169
1,25,4,0,146,59,1216.9,222,81,38,1554
0,21,3,0,165,100,1943.8,228,101,87,2099
0,20,2,1,178,76,1778.5,327,106,77,2425
1,30,3,0,141,99,1530.7,269,108,86,2282
1,21,2,0,168,46,1258.1,151,80,38,1266
1,19,2,1,159,70,1402.4,196,84,51,1579
1,24,2,0,139,55,1127,129.225,111,38,1303
1,30,4,0,153,87,1500.8,198,115,35,1567
0,18,4,4,169,57,1568.6,172,79,39,1355
0,23,3,1,178,73,1729.7,228,100,64,1888
1,57,2,0,157,62,1154.1,232,95,37,1641
0,24,3,0,172,101,1969.7,330,145,83,2647
0,26,2,1,178,69,1618.4,279,105,61,2085
0,20,3,0,173,75,1689.6,250,85,77,2033
0,19,2,0,175,75,1762.2,172,102,57,1609
0,27,2,0,168,51,1445.7,216,83,50,1646
0,39,3,0,173,54,1409.8,220,85,40,1580
1,21,3,0,164,46,1166.3,138,55,42,1150
0,22,2,1,169,97,1924.4,298,100,82,2330
0,29,2,1,168,92,1822.6,311,92,63,2179
0,15,3,1,166,72,1672.8,262,105,60,2008
0,25,3,2,172,80,1753.3,320,81,70,2234
0,25,3,0,165,43,1344.8,195,63,43,1419
0,24,2,0,170,91,1855.8,240,136,63,2071
1,23,2,0,164,74,1514.5,188,98,75,1819
0,75,3,1,180,72,1508.2,222,85,64,1804
0,21,3,1,171,66,1623.1,201,100,80,1924
0,28,3,0,155,88,1757.1,335,98,93,2569
0,63,3,2,165,96,1670.8,369,94,94,2698
0,23,3,0,168,73,1683.8,309,103,82,2386
0,22,4,3,187,84,1938.9,244,105,67,1999
0,20,2,0,174,73,1761.6,275,105,63,2087
0,18,3,0,163,74,1691.2,310,108,69,2293
1,20,3,0,169,47,1279.9,135,58,42,1150
0,21,3,0,168,53,1500.9,230,81,50,1694
1,39,2,0,160,79,1412.9,261,56,34.46,1578
0,29,3,0,165,100,1881,263,154,99,2559
0,25,3,0,156,88,1731.6,281,151,86,2502
0,19,3,0,171,45,1463.5,162,93,59,1551
1,28,2,0,145,88,1498.3,151,116,72,1716
1,23,3,2,169,59,1365.9,188,54,44,1364
1,51,3,0,163,88,1509,348,94,58,2290
1,21,2,0,142,68,1298.8,196,80,80,1824
0,39,3,0,157,87,1622.7,226,53,88,1908
0,23,3,0,187,85,1902.2,131,128,81,1765
0,23,3,3,165,78,1750.5,200,125,77,1993
0,37,3,0,166,111,1984.1,371,117,90,2762
0,24,3,0,179,138,2345.4,382,128,87,2823
0,21,2,1,144,70,1421.9,249,56,44,1616
0,24,4,0,164,103,1977.6,369,150,98,2958
1,19,3,0,167,46,1275.9,163,70,34.46,1242
0,18,3,0,168,54,1522.4,232,73,56,1724
0,29,3,1,167,86,1794.1,319,86,62,2178
1,21,4,0,159,57,1290.7,138,61,46,1210
1,23,2,0,156,56,1253.3,178,68,51,1443
0,23,3,0,178,86,1902.4,262,80,85,2133
0,31,3,4,174,83,1732.8,343,132,76,2584
1,32,3,0,153,41,1042.3,157,51.69,40,1195
0,21,3,4,169,49,1456.9,224,78,48,1640
0,23,3,0,159,45,1335.3,175,93,35,1387
0,28,3,1,178,79,1780.8,220,135,85,2185
0,25,3,0,163,110,2024.3,385,89,99,2787
1,32,3,0,140,79,1340.1,192,95,34.46,1458
0,29,3,0,165,49,1367.1,176,83,45,1441
0,24,3,0,183,77,1816.7,155,175,84,2076
0,20,3,1,180,64,1671.5,206,101,75,1903
0,22,4,0,172,71,1686.1,191,90,72,1772
1,23,3,0,162,67,1391.1,146,120,48,1496
0,30,3,0,174,64,1582.7,272,82,63,1983
1,17,3,2,159,44,1230.5,173,52,37,1233
1,22,2,4,159,67,1442,200,98,51,1651
0,22,3,1,175,65,1668,224,71,74,1846
0,22,2,4,174,77,1747.5,282,150,71,2367
1,25,3,1,161,47,1183.4,133,53,42,1122
0,31,4,0,152,91,1722.1,319,128,76,2472
0,23,2,1,177,76,1723,347,51.69,64,2171
0,25,4,0,177,71,1693.9,227,83,80,1960
1,27,3,0,150,57,1182.8,148,85,46,1346
0,23,3,0,165,44,1391.8,185,78,37,1385
1,17,4,0,150,54,1215.7,183,58,34.46,1274
0,25,2,2,182,64,1651.4,323,66,64,2132
1,27,4,4,166,100,1744.5,316,89,71,2259
1,23,4,1,168,81,1584.8,180,89,65,1661
1,45,3,0,164,45,1103.3,134,59,36,1096
0,23,3,0,162,38,1314.2,181,53,36,1260
0,23,2,0,163,45,1345.1,142,58,42,1178
0,24,2,0,173,68,1624,249,104,63,1979
1,21,4,0,164,58,1333.7,238,85,35,1607
0,19,3,0,163,45,1330,188,68,34.46,1334
0,22,3,0,168,50,1465.7,137,78,53,1337
1,28,4,0,164,100,1753.8,266,99,83,2207
1,19,4,2,178,71,1570.9,243,86,87,2099
0,19,2,3,182,72,1742.1,312,68,76,2204
0,22,3,1,168,65,1604.5,209,51.69,72,1691
0,25,3,0,173,113,2057.2,368,98,92,2692
1,37,2,0,158,81,1460.8,196,106,46,1622
1,38,3,0,160,46,1107.2,192,69,36,1368
0,31,4,0,165,102,1930,387,138,103,3027
0,29,2,0,163,46,1345.5,181,63,46,1390
0,25,3,0,180,74,1748.6,281,112,64,2148
0,25,4,0,183,79,1799.8,311,88,66,2190
0,52,3,0,166,51,1281.2,149,82,51,1383
0,20,3,0,180,76,1774.1,326,82,81,2361
1,56,3,0,157,75,1268,265,71,50,1794
0,22,3,0,180,105,2022,402,161,61,2801
0,45,3,1,171,64,1497.7,288,64,49,1849
1,20,2,2,153,43,1161.7,139,55,41,1145
0,23,3,2,181,63,1623,247,111,45,1837
0,22,3,0,164,109,1990.7,366,106,100,2788
1,58,3,0,158,74,1271,172,115,72,1796
0,24,2,0,165,92,1827.4,204,107,84,2000
0,24,3,2,172,54,1540.5,213,80,64,1748
0,25,3,0,163,98,1906.7,326,110,96,2608
0,27,3,0,168,53,1436.3,197,75,77,1781
0,23,2,1,164,66,1531.3,216,95,64,1820
0,23,3,0,164,63,1544.4,257,82,65,1941
0,26,3,0,177,91,1886.4,341,131,85,2653
1,28,3,0,140,72,1240.4,257,56,61,1801
0,27,3,0,170,50,1427.7,196,68,46,1470
0,24,3,0,173,59,1576.6,283,58,49,1805
0,26,2,1,169,85,1771.5,279,141,55,2175
1,21,3,2,165,76,1537.6,224,102,67,1907
1,52,3,0,162,90,1540.8,357,108,34.46,2170
0,19,3,0,168,73,1630,138,111,60,1536
1,26,4,2,179,72,1572,233,68,79,1915
0,32,3,0,165,48,1346.2,132,66,54,1278
1,36,3,1,155,75,1386.2,225,93,71,1911
1,32,3,0,167,76,1483.5,257,107,63,2023
0,22,3,0,160,108,1932,371,122,96,2836
0,24,3,0,175,107,2048.4,255,164,97,2549
1,22,2,0,151,66,1370.6,213,96,53,1713
1,25,3,0,163,68,1425,209,82,56,1668
1,22,3,0,163,69,1386,227,64,34.46,1474
1,15,2,3,169,63,1502,184,89,62,1650
1,21,2,0,165,93,1711.9,266,123,87,2339
0,33,3,0,162,120,2069.8,375,150,95,2955
0,23,2,0,169,88,1817.8,208,145,90,2222
0,23,2,0,166,49,1394.6,175,67,48,1400
0,33,4,0,151,85,1616,244,112,61,1973
1,22,4,1,154,70,1375.2,207,92,42,1574
0,56,2,0,165,42,1206.9,194,51.69,44,1379
1,33,3,2,159,42,1044.9,129.225,68,41,1158
1,43,2,0,157,64,1235.8,195,54,38,1338
0,22,2,0,175,66,1679.5,187,124,76,1928
1,27,3,0,142,88,1474.4,201,106,65,1813
0,25,3,1,170,90,1886,283,132,77,2353
0,23,3,0,157,114,2077.8,377,123,67,2603
0,24,4,0,178,91,1906,258,108,70,2094
0,29,3,0,169,51,1471.4,180,86,37,1397
0,25,3,0,154,114,1974.3,285,120,95,2475
0,25,2,0,162,81,1707.2,278,112,74,2226
1,44,4,0,137,71,1151.1,190,94,36,1460
1,48,3,0,140,69,1150.2,229,53,56,1632
0,23,2,0,162,73,1617.3,294,51.69,74,2049
1,19,4,0,164,69,1416.5,225,72,55,1683
0,23,3,0,161,93,1805.5,171,131,88,2000
0,29,3,0,172,53,1442.1,202,70,63,1655
1,24,3,0,158,43,1103.2,142,57,34.46,1106
0,23,4,0,163,104,1923.8,240,164,77,2309
0,20,4,0,179,85,1832.8,279,109,70,2182
1,22,3,2,153,42,1080,135,54,47,1179
0,22,3,0,168,78,1715.5,318,125,79,2483
0,26,3,1,170,95,1917,399,60,70,2466
0,28,3,0,174,126,2213.2,270,157,111,2707
1,54,2,0,136,54,907.4,154,63,41,1237
0,35,2,0,153,58,1330.3,186,71,59,1559
1,24,3,0,157,46,1164.6,139,75,40,1216
0,23,2,0,165,53,1419.3,214,58,56,1592
0,22,3,0,171,75,1733.6,280,118,70,2222
1,23,4,0,160,98,1725.8,253,145,79,2303
0,40,3,0,173,108,1973.3,278,160,91,2571
1,22,4,0,143,69,1345.1,149,77,50,1354
1,22,2,0,154,58,1274.2,129.225,112,74,1631
0,24,3,1,170,99,1959.7,376,151,101,3017
1,42,4,0,155,88,1464.8,129.225,106,88,1733
0,22,2,0,161,42,1341.7,136,75,45,1249
0,16,3,1,176,79,1807.3,233,59,96,2032
0,22,3,0,171,65,1636.3,271,112,50,1982
0,30,3,0,158,91,1701.7,208,109,56,1772
0,43,3,1,170,65,1510.9,202,95,81,1917
1,22,2,0,171,48,1252.4,193,75,42,1450
1,22,2,0,156,78,1503.7,189,103,68,1780
0,23,2,0,167,87,1803.8,235,70,78,1922
1,37,3,0,155,80,1442.6,227,110,66,1942
1,41,3,0,163,50,1161.8,213,51.69,34.46,1369
1,37,3,0,141,96,1497.4,331,101,66,2322
0,28,3,0,154,111,1913.9,385,127,103,2975
1,18,3,2,146,73,1448.9,133,92,61,1449
1,24,3,0,157,95,1617.2,260,94,73,2073
0,31,3,0,158,88,1707.5,231,148,75,2191
0,22,2,4,180,82,1815.9,212,79,92,1992
0,23,2,4,176,66,1646,182,95,75,1783
0,21,2,1,170,67,1654.8,191,114,67,1823
0,28,2,0,166,49,1366.5,173,56,47,1339
1,24,2,0,137,50,1126.8,129.225,83,54,1335
1,40,3,0,143,84,1330.7,261,106,53,1945
1,24,4,0,163,43,1145.8,153,52,36,1144
0,29,3,3,164,100,1860.2,301,153,90,2626
0,22,3,0,169,52,1425.8,234,61,50,1630
0,21,3,0,163,60,1554.9,250,84,54,1822
0,26,3,3,168,118,2102.5,228,138,98,2346
0,22,3,0,169,87,1817.7,192,94,67,1747
0,22,2,0,173,100,2009.3,359,160,63,2643
1,56,3,0,140,109,1571.3,260,152,81,2377
1,21,3,2,154,43,1114.1,153,51.69,38,1161
0,17,3,4,167,55,1538.5,184,75,64,1612
0,47,3,0,173,56,1387.2,201,95,37,1517
0,40,3,4,166,119,2050.5,386,132,103,2999
0,23,3,0,161,71,1638.7,310,82,53,2045
0,26,3,0,163,115,2105.7,289,162,108,2776
1,52,2,0,152,79,1329.1,248,93,48,1796
0,21,3,0,166,40,1359.7,150,64,53,1333
1,21,2,1,157,66,1347.2,164,74,50,1402
0,20,3,0,160,44,1324.7,198,77,41,1469
1,27,4,0,161,91,1603.1,266,134,76,2284
1,37,4,0,143,89,1422.5,301,105,61,2173
0,23,3,1,173,56,1524.3,260,97,39,1779
0,25,3,2,157,104,1881.8,339,123,104,2784
0,45,3,0,159,56,1359.9,197,103,41,1569
1,22,3,0,164,47,1224.5,184,68,34.46,1318
1,24,2,1,155,61,1308.1,237,52,42,1534
1,24,3,0,153,68,1350.4,268,117,58,2062
1,24,3,0,154,40,1064.6,129.225,52,34.46,1035
1,59,3,0,156,77,1257.4,217,73,62,1718
0,24,3,0,174,74,1779.5,259,125,63,2103
0,30,2,1,174,98,1966.1,393,157,79,2911
0,19,2,0,174,81,1816.9,261,103,72,2104
0,40,3,0,167,115,1966.7,365,147,88,2840
0,26,3,0,170,51,1463.4,257,67,35,1611
0,20,3,0,170,61,1524.2,264,51.69,50,1713
0,21,2,1,164,69,1603.8,263,80,43,1759
0,23,2,0,163,83,1771.7,257,141,92,2420
0,19,4,1,179,68,1701,262,108,53,1957
1,23,3,2,160,64,1330.8,218,71,43,1543
1,23,3,0,144,88,1517.9,285,124,60,2176
1,42,4,0,140,77,1264.2,230,103,53,1809
0,30,3,1,173,93,1901.6,206,128,55,1831
0,22,3,0,170,51,1455.3,174,94,43,1459
1,50,4,0,157,84,1395.8,244,96,84,2116
1,38,3,0,142,92,1441.8,331,111,97,2641
0,24,3,0,157,102,1875.3,369,140,101,2945
1,29,3,0,157,77,1446.9,239,112,60,1944
0,28,3,0,167,60,1528.9,282,103,67,2143
1,24,3,0,134,86,1351.2,239,66,75,1895
1,41,2,0,164,107,1755.9,239,156,65,2165
1,22,3,0,162,80,1545.2,291,109,37,1933
1,28,3,4,151,97,1639.9,296,126,34.46,1998
1,16,3,0,166,92,1743.6,229,104,42,1710
0,22,4,1,162,66,1581.9,205,116,50,1734
0,24,3,0,181,68,1698,216,112,64,1888
0,49,3,4,170,49,1292.4,178,62,39,1311
1,27,3,4,145,93,1567.3,315,66,66,2118
0,21,4,4,157,75,1604,206,112,70,1902
1,46,4,0,146,73,1269.3,207,68,34.46,1410
1,42,2,1,164,47,1124.1,129.225,68,36,1113
0,32,3,0,163,48,1312.9,158,77,35,1255
1,28,2,0,165,55,1287.2,171,58,35,1231
0,20,4,1,175,64,1578.5,276,65,73,2021
0,62,3,0,165,97,1741.9,305,121,78,2406
0,19,3,0,174,68,1779.4,212,133,46,1794
1,22,2,4,154,64,1330.4,178,85,53,1529
0,38,3,0,168,119,2070.8,381,152,102,3050
1,34,4,2,142,77,1330.9,215,90,52,1688
0,23,4,3,165,70,1653.5,189,95,74,1802
0,20,2,0,130,58,1300.3,180,79,46,1450
0,22,3,0,179,137,2372.8,227,172,115,2631
1,21,2,1,143,59,1205.4,218,86,42,1594
0,25,2,1,160,71,1582.3,249,87,63,1911
0,33,4,0,172,104,2012.3,306,107,104,2588
0,30,3,0,166,58,1448.4,208,96,41,1585
0,36,3,0,169,50,1395.2,200,65,60,1600
0,18,3,2,165,48,1401.6,155,83,66,1546
0,23,4,0,176,110,2060.3,344,122,102,2782
1,24,3,2,162,60,1365.5,209,92,55,1699
0,17,2,0,164,78,1665.8,353,90,40,2132
0,23,3,2,165,65,1593.7,217,87,74,1882
1,22,3,3,168,56,1329.3,129.225,81,57,1354
1,24,3,0,163,46,1176.8,156,54,38,1182
1,27,4,0,177,101,1836.8,397,94,64,2540
0,24,4,0,168,102,1950.4,345,155,98,2882
0,24,3,0,165,48,1389.1,164,60,58,1418
1,26,3,0,150,75,1373.1,190,96,46,1558
0,33,3,0,168,51,1449.9,171,79,42,1378
0,25,3,0,168,116,2121.8,388,155,104,3108
0,22,3,4,173,74,1693.1,138,149,72,1796
1,21,3,0,130,48,1032.6,130,62,37,1101
1,23,3,0,163,68,1389.1,225,71,48,1616
0,26,3,1,172,87,1789.6,404,74,42,2290
1,21,3,2,160,52,1295,149,68,38,1210
0,24,3,1,168,93,1877,368,131,69,2617
0,24,3,4,177,60,1605,187,86,39,1443
0,48,3,0,166,54,1326.5,226,92,52,1740
1,22,2,0,151,61,1300.8,208,66,46,1510
1,58,3,0,144,73,1145.6,208,83,59,1695
0,22,3,0,165,109,2051.6,287,135,84,2444
0,24,3,2,179,91,1942.2,387,87,55,2391
1,24,3,3,151,68,1352.4,236,70,46,1638
0,28,4,0,176,122,2216.2,268,131,109,2577
0,26,3,0,168,117,2134,377,151,74,2778
1,20,2,0,165,78,1515.7,182,111,73,1829
0,24,2,4,174,80,1738.8,225,116,91,2183
0,23,3,0,166,47,1438.7,171,84,51,1479
1,32,2,0,151,73,1323.4,181,104,44,1536
0,21,3,0,168,112,2072.9,332,141,91,2711
1,23,2,0,139,54,1167.6,156,52,57,1345
1,25,3,0,144,93,1571.1,168,68,80,1664
1,25,3,0,153,87,1583.2,253,88,53,1841
0,23,3,0,162,93,1860,403,96,39,2347
0,21,4,1,178,85,1888.4,321,131,53,2285
0,22,3,0,158,120,2126.1,263,164,78,2410
1,57,3,4,157,54,1053.8,198,54,37,1341
1,28,3,0,152,58,1203.2,252,63,59,1791
0,21,2,1,170,68,1616.2,298,111,60,2176
0,22,2,0,179,73,1701.8,299,154,37,2145
0,22,3,0,168,61,1537.8,178,115,51,1631
0,18,4,0,183,81,1856.4,273,95,59,2003
0,15,3,4,173,80,1816.9,238,117,60,1960
1,23,3,1,150,60,1264.7,137,77,36,1180
0,22,2,1,168,90,1843,305,119,87,2479
0,25,3,0,169,117,2106.8,387,104,103,2891
0,32,3,0,170,51,1439.7,181,82,63,1619
0,20,3,0,154,99,1801,337,126,64,2428
0,25,2,1,162,84,1768.8,252,90,87,2151
1,18,3,0,145,72,1401.1,276,98,59,2027
1,19,4,2,165,76,1498.4,160,132,58,1690
1,26,3,0,176,133,2187.6,396,158,70,2846
0,46,3,1,170,66,1463.8,241,110,64,1980
0,32,3,0,164,51,1381.6,194,82,42,1482
0,21,2,1,167,91,1834.7,281,157,89,2553
1,20,3,2,161,47,1218.2,140,74,39,1207
1,25,2,3,157,60,1309.2,163,64,36,1232
0,23,2,1,171,100,1972.6,225,141,77,2157
0,22,3,0,165,43,1317.6,180,68,34.46,1302
1,46,2,0,163,67,1270.6,198,93,51,1623
0,19,2,0,173,80,1748.8,326,113,49,2197
0,19,2,0,173,81,1804.3,254,143,86,2362
0,33,3,0,166,52,1398.9,157,97,46,1430
0,22,3,0,178,105,2042.6,324,158,79,2639
1,58,3,4,158,55,1079.1,198,51.69,34.46,1309
1,57,2,0,152,71,1246.3,181,74,55,1515
0,30,3,1,171,92,1812.2,331,114,82,2518
1,28,3,3,145,84,1456.1,237,94,75,1999
0,27,2,1,161,84,1723.7,317,122,70,2386
1,19,3,0,164,84,1624,185,122,64,1804
0,24,3,2,168,67,1584.5,282,108,36,1884
0,58,3,0,166,48,1255.3,187,62,48,1428
0,50,3,0,166,51,1275.7,190,75,34.46,1370
0,31,3,0,169,93,1787.1,306,119,99,2591
1,38,3,1,152,82,1417.8,241,124,58,1982
0,27,3,4,158,84,1715.2,246,91,72,1996
0,28,2,1,168,98,1859.1,286,139,82,2438
1,60,2,4,154,79,1328.8,215,127,50,1818
0,21,2,0,168,60,1543.3,227,84,59,1775
1,21,2,0,156,54,1246.6,179,54,46,1346
1,22,2,0,169,48,1279,149,57,40,1184
0,43,4,0,159,69,1501.3,217,100,77,1961
1,21,4,0,167,99,1814.1,329,95,83,2443
1,36,2,2,157,79,1390,230,97,51,1767
0,25,4,0,169,76,1704.2,311,122,53,2209
0,20,2,0,176,59,1592.8,190,79,61,1625
1,36,2,0,153,65,1286.3,161,77,53,1429
1,23,2,0,163,76,1511.8,199,78,78,1810
0,22,3,3,175,61,1594.6,316,86,35,1923
0,25,3,0,163,120,2089.7,398,159,97,3101
0,25,3,0,167,105,1966.5,289,105,92,2404
0,19,3,0,157,39,1295.4,145,51.69,38,1129
0,33,3,0,165,98,1866.9,339,122,71,2483
0,22,4,0,174,77,1712.7,270,78,37,1725
1,30,3,0,145,87,1425.2,204,84,72,1800
0,22,3,0,170,76,1657.3,218,106,71,1935
0,29,3,1,175,108,1994.3,391,127,86,2846
1,25,3,0,156,45,1144.3,164,51.69,44,1259
1,22,2,0,129,40,906.9,129.225,56,34.46,1051
0,28,4,4,177,72,1671.9,191,134,49,1741
0,28,4,4,163,104,1928.1,241,111,99,2299
1,23,2,2,160,74,1473.2,221,60,67,1727
0,24,2,0,170,77,1735.7,194,143,79,2059
1,49,3,0,156,109,1646.8,265,95,67,2043
0,33,4,0,160,96,1792.1,366,112,75,2587
0,23,3,3,168,62,1629.6,210,51.69,63,1614
1,23,3,0,139,75,1303.9,183,85,60,1612
1,39,2,1,152,64,1196.5,200,85,55,1635
1,23,3,3,136,72,1274,153,107,50,1490
1,19,4,3,136,71,1341.1,196,84,46,1534
1,19,4,2,165,83,1584.6,274,72,65,1969
0,22,2,1,171,57,1549.9,187,60,57,1501
1,52,4,0,151,68,1233.1,246,74,40,1640
1,21,3,1,174,59,1428.8,199,65,60,1596
0,52,4,0,167,50,1311.8,226,61,36,1472
1,43,2,1,140,50,981.6,129.225,64,42,1151
0,26,3,1,163,90,1799.6,288,108,59,2115
0,29,4,1,183,110,2069.4,379,141,81,2809
0,24,3,0,164,120,2072.7,286,128,90,2466
1,29,3,3,162,78,1476.7,206,94,89,2001
0,24,2,0,162,42,1281.5,153,52,39,1171
1,23,3,2,162,65,1376.1,165,64,47,1339
1,35,3,0,144,99,1622.9,205,164,49,1917
1,20,3,0,160,51,1195.4,156,77,41,1301
0,40,3,0,160,109,1861.7,304,156,53,2317
0,23,2,0,164,45,1385.7,139,68,51,1287
0,34,2,0,153,58,1385.6,166,104,47,1503
0,23,4,0,171,90,1883.1,268,125,95,2427
1,35,2,0,165,59,1252.3,215,80,57,1693
0,34,4,0,152,84,1663.1,315,69,78,2238
1,25,3,0,159,46,1181.2,173,57,34.46,1230
0,25,3,0,170,52,1444,139,85,56,1400
0,26,3,0,164,97,1887.1,136,184.419,70,1912
0,20,2,3,164,44,1330.6,165,58,37,1225
1,46,2,1,143,58,1065.8,174,71,43,1367
0,55,3,0,173,55,1290.7,217,84,41,1573
0,52,3,0,166,51,1267.1,226,106,46,1742
0,21,2,4,179,81,1829.2,273,121,64,2152
0,28,3,0,172,63,1597.3,229,114,54,1858
1,27,3,4,151,96,1593.9,222,117,95,2211
0,22,2,0,162,90,1765,289,96,68,2152
0,30,3,0,172,52,1433.7,153,84,54,1434
1,28,3,3,157,69,1383.6,206,86,53,1645
1,21,4,0,157,54,1234,210,98,40,1592
0,22,3,0,163,110,1972.1,365,146,97,2917
1,23,3,0,160,41,1111.7,154,53,36,1152
1,50,3,1,167,47,1125.7,147,51.69,41,1164
0,23,2,4,168,87,1815.7,387,126,78,2754
1,23,3,0,135,85,1383.4,259,72,58,1846
0,22,3,3,168,46,1386.5,133,66,62,1354
0,24,3,0,160,43,1295.6,135,62,49,1229
0,25,3,0,155,112,1969.8,381,132,102,2970
0,20,3,0,170,122,2192.5,395,158,105,3157
0,29,3,0,168,49,1367.3,166,76,53,1445
0,21,4,1,171,53,1435.1,164,98,56,1552
1,21,2,4,162,48,1188.5,171,66,46,1362
0,22,2,2,167,66,1566.3,252,85,75,2023
0,25,3,3,169,52,1397.9,133,63,45,1189
0,25,4,0,172,102,1981,376,150,54,2590
1,45,3,0,143,108,1612,234,145,68,2128
0,47,3,0,163,103,1779.5,259,165,66,2290
1,34,3,0,151,78,1408.1,207,104,56,1748
1,23,3,2,160,78,1529,308,79,37,1881
1,22,3,0,163,44,1250.6,138,56,37,1109
1,21,2,0,135,45,981.4,151,57,47,1255
0,27,3,0,174,103,1978.9,302,84,107,2507
0,21,3,0,166,79,1764.2,277,128,46,2034
0,27,3,0,168,53,1430.6,164,106,50,1530
1,20,3,0,168,82,1621.9,257,102,73,2093
1,24,2,1,153,63,1332.5,138,82,47,1303
1,27,2,0,144,94,1597.8,195,77,55,1583
1,44,3,1,163,46,1117.5,138,72,37,1173
0,25,2,0,173,90,1837.6,290,146,64,2320
0,19,2,3,185,74,1753.6,353,116,42,2254
0,50,3,2,163,59,1402.9,242,101,62,1930
1,18,3,1,163,47,1244.4,135,61,51,1243
0,23,2,0,169,85,1828.8,313,127,88,2552
0,16,3,1,170,109,2027.2,354,125,88,2708
0,28,2,0,166,48,1342.6,135,75,40,1200
1,21,3,0,162,45,1245,213,52,35,1375
0,26,3,0,160,103,1883.2,342,120,68,2460
0,23,3,0,168,66,1564.8,262,79,60,1904
0,21,3,0,174,94,1896.6,310,128,100,2652
0,26,3,0,177,90,1944.2,300,122,53,2165
0,21,3,0,174,80,1814,292,114,56,2128
1,20,3,4,162,53,1335.8,188,69,35,1343
0,23,4,0,183,84,1813,268,101,74,2142
1,23,3,0,154,77,1432.3,233,78,54,1730
0,17,3,0,169,71,1715.5,255,124,76,2200
1,20,4,1,156,78,1497.1,239,96,56,1844
0,21,3,1,164,58,1437.6,228,83,53,1721
1,42,4,0,140,79,1334.7,207,55,58,1570
0,26,4,1,164,84,1712,338,127,51,2319
0,26,4,3,172,76,1717.3,273,86,51,1895
0,25,3,0,167,126,2178.1,385,154,103,3083
1,24,3,0,151,74,1390.5,260,84,53,1853
0,24,3,0,164,50,1378.1,137,83,58,1402
1,19,4,0,155,65,1407.6,199,93,40,1528
0,22,2,0,185,95,2004.9,325,122,85,2553
1,23,3,0,160,60,1308.3,175,70,47,1403
0,24,3,0,162,46,1377.8,199,52,51,1463
0,16,2,0,164,95,1911.4,323,154,78,2610
0,22,3,0,165,108,2004.5,328,118,105,2729
1,22,3,1,160,55,1275.8,189,72,42,1422
1,20,2,0,163,57,1336.5,192,51.69,55,1470
1,27,3,0,152,54,1218.8,135,54,52,1224
0,19,3,1,165,64,1566.5,228,135,68,2064
0,26,2,0,174,74,1749.4,290,127,62,2226
0,22,4,1,177,77,1765.3,398,84,56,2432
0,20,3,1,180,79,1812.9,178,120,61,1741
0,31,2,0,181,91,1925.6,288,106,57,2089
0,24,3,0,171,53,1480.6,166,65,52,1392
1,26,3,0,144,92,1596.4,359,100,61,2385
1,21,4,0,165,80,1547.9,236,119,71,2059
0,26,3,0,169,47,1418.5,196,57,43,1399
1,23,2,1,155,61,1361.5,210,53,47,1475
1,45,3,0,158,46,1076.6,157,60,34.46,1178
1,50,3,0,145,104,1544.4,353,123,94,2750
1,31,2,0,156,72,1370.6,243,76,68,1888
0,28,3,1,178,126,2224.1,402,162,76,2940
1,24,3,3,141,56,1132.9,214,67,37,1457
0,23,3,0,166,45,1379.3,163,57,35,1195
1,51,3,0,151,83,1331.4,242,100,34.46,1678
0,25,4,0,162,96,1826.9,339,144,54,2418
0,23,3,0,156,119,2081.4,363,109,92,2716
0,47,3,0,174,56,1422.2,236,86,50,1738
1,22,3,0,152,75,1404.2,208,94,69,1829
0,56,3,0,174,55,1384.3,214,95,47,1659
1,22,2,1,165,82,1523.9,256,97,58,1934
1,32,4,0,154,44,1115.8,136,60,48,1216
1,20,3,1,160,60,1313.5,178,57,37,1273
1,37,3,0,156,40,1033.7,135,52,34.46,1058
0,46,3,0,168,53,1378.9,196,65,53,1521
1,22,3,3,168,55,1313.3,169,60,40,1276
0,35,3,0,159,95,1783.9,364,108,76,2572
1,24,3,1,149,60,1273.9,169,90,58,1558
0,26,3,0,170,122,2148.7,285,159,99,2667
0,23,3,0,185,86,1880.7,206,122,83,2059
0,30,3,1,176,107,2001.7,247,132,106,2470
0,32,4,0,151,89,1678.7,132,160,68,1780
1,27,2,0,168,56,1314.8,196,71,47,1491
0,27,3,0,162,107,1944.5,387,108,81,2709
1,49,2,0,151,63,1136.7,193,51.69,61,1528
1,47,3,0,161,46,1128.2,172,51.69,36,1219
0,23,4,3,171,74,1731.1,341,87,57,2225
1,25,4,0,160,96,1661.1,269,129,97,2465
0,23,4,2,179,92,1954.4,326,93,94,2522
0,42,4,1,179,89,1806.7,273,149,75,2363
0,24,3,1,167,65,1626.7,229,76,67,1823
1,21,3,0,162,60,1320.4,208,68,55,1599
0,23,3,0,164,46,1398.1,143,64,60,1368
0,25,3,0,165,87,1761.3,272,88,63,2007
0,24,3,0,181,87,1904.6,240,63,87,1995
0,31,3,4,165,76,1631.2,260,94,79,2127
0,22,3,4,168,80,1760,324,92,83,2411
0,25,3,0,168,56,1476.6,222,74,64,1760
1,26,3,4,152,50,1197.3,163,72,50,1390
1,39,3,0,162,46,1134.4,129.225,54,49,1174
1,31,3,0,159,46,1169.8,148,59,43,1215
1,21,2,1,160,67,1399.6,241,64,67,1823
1,41,3,0,154,100,1645.4,377,104,80,2644
1,42,2,1,136,75,1242.2,253,51.69,57,1732
0,22,3,0,164,73,1669.2,285,72,61,1977
0,51,3,0,157,90,1632.2,378,119,67,2591
0,21,4,0,156,98,1864.5,388,110,64,2568
0,23,3,3,181,86,1913.5,327,153,66,2514
0,21,2,4,167,62,1535.4,258,81,63,1923
0,23,4,3,174,71,1713.1,202,98,87,1983
0,24,2,4,180,78,1831.5,253,125,69,2133
0,21,3,0,165,106,2000.6,307,108,110,2650
0,23,4,1,180,68,1659.4,267,89,79,2135
0,26,4,0,171,49,1443.6,143,85,53,1389
0,27,3,0,170,78,1712.8,240,84,62,1854
0,25,3,0,174,51,1479.2,174,73,64,1564
1,27,3,0,145,87,1495.4,307,72,65,2101
0,23,3,0,178,93,1912.9,332,112,83,2523
0,28,4,0,170,105,2055.5,276,123,102,2514
0,45,2,0,169,98,1812.9,377,115,79,2679
0,21,2,0,165,77,1673.2,173,112,49,1581
0,23,3,1,177,96,1960.4,334,109,84,2528
0,25,2,0,168,77,1695.1,265,117,70,2158
0,18,2,3,176,82,1774,257,96,77,2105
1,23,2,0,153,45,1133,135,54,43,1143
1,17,3,0,162,47,1239.6,177,51.69,38,1257
1,33,3,0,155,100,1619.2,344,129,75,2567
0,29,4,0,169,52,1451.2,201,85,59,1675
0,26,4,1,156,87,1703.3,218,100,77,1965
1,35,3,3,164,68,1292.8,240,75,47,1683
0,22,3,0,168,113,2088.3,395,123,86,2846
0,25,3,0,163,100,1972.4,266,125,104,2500
1,20,3,1,155,65,1364.9,202,94,57,1697
0,25,3,1,172,101,1961.4,382,160,52,2636
0,22,2,0,167,59,1496.7,229,92,49,1725
1,20,3,0,163,86,1631.2,215,87,81,1937
0,18,3,1,169,71,1659,206,148,62,1974
1,24,4,0,162,91,1697.4,301,73,51,1955
0,25,4,2,156,70,1549.6,168,103,55,1579
0,18,4,4,170,54,1548.8,146,79,72,1548
1,21,3,0,145,66,1330.8,201,72,35,1407
0,33,3,2,176,105,2017.7,347,152,89,2797
1,19,3,1,161,55,1303.9,214,86,41,1569
1,30,3,0,142,100,1556.3,255,117,69,2109
1,48,2,0,164,46,1088.1,153,76,35,1231
1,45,3,0,149,92,1524.6,218,142,66,2034
0,33,3,0,157,87,1650.7,170,108,71,1751
0,21,3,0,163,42,1384.2,158,55,36,1176
0,25,2,1,164,90,1805.5,314,121,85,2505
1,20,3,2,153,42,1084.9,138,55,37,1105
1,31,2,0,167,81,1523,229,108,71,1987
0,40,3,0,158,92,1679.8,326,84,68,2252
0,20,2,0,166,55,1537.3,238,121,35,1751
0,16,3,4,171,78,1723.4,362,96,60,2372
0,24,2,0,164,107,1956.7,328,153,71,2563
0,24,3,0,156,113,1982.2,374,150,71,2735
1,24,3,0,145,89,1515.1,197,149,55,1879
1,27,2,0,139,72,1295.6,267,88,79,2131
0,25,3,0,170,49,1431.1,149,60,46,1250
1,15,2,0,157,55,1318.6,196,80,41,1473
0,21,3,1,166,104,1940.3,336,142,104,2848
1,22,3,3,158,76,1504.7,303,96,57,2109
0,29,3,1,165,83,1756.9,360,117,97,2781
1,40,3,2,142,99,1502.6,279,83,51,1907
1,24,2,1,156,61,1270.5,304,95,34.46,1906
1,22,3,4,155,48,1154.6,200,71,40,1444
0,23,3,3,171,100,1920,284,132,64,2240
0,25,3,3,170,58,1552.4,194,71,81,1789
0,28,3,0,158,88,1698.1,219,124,99,2263
0,26,3,0,170,120,2133.1,282,132,102,2574
0,33,3,0,170,51,1388.6,140,111,38,1346
1,20,2,4,156,59,1332.3,146,60,47,1247
0,20,3,1,185,99,2035,235,110,107,2343
1,23,4,0,162,92,1631.3,321,119,46,2174
0,21,2,0,182,94,1976.1,189,108,85,1953
0,22,2,0,177,78,1775,322,89,75,2319
1,35,3,0,156,72,1302.3,217,87,68,1828
0,35,2,0,149,56,1322.2,152,93,47,1403
1,28,2,0,137,55,1111.3,161,66,34.46,1218
1,25,3,1,154,56,1243.9,207,81,44,1548
1,48,2,4,145,60,1159.2,168,74,46,1382
1,21,3,2,152,43,1143.1,129.225,51.69,44,1120
0,27,3,0,152,85,1713.6,287,126,55,2147
0,26,3,2,175,86,1817.7,208,91,75,1871
0,27,3,0,164,102,1889.3,334,126,65,2425
1,61,4,0,155,60,1083.3,218,72,59,1691
1,23,2,4,157,71,1446.2,239,99,65,1937
0,20,4,0,184,80,1852.5,297,98,67,2183
0,26,3,3,164,72,1613.9,267,80,61,1937
0,28,3,0,171,55,1478,168,75,70,1602
0,20,2,0,163,67,1569,266,132,62,2150
0,20,3,0,176,56,1507.2,217,63,50,1570
1,18,3,0,163,49,1241.5,178,52,40,1280
1,51,3,0,165,111,1753.8,377,110,72,2596
1,40,2,2,165,48,1193.2,136,94,39,1271
1,18,3,2,164,50,1299.6,187,88,35,1415
0,25,3,2,164,111,1976.8,252,147,85,2361
1,21,3,0,151,70,1397.1,191,79,60,1620
0,24,3,0,164,108,1989.2,336,126,69,2469
0,34,3,0,168,46,1291.2,140,76,60,1404
0,22,2,0,147,58,1398.6,250,75,64,1876
1,48,2,0,158,68,1265.4,168,112,45,1525
0,23,3,0,172,50,1464.8,212,54,49,1505
1,22,3,0,149,38,1083.5,160,51.69,34.46,1157
0,19,3,0,169,106,2038.7,360,73,80,2452
1,21,3,2,153,42,1133.1,201,51.69,34.46,1321
1,22,3,0,159,60,1342.8,240,76,41,1633
0,22,3,0,175,61,1575.5,213,82,67,1783
0,23,4,0,170,70,1733.4,253,63,56,1768
0,22,4,4,179,90,1929.2,305,88,67,2175
1,21,3,0,163,46,1193.1,175,57,34.46,1238
0,24,3,1,166,65,1607.4,181,87,63,1639
0,26,3,1,168,88,1779.9,314,111,83,2447
1,19,3,0,151,53,1172.8,129.225,85,34.46,1167
1,32,2,0,154,68,1285,180,89,71,1715
0,20,3,0,168,113,2085.1,392,157,59,2727
1,22,3,0,143,97,1560.2,245,97,84,2124
1,21,2,0,162,56,1243.4,129.225,74,50,1263
0,25,2,0,181,79,1849.3,266,160,60,2244
0,22,3,0,158,107,1963.3,372,149,99,2975
1,21,3,1,160,51,1207.7,170,69,46,1370
1,26,4,0,161,88,1601,335,97,69,2349
1,49,3,3,145,92,1377.5,214,110,85,2061
0,25,4,0,162,97,1893,319,153,67,2491
1,21,3,0,163,44,1197.3,140,56,37,1117
0,27,2,0,170,95,1885.2,253,119,95,2343
0,25,3,0,160,74,1617,176,98,94,1942
1,25,2,0,160,75,1497.1,270,65,64,1916
0,30,4,0,163,102,1934.4,269,129,85,2357
1,19,3,0,162,47,1255,142,69,40,1204
0,23,2,0,169,50,1478.9,151,60,61,1393
0,24,4,3,176,74,1753.3,233,70,77,1905
0,62,3,0,165,96,1631.5,277,112,83,2303
1,22,3,0,157,77,1440.9,211,67,57,1625
0,21,3,0,173,85,1877.3,232,104,51,1803
1,22,4,0,169,100,1851.8,349,138,44,2344
1,21,4,0,168,42,1184.6,147,51.69,35,1110
1,34,4,2,165,71,1396,250,90,54,1846
0,26,4,1,182,111,2156.6,379,150,103,3043
0,20,3,1,169,84,1788.4,322,67,44,1952
1,21,3,0,165,64,1405.4,235,73,83,1979
0,26,3,0,174,82,1764.4,279,127,89,2425
0,63,3,4,165,57,1267.7,230,51.69,45,1532
0,35,2,0,151,56,1372.2,200,67,34.46,1378
0,26,2,0,167,98,1916,168,114,95,1983
0,47,3,0,172,55,1405.8,151,108,44,1432
0,23,3,0,168,61,1576,267,104,48,1916
0,22,4,1,176,65,1698.2,261,112,53,1969
0,21,3,4,168,58,1508.2,175,111,46,1558
1,21,3,1,144,90,1496.8,270,75,51,1839
1,58,2,0,141,70,1139.6,240,58,62,1750
1,27,4,4,157,97,1719.6,272,78,75,2075
0,23,3,0,164,114,2078,379,122,81,2733
1,22,3,0,153,80,1504.4,152,98,76,1684
0,20,2,4,180,83,1873.9,267,111,76,2196
0,25,4,3,163,65,1521,285,68,34.46,1722
0,21,3,1,165,54,1436.3,189,92,44,1520
0,23,3,0,178,90,1901.8,249,115,98,2338
0,48,3,0,160,89,1623.9,251,132,83,2279
0,19,2,0,165,78,1744.7,300,116,74,2330
0,25,3,1,173,78,1737.9,224,94,59,1803
0,23,2,0,178,85,1868.4,291,101,62,2126
0,33,3,0,165,50,1361.5,175,69,45,1381
0,22,3,0,179,74,1696,259,78,67,1951
0,21,3,0,170,111,2078.9,345,154,100,2896
0,29,3,0,165,46,1343.7,164,64,51,1371
0,25,3,1,159,105,1913,380,140,82,2818
0,61,3,0,166,95,1717.7,357,118,81,2629
0,23,2,2,167,67,1622.9,231,92,57,1805
0,20,2,0,179,64,1681.4,264,118,34.46,1838
0,25,4,1,170,70,1701.6,225,117,54,1854
1,41,3,0,159,108,1697.6,384,117,71,2643
1,35,3,0,140,85,1384.3,200,75,68,1712
0,24,3,0,167,115,2142.3,279,158,105,2693
0,26,3,0,169,67,1585.6,223,90,71,1891
0,26,4,0,161,90,1753.1,278,117,83,2327
1,22,3,0,152,56,1253.9,211,101,34.46,1558
0,22,3,0,164,94,1871.2,300,161,52,2312
0,34,4,0,159,88,1684.4,351,138,55,2451
0,41,3,0,164,100,1825.1,316,81,91,2407
0,25,3,0,171,113,2104.3,395,103,105,2937
1,23,4,0,170,56,1353.2,158,91,54,1482
0,21,2,0,155,43,1269.3,176,54,36,1244
1,24,4,1,155,43,1114.7,129.225,54,47,1156
1,21,2,0,155,75,1449.7,186,105,51,1623
0,28,3,0,168,119,2080.7,350,134,92,2764
1,20,4,0,141,86,1469,251,114,66,2054
0,23,2,4,182,74,1762.4,210,82,67,1771
1,17,2,0,166,54,1354.3,202,51.69,36,1339
1,30,3,4,151,41,1077.4,146,56,35,1123
0,49,3,0,172,110,1962.3,374,121,94,2826
1,35,3,2,151,81,1462.8,243,64,85,1993
0,20,4,0,172,80,1766.4,196,94,77,1853
0,24,3,0,171,66,1602.1,242,72,61,1805
0,23,3,0,157,113,2024.5,394,151,56,2684
1,20,4,1,164,57,1297.5,188,51.69,42,1337
0,20,2,0,162,44,1353,195,87,37,1461
0,21,2,0,170,71,1702.6,239,85,60,1836
0,23,3,2,181,66,1633.4,225,105,71,1959
1,29,3,0,169,63,1358.5,267,55,53,1765
1,49,3,0,153,83,1308.9,222,69,72,1812
0,32,3,0,155,86,1653.1,290,127,64,2244
0,23,3,0,179,103,2052.6,286,115,106,2558
0,26,4,1,179,135,2373.9,399,160,106,3190
0,28,3,0,153,79,1561.3,234,116,83,2147
0,22,3,0,167,53,1449.6,173,54,53,1385
0,22,2,0,165,66,1588.4,213,61,46,1510
0,20,3,0,176,65,1643.5,147,103,63,1567
0,24,2,0,162,51,1428.8,153,89,61,1517
0,26,2,0,168,97,1917.3,359,141,66,2594
0,25,4,0,179,126,2287.4,354,131,108,2912
0,22,2,1,172,100,1962.3,319,118,52,2216
0,27,4,1,173,89,1814.7,353,135,95,2807
0,22,3,0,176,80,1786.5,175,103,90,1922
1,25,3,0,143,94,1553.3,251,66,73,1925
0,23,2,4,165,65,1565.8,228,97,66,1894
1,31,2,0,157,75,1463.8,250,99,46,1810
1,24,3,0,164,65,1378.8,224,65,64,1732
1,21,3,0,157,75,1461.6,226,83,80,1956
0,23,3,0,161,119,2077.4,396,139,82,2878
0,22,3,0,179,70,1645.7,223,71,81,1905
0,22,3,0,178,73,1717.3,190,112,75,1883
0,27,4,0,168,106,2005.6,359,146,97,2893
0,26,2,0,168,68,1606,170,80,64,1576
1,24,3,1,160,49,1204.3,142,73,40,1220
0,23,3,4,161,40,1257.5,176,51.69,38,1253
1,47,3,0,162,99,1612.3,288,86,87,2279
1,26,4,0,150,84,1441.6,249,100,75,2071
0,24,2,0,164,48,1363.9,182,72,46,1430
1,37,3,0,151,64,1200.7,208,71,44,1512
1,23,2,0,170,55,1322.5,185,58,41,1341
1,21,2,0,162,57,1323.1,229,51.69,40,1483
0,25,2,4,167,96,1874.9,295,158,60,2352
0,33,2,0,170,64,1563.9,254,81,59,1871
0,31,4,0,164,84,1723.2,239,143,45,1933
0,22,3,3,167,72,1639.8,226,70,55,1679
0,23,4,1,178,85,1872.9,286,116,92,2436
1,37,3,0,159,42,1081.2,139,65,45,1221
0,23,3,0,164,108,1952.8,337,128,104,2796
1,30,2,0,165,113,1811.4,314,112,88,2496
0,25,2,0,170,65,1602,340,51.69,46,1981
0,23,3,0,157,118,1990.8,391,156,69,2809
1,24,3,2,166,68,1410.6,167,79,46,1398
0,54,3,2,160,70,1452.5,207,95,49,1649
0,24,3,0,167,76,1679.7,231,122,70,2042
1,22,2,2,158,68,1368.5,168,82,34.46,1310
1,22,2,1,162,47,1158.6,183,74,34.46,1338
0,22,3,0,164,39,1322.2,169,56,39,1251
0,27,4,0,156,88,1769,209,144,91,2231
0,21,4,3,175,69,1662,197,85,78,1830
1,23,3,0,158,49,1206.1,129.225,56,56,1245
0,20,2,1,161,77,1643.9,284,60,54,1862
0,28,3,0,170,110,1996.9,308,115,85,2457
0,21,3,2,167,65,1619.7,237,73,60,1780
1,47,3,0,140,70,1159.9,243,51.69,62,1737
0,21,3,0,164,55,1481.3,155,98,68,1624
1,33,2,0,143,96,1542.3,266,98,75,2131
0,22,3,0,163,111,2050.3,382,153,102,3058
1,20,4,2,164,80,1602.9,233,112,50,1830
0,26,2,4,174,76,1688.2,289,102,62,2122
0,21,3,1,167,91,1864.6,273,135,79,2343
1,21,2,0,155,55,1256.8,207,61,62,1630
0,29,3,1,176,107,2022.3,313,152,102,2778
0,33,3,2,168,52,1400.2,153,69,64,1464
0,30,3,0,172,97,1893.1,379,96,101,2809
0,28,4,0,176,122,2163.1,381,139,102,2998
1,27,3,0,141,91,1451.2,204,105,69,1857
1,22,3,0,142,83,1456.2,204,83,75,1823
0,22,2,0,167,72,1697.3,311,76,42,1926
0,20,2,0,154,43,1335.4,176,75,34.46,1314
1,24,2,0,160,68,1381.7,233,61,48,1608
1,43,4,0,137,72,1249,203,103,44,1620
0,21,2,4,166,72,1632.4,177,59,68,1556
0,23,2,2,162,88,1825.1,294,108,57,2121
0,23,3,0,172,70,1665.4,300,131,69,2345
0,21,3,0,160,115,2032.3,375,115,100,2860
1,30,3,0,174,68,1447.2,243,77,47,1703
1,42,3,0,157,106,1664,203,149,58,1930
1,19,3,1,158,52,1255.1,208,74,38,1470
0,45,3,0,155,90,1629,362,91,76,2496
1,21,3,0,156,91,1636.9,249,85,80,2056
0,16,4,0,174,75,1759,166,136,59,1739
0,26,2,0,164,44,1381.2,155,62,53,1345
1,24,3,0,159,65,1329.4,227,59,48,1576
1,40,3,0,143,82,1348.6,263,103,45,1869
0,22,2,2,169,81,1697.1,297,97,73,2233
0,23,3,2,168,63,1581.3,177,101,58,1634
0,25,3,2,165,79,1657.4,207,87,53,1653
0,23,3,0,183,110,2142.6,404,104,77,2725
1,22,4,0,154,86,1523.3,244,112,93,2261
0,32,3,0,155,94,1717,316,86,67,2211
0,21,4,0,167,62,1553.4,207,95,51,1667
0,36,3,0,156,119,2007.1,353,95,106,2746
0,29,3,0,172,104,1988.5,262,128,109,2541
0,55,2,0,165,87,1625.1,271,97,90,2282
0,24,3,2,169,70,1653.5,259,70,59,1847
0,25,2,4,183,80,1809.1,249,121,86,2254
0,25,3,0,156,118,2055.1,350,101,101,2713
1,22,4,0,160,65,1368.7,182,64,42,1362
1,46,3,0,143,110,1600.4,343,132,38,2242
0,18,2,1,162,69,1621.7,129.225,105,70,1567
1,21,3,2,164,81,1612.7,195,99,73,1833
1,22,3,3,160,89,1565.7,165,118,58,1654
0,22,3,0,169,76,1677.8,190,117,79,1939
0,24,2,1,165,70,1613.5,207,101,63,1799
0,23,3,0,163,114,2051.8,370,154,80,2816
0,27,3,0,167,67,1590.6,228,74,69,1829
1,23,2,0,157,66,1370.4,192,102,39,1527
0,23,3,0,157,111,1957.7,361,144,100,2920
1,20,2,0,156,57,1251,186,72,50,1482
0,34,2,0,171,65,1564.5,255,71,68,1916
1,25,4,0,159,59,1238.4,135,99,37,1269
0,23,2,1,164,87,1750.6,262,110,81,2217
0,21,2,1,157,69,1632,249,98,66,1982
1,38,3,0,141,77,1279.1,154,86,84,1716
0,19,3,0,159,48,1342.8,129.225,73,49,1250
0,15,3,1,167,73,1706.5,258,77,65,1925
1,25,3,2,162,87,1579.2,267,94,81,2173
0,23,3,0,158,121,2117,363,154,103,2995
0,27,3,0,169,94,1897.7,401,144,52,2648
1,20,2,0,161,83,1548,170,84,76,1700
0,23,4,0,167,61,1563.2,208,53,60,1584
1,24,2,0,156,70,1356.8,293,69,52,1916
0,25,2,0,170,67,1655.5,277,58,73,1997
1,37,2,0,155,77,1353.4,234,86,42,1658
1,26,2,0,167,94,1664.5,210,66,63,1671
0,22,2,0,161,67,1647.7,302,63,39,1811
0,22,3,0,182,136,2361,399,160,106,3190
0,22,2,0,165,63,1508.6,160,97,59,1559
0,19,3,0,173,54,1562.4,219,98,40,1628
0,22,4,4,168,70,1640,197,73,59,1611
0,22,3,1,159,114,2007.9,371,153,102,3014
1,23,2,0,151,53,1196.3,198,66,43,1443
1,22,3,0,155,43,1108.4,129.225,73,40,1169
0,25,3,0,159,44,1328.2,175,51.69,49,1348
1,23,4,0,156,85,1547.7,267,117,74,2202
1,26,4,4,180,72,1582.6,239,92,66,1918
1,18,3,0,168,43,1183,170,90,34.46,1350
0,21,4,1,161,58,1455.4,248,57,57,1733
0,21,4,1,175,96,1900,271,123,92,2404
1,35,3,0,143,79,1295.8,227,109,49,1785
0,24,3,0,165,52,1424.4,169,101,59,1611
1,21,3,4,161,45,1181.3,178,51.69,48,1351
0,27,2,3,168,86,1767.9,292,97,98,2438
0,20,4,0,184,95,2006.7,275,160,47,2163
0,21,2,2,174,57,1547.7,252,61,61,1801
0,21,4,0,166,76,1714.5,139,134,67,1695
1,58,2,0,155,70,1212.6,187,67,59,1547
1,38,3,0,141,82,1397.4,231,87,60,1812
0,28,3,0,172,81,1751.5,305,130,60,2280
0,25,4,0,147,81,1563.2,235,89,64,1872
1,52,4,0,152,69,1201,183,86,54,1562
1,21,3,0,160,90,1654.8,261,80,74,2030
1,26,3,0,158,74,1394.7,264,76,56,1864
0,24,3,2,166,61,1539.5,275,85,62,1998
1,22,4,4,142,72,1378.3,208,78,47,1567
0,24,4,0,176,91,1835.3,346,93,66,2350
1,44,4,0,135,72,1213.7,228,94,48,1720
1,22,3,0,148,38,999.4,129.225,52,34.46,1035
1,21,2,0,164,50,1262.2,156,72,36,1236
1,28,3,0,152,95,1592.5,308,64,80,2208
0,22,3,0,168,52,1484.3,219,57,67,1707
0,24,2,0,155,42,1279.9,187,60,37,1321
1,23,2,1,159,61,1265.4,256,83,55,1851
1,24,3,0,158,92,1691.6,286,113,63,2163
0,23,4,0,174,68,1694.1,199,102,71,1843
0,21,4,0,184,105,2095.6,274,114,79,2263
0,22,2,0,172,65,1623.6,132,75,77,1521
0,21,3,0,159,45,1355.3,242,51.69,48,1607
0,29,4,0,166,50,1401.8,204,75,55,1611
0,26,3,1,180,68,1663.4,265,51.69,59,1798
1,25,4,0,160,66,1404.2,231,66,58,1710
0,22,4,1,174,67,1669.8,175,82,62,1586
0,35,3,1,156,91,1663.6,328,146,71,2535
0,28,3,0,167,60,1524.5,208,88,65,1769
1,38,3,1,154,100,1609.2,314,126,67,2363
0,32,3,0,163,119,2034.7,382,153,91,2959
0,23,3,1,182,66,1678.4,253,79,69,1949
1,20,3,0,168,50,1259.4,149,70,46,1290
0,23,2,0,162,112,2032.8,355,148,104,2948
0,25,3,2,170,69,1610.8,202,77,92,1944
0,27,4,0,170,116,2061.6,310,114,109,2677
0,23,4,1,180,71,1778.5,229,62,56,1668
0,29,3,0,173,63,1544.8,238,97,56,1844
0,18,3,0,170,66,1625.3,260,102,66,2042
0,23,2,0,183,70,1752.2,257,85,90,2178
1,34,2,0,153,74,1300.2,222,82,50,1666
1,31,3,0,143,72,1272.9,273,77,49,1841
0,33,3,0,161,47,1314,231,65,42,1562
0,43,3,0,158,55,1342.2,165,81,66,1578
1,20,3,0,164,47,1201.5,129.225,62,38,1107
0,21,3,0,174,51,1484.7,156,54,52,1308
1,23,3,1,151,65,1293.3,213,73,61,1693
1,24,3,0,152,69,1394.4,213,77,62,1718
0,28,3,0,152,88,1711.5,288,105,55,2067
0,24,3,0,154,113,1984.1,377,143,100,2980
0,22,2,0,168,54,1462.6,196,76,37,1421
1,22,3,0,165,63,1437.1,208,89,63,1755
0,24,2,0,162,47,1343.4,153,89,46,1382
1,20,3,4,156,69,1378.6,182,89,58,1606
0,42,3,0,154,84,1606.7,134,142,81,1833
0,17,3,4,173,80,1832.6,228,112,84,2116
1,24,3,1,165,49,1219.3,137,58,42,1158
0,24,3,0,180,63,1627.4,137,77,65,1441
1,18,2,4,145,69,1341.2,175,109,69,1757
0,24,4,0,164,64,1564.2,241,81,64,1864
0,30,3,0,163,99,1881.4,332,116,83,2539
1,44,4,0,141,78,1227.9,196,99,62,1738
0,21,2,0,161,67,1581.8,180,84,73,1713
0,24,3,1,169,100,1988.4,387,151,83,2899
1,20,2,3,147,35,975.2,129.225,51.69,43,1111
1,18,3,0,159,86,1618.7,352,95,49,2229
0,23,2,0,165,76,1653.6,258,77,63,1907
1,29,3,0,174,65,1459.4,177,72,42,1374
0,30,2,1,171,96,1873,292,155,84,2544
0,15,3,0,165,80,1748,370,82,50,2258
1,36,4,2,164,71,1398.9,244,65,55,1731
0,20,2,1,168,70,1625.7,318,58,69,2125
0,27,3,0,168,50,1418.7,206,100,57,1737
0,22,2,0,168,91,1846.3,357,111,72,2520
1,40,2,1,163,48,1100.4,132,69,44,1200
0,22,3,1,163,82,1716.9,370,80,79,2511
0,21,3,0,157,121,2051.6,243,168,104,2580
1,21,2,1,154,66,1377.2,184,74,57,1545
0,22,3,0,173,102,1986.2,331,105,76,2428
1,35,3,0,131,68,1192.6,178,90,60,1612
0,29,3,0,156,107,1851.8,346,130,97,2777
0,23,3,0,159,114,2011.7,325,135,77,2533
1,24,3,2,171,75,1468.4,232,61,76,1856
1,33,2,0,155,101,1660.5,285,79,83,2203
1,22,3,0,152,78,1478.2,214,70,58,1658
1,25,3,1,151,48,1130.1,154,53,52,1296
0,47,3,2,170,90,1722.8,365,146,80,2764
0,20,2,1,164,68,1630.1,272,83,55,1915
0,26,3,0,167,112,2022.8,204,132,102,2262
1,22,2,1,142,58,1224.5,151,66,47,1291
1,23,3,0,168,47,1262.7,133,59,55,1263
1,19,4,0,152,64,1399.3,285,74,53,1913
1,42,3,0,140,70,1195.7,159,116,47,1523
0,21,3,1,175,73,1710.2,305,102,65,2213
0,23,4,0,167,68,1612.2,179,117,73,1841
1,26,2,0,159,54,1236.8,133,53,52,1212
0,49,4,2,155,89,1626.1,312,87,85,2361
0,23,2,0,158,75,1642.3,238,96,63,1903
0,25,4,3,178,112,2105.8,232,157,99,2447
0,23,3,0,172,70,1619.9,297,71,62,2030
1,22,3,0,157,45,1189.4,147,82,43,1303
0,22,4,0,163,45,1377.3,188,57,38,1322
0,18,3,0,167,111,2061,375,152,101,3017
1,20,3,0,145,88,1538.5,188,94,79,1839
0,22,3,0,185,73,1783.6,217,89,64,1800
0,34,3,0,162,113,2022.5,291,159,104,2736
1,21,3,0,165,61,1393.7,208,81,36,1480
0,22,2,1,172,67,1635.4,253,61,54,1742
0,22,3,0,165,87,1765.5,249,120,84,2232
0,23,3,0,163,91,1796.2,255,126,76,2208
1,44,3,0,145,102,1508.5,218,106,84,2052
1,22,2,0,162,44,1229.3,182,67,48,1428
0,20,3,0,155,101,1902.5,362,126,66,2546
0,23,3,2,183,67,1643.6,175,99,61,1645
0,20,3,0,168,76,1665.2,165,108,78,1794
1,25,3,0,158,85,1494.2,187,109,53,1661
0,46,2,0,188,105,2028,272,138,70,2270
1,22,3,4,161,54,1275.6,194,77,42,1462
0,24,4,0,182,110,2117,295,160,94,2666
0,39,3,0,168,53,1370.1,254,113,35,1783
1,27,2,0,158,77,1461.8,176,70,61,1533
1,49,3,0,155,106,1606.9,315,88,77,2305
1,25,2,0,158,49,1185.8,173,66,46,1370
0,26,3,4,172,55,1488.7,211,85,46,1598
0,20,2,0,160,43,1361.5,156,67,43,1279
1,21,3,4,165,51,1288.6,152,56,54,1318
0,50,3,0,166,51,1295.2,213,83,34.46,1494
1,32,3,0,142,82,1379.9,196,132,52,1780
0,31,3,0,169,95,1835.2,270,143,90,2462
0,27,3,4,176,97,1928.1,327,86,64,2228
1,31,2,0,151,60,1278.8,230,52,35,1443
1,27,4,4,154,86,1538.7,243,77,74,1946
0,21,3,4,168,46,1463.5,210,51.69,41,1416
0,22,4,0,177,85,1827,301,82,93,2369
0,25,2,4,183,78,1828.4,273,84,75,2103
0,23,3,1,173,99,1944.1,278,144,88,2480
1,28,3,1,170,55,1284.7,154,75,53,1393
1,21,4,0,154,66,1376.6,163,119,51,1587
0,33,2,0,170,65,1526.8,233,100,40,1692
0,23,3,2,179,62,1611.1,252,101,58,1934
1,25,2,0,166,61,1403.9,214,87,40,1564
1,23,3,0,156,48,1207,136,68,57,1329
0,24,3,1,164,68,1594,281,68,75,2071
1,23,2,0,172,79,1576.8,188,96,71,1775
1,43,3,1,156,111,1671.6,312,99,53,2121
1,20,3,3,157,81,1521,216,127,51,1831
1,36,3,0,141,95,1493.4,193,108,88,1996
1,23,2,4,160,80,1518.6,229,96,82,2038
0,30,3,0,173,54,1507.7,158,109,43,1455
0,23,4,0,174,110,2119.3,370,148,99,2963
1,34,3,0,142,95,1512.4,263,121,59,2067
1,22,3,1,168,65,1450.8,245,65,49,1681
0,29,3,0,171,52,1472.4,183,54,63,1515
1,25,3,0,157,86,1549.1,272,110,57,2041
0,31,4,0,164,99,1877.3,362,98,103,2767
1,32,3,0,143,80,1356.2,286,66,75,2083
1,57,2,1,140,58,990.9,151,90,49,1405
1,26,4,0,155,87,1560.8,274,115,63,2123
1,30,3,0,152,41,1044.9,157,52,35,1151
1,49,2,1,167,45,1079.6,188,56,34.46,1286
0,22,3,0,164,55,1410.7,203,77,47,1543
1,27,2,1,156,62,1331.5,129.225,52,68,1337
0,21,3,0,168,111,2031.7,309,123,109,2709
1,21,2,0,160,74,1451.9,186,59,46,1394
0,19,2,1,163,66,1633.7,241,90,57,1837
1,24,3,1,152,66,1360,152,115,51,1527
1,19,4,0,138,70,1317,231,93,55,1791
0,28,2,1,160,66,1523.7,174,91,66,1654
1,23,3,0,160,46,1189.2,147,56,44,1208
0,29,3,0,168,73,1638.9,189,117,102,2142
1,49,3,2,146,101,1496.8,213,148,96,2308
0,20,2,0,180,74,1783.1,274,141,50,2110
0,22,2,0,166,110,2049.8,257,162,83,2423
1,27,3,0,145,92,1560.3,285,95,80,2240
1,22,3,1,163,86,1599.1,320,90,61,2189
0,38,3,0,160,90,1742.3,326,138,87,2639
0,25,3,0,167,49,1435.6,206,65,48,1516
1,19,2,1,164,60,1384.8,142,88,54,1406
0,23,3,0,161,115,2068.4,269,155,106,2650
0,28,3,0,172,124,2266.6,392,157,105,3141
0,36,3,0,166,103,1892.2,380,118,101,2901
1,22,2,0,162,92,1657.9,337,104,55,2259
1,47,3,2,159,103,1580.4,189,135,92,2124
0,20,3,0,164,46,1371.7,202,74,35,1419
0,19,2,0,173,77,1800.9,266,97,66,2046
1,34,3,3,162,68,1379.1,178,76,53,1493
0,23,4,0,178,70,1717.2,174,164,50,1802
0,23,4,0,168,70,1690.3,159,65,81,1625
0,22,2,1,173,69,1679.6,208,93,70,1834
1,20,3,0,164,49,1216.9,142,93,35,1255
0,27,3,2,183,75,1712.8,270,109,65,2101
1,17,3,0,156,56,1294.6,187,54,65,1549
0,28,4,1,182,112,2152.9,395,133,92,2940
0,23,4,1,175,68,1668.7,264,64,65,1897
0,23,2,0,167,78,1679.5,230,117,91,2207
1,28,3,0,164,87,1616.1,276,76,58,1930
0,34,3,0,173,52,1443.5,153,78,51,1383
0,44,3,2,157,56,1296.9,183,81,52,1524
0,21,3,0,181,73,1765.4,241,104,57,1893
0,27,2,4,174,72,1709.1,218,114,80,2048
0,30,3,0,167,51,1405.5,210,90,51,1659
1,21,2,0,163,45,1209,166,64,43,1307
0,23,3,0,184,85,1903.6,229,125,87,2199
1,23,3,0,161,60,1382.9,217,71,59,1683
0,22,3,1,167,94,1883.7,297,139,102,2662
0,23,3,0,161,83,1744.2,175,166,74,2030
1,24,3,0,165,69,1430.7,203,83,44,1540
1,23,2,1,157,69,1364.1,253,56,45,1641
1,33,2,0,143,57,1104.9,143,91,62,1494
1,57,2,0,157,78,1316.1,163,126,45,1561
1,25,3,0,159,102,1719.4,340,131,73,2541
1,25,3,0,162,42,1176.6,149,53,37,1141
0,36,3,0,158,90,1792.1,272,112,104,2472
0,34,3,0,168,49,1352.5,178,66,57,1489
0,50,3,0,173,82,1651.6,268,113,55,2019
0,26,4,0,163,50,1403.1,206,70,55,1599
0,56,2,0,165,41,1135.7,142,51.69,41,1144
0,26,3,0,174,107,2033.8,350,122,76,2572
1,19,2,1,165,55,1319.7,146,99,48,1412
1,21,2,1,152,59,1247.8,162,109,50,1534
0,23,3,0,165,46,1345,187,61,39,1343
1,19,4,0,165,70,1444.4,229,78,34.46,1538
0,20,3,1,166,63,1550.7,251,95,49,1825
0,36,3,3,157,90,1691.5,386,116,40,2368
0,20,3,0,164,60,1513.2,162,80,74,1634
0,54,3,0,163,43,1187.4,129.225,54,56,1237
0,22,3,0,161,45,1361.6,186,60,39,1335
0,25,4,0,144,79,1582,230,133,63,2019
0,22,3,1,171,102,1933.7,383,136,47,2499
0,28,3,0,175,106,1979.4,273,155,102,2630
0,22,2,0,157,46,1359.9,144,85,52,1384
1,23,3,0,164,68,1451.2,169,66,62,1498
1,20,3,0,155,56,1250.1,222,51.69,43,1482
0,25,2,0,166,49,1413.6,175,83,63,1599
1,36,3,0,155,40,1053.8,157,51.69,34.46,1145
1,22,3,0,153,74,1446.4,269,99,47,1895
0,24,3,1,179,70,1735.4,132,110,71,1607
0,20,2,0,164,42,1357.2,129.225,65,56,1281
1,21,2,0,146,62,1257.6,160,96,49,1465
0,27,4,3,187,105,2079.6,285,137,107,2651
1,22,3,0,142,97,1568.8,240,123,59,1983
0,22,2,4,187,86,1909.7,355,78,83,2479
0,21,3,1,171,86,1845.8,306,62,90,2282
1,19,2,1,164,82,1600.1,211,100,42,1622
0,26,3,1,179,70,1735.2,142,106,57,1505
1,48,3,0,142,81,1283,270,85,57,1933
0,20,3,1,163,68,1570.5,254,88,57,1881
0,30,3,0,166,84,1751.1,246,114,85,2205
1,22,4,0,161,64,1434.9,190,80,42,1458
1,23,4,0,155,67,1388.2,211,73,55,1631
0,21,3,0,178,119,2190.7,380,152,96,2992
1,20,4,0,141,86,1488.8,296,94,63,2127
0,25,3,0,158,83,1698.1,309,79,60,2092
1,21,3,0,159,43,1145.3,146,82,36,1236
0,24,3,0,157,102,1864.2,361,146,86,2802
0,21,2,0,163,67,1566,267,62,70,1946
0,21,3,0,162,45,1332.2,136,76,52,1316
0,20,2,0,167,59,1542.7,156,83,70,1586
1,27,3,4,165,49,1226.6,176,67,38,1314
0,24,3,0,180,90,1897.8,340,127,91,2687
0,44,4,0,162,95,1732.3,350,150,71,2639
0,18,2,3,179,87,1915.7,178,105,107,2095
1,34,3,0,127,67,1099.9,159,98,62,1586
0,26,3,0,163,50,1427.6,210,72,63,1695
0,22,3,0,171,76,1705.9,224,133,79,2139
0,41,3,0,180,82,1765.2,355,129,68,2548
1,21,2,2,155,55,1262.9,185,87,50,1538
0,20,4,0,157,92,1854.7,249,157,80,2344
0,24,4,0,173,68,1632.1,293,83,45,1909
1,21,2,1,165,80,1579.6,212,109,64,1860
1,25,4,0,177,72,1595.1,225,79,49,1657
0,23,3,4,168,81,1719.2,265,117,79,2239
1,22,2,0,156,40,1099.3,135,56,40,1124
1,19,3,0,157,44,1218.9,169,57,43,1291
1,24,3,1,152,65,1312.8,200,54,50,1466
0,21,2,4,165,75,1667.3,274,69,76,2056
1,22,2,0,155,46,1134.5,137,55,39,1119
0,20,3,0,155,100,1889.7,369,118,60,2488
1,23,3,0,157,50,1220.4,148,81,43,1303
0,22,2,3,164,64,1618.9,208,77,61,1689
0,24,2,0,181,79,1820.3,268,100,64,2048
0,31,2,1,169,91,1810.4,199,98,89,1989
0,45,3,0,172,53,1379.1,167,83,65,1585
0,27,2,2,165,87,1787.2,281,158,63,2323
0,24,3,0,165,50,1436.5,129.225,74,63,1380
1,28,2,0,162,56,1257.5,150,65,56,1364
0,22,3,1,166,93,1812.1,321,112,101,2641
0,24,2,0,170,93,1793.9,319,135,100,2716
1,21,3,4,157,48,1209.1,174,51.69,45,1308
0,26,4,0,172,64,1595.1,254,91,73,2037
0,25,2,0,169,67,1625.2,243,96,55,1851
1,29,4,4,140,79,1351.1,232,140,47,1911
0,21,4,0,182,82,1910.5,217,112,91,2135
0,45,2,2,161,71,1459.9,175,120,88,1972
1,22,2,3,151,51,1185.6,186,66,37,1341
1,25,2,1,146,62,1197.6,189,63,54,1494
0,21,2,2,171,65,1630.1,250,70,44,1676
0,18,2,0,163,78,1714.3,308,91,74,2262
1,21,4,0,161,49,1258,143,59,45,1213
0,24,3,1,163,51,1438.2,201,62,64,1628
0,30,3,0,166,50,1330,167,53,54,1366
0,30,4,1,175,109,2029.5,387,142,103,3043
0,25,2,0,165,51,1437.1,216,60,46,1518
0,24,4,0,170,120,2153.2,394,144,91,2971
1,20,4,0,166,74,1555.3,234,71,53,1697
0,23,4,2,156,70,1607.2,286,76,84,2204
0,23,3,0,169,78,1744.6,289,71,105,2385
1,25,4,0,163,42,1123.1,157,55,42,1226
0,23,3,0,176,81,1809.9,343,85,84,2468
1,29,3,0,151,96,1625.3,266,66,97,2201
1,48,3,0,144,103,1516.3,233,124,73,2085
0,24,4,0,177,124,2220.4,394,82,105,2849
0,23,3,0,172,79,1792.5,269,99,60,2012
1,21,2,3,164,64,1357.1,215,74,34.46,1466
0,34,4,0,168,110,1975.4,353,125,99,2803
1,55,2,0,156,61,1162.5,197,75,53,1565
0,27,2,0,154,84,1707.1,212,119,66,1918
1,23,3,0,158,54,1243,195,87,34.46,1438
0,21,4,0,165,62,1548.4,230,96,34.46,1614
1,20,2,0,151,52,1218.4,129.225,70,48,1229
1,22,2,0,143,54,1161.4,161,71,47,1351
0,41,3,0,157,88,1682.9,258,139,107,2551
1,29,2,0,151,75,1391.9,199,86,66,1734
0,21,2,0,166,62,1576.6,166,65,71,1563
0,34,4,0,155,87,1681.3,286,105,71,2203
0,29,2,0,166,86,1757.3,246,141,55,2043
1,21,3,0,141,96,1572,257,122,97,2389
0,23,3,1,172,63,1663.7,231,82,35,1567
0,25,2,1,168,49,1402.6,211,65,36,1428
1,43,4,0,143,59,1152.8,154,83,53,1425
1,20,3,0,145,65,1314.4,266,51.69,34.46,1581
0,22,3,0,164,66,1588.4,229,97,52,1772
1,26,2,2,154,72,1393.8,232,86,55,1767
1,44,3,0,141,71,1199.8,236,70,58,1746
0,25,2,4,166,50,1403,199,91,54,1646
0,24,3,0,170,75,1737.1,288,99,46,1962
1,59,2,0,159,78,1284.5,159,98,59,1559
1,27,2,0,153,62,1308.5,224,79,37,1545
1,21,3,3,159,61,1284.5,129.225,88,78,1571
1,20,2,1,159,67,1464.5,223,68,57,1677
0,31,3,1,169,85,1749.3,277,129,93,2461
0,27,3,0,166,73,1652.2,191,120,84,2000
0,23,3,0,165,49,1466.6,192,51.69,48,1407
1,52,3,0,153,81,1336.4,211,76,54,1634
0,20,3,0,174,55,1555,153,104,65,1613
0,23,3,0,167,95,1886.1,391,100,80,2684
0,28,2,0,164,82,1738.8,147,156,79,1923
1,24,3,0,149,93,1557.6,196,79,76,1784
0,20,4,0,172,80,1788.4,381,129,71,2679
1,22,2,0,160,75,1513.1,203,80,59,1663
1,30,3,0,150,40,1044.5,132,62,35,1091
0,22,2,0,173,101,2010.6,332,86,85,2437
0,32,4,0,171,102,1967.6,382,94,82,2642
0,22,3,0,167,67,1553.5,214,103,63,1835
0,30,2,0,165,85,1733.3,251,106,65,2013
0,39,3,0,168,97,1804.1,381,131,61,2597
1,26,3,0,136,71,1249.4,196,87,65,1717
0,28,3,0,170,118,2126,390,156,98,3066
0,24,2,4,164,50,1459.2,164,78,44,1364
0,31,3,0,166,50,1435.9,194,84,47,1535
1,22,4,0,170,58,1389.6,235,68,57,1725
0,21,2,1,173,78,1733.4,296,101,69,2209
0,16,4,0,172,75,1736.2,256,103,66,2030
0,29,2,1,170,97,1902.7,228,129,110,2418
1,21,2,1,167,61,1383.1,209,59,44,1468
1,27,3,4,151,52,1192.2,161,70,43,1311
1,30,2,1,163,49,1200.6,148,58,39,1175
1,21,3,0,163,45,1204.6,129.225,79,42,1211
1,21,2,2,165,59,1323.8,170,51.69,44,1283
1,26,3,0,152,95,1629.3,228,155,76,2216
0,25,3,4,168,63,1552.2,211,79,58,1682
0,51,4,0,152,86,1552.5,185,135,90,2090
1,22,4,1,155,51,1247,206,51.69,34.46,1341
1,23,3,0,158,79,1457.7,226,114,48,1792
0,41,4,0,156,89,1627.6,238,115,64,1988
0,22,2,2,170,84,1771.6,200,115,84,2016
1,20,2,0,164,75,1506.3,154,104,73,1689
1,50,2,1,164,47,1092.6,173,53,34.46,1214
0,34,3,0,166,49,1410.6,178,86,62,1614
1,22,4,0,168,100,1746.4,285,135,61,2229
1,21,3,3,165,66,1445.5,222,54,60,1644
1,31,4,0,145,88,1525.5,227,108,43,1727
0,27,3,0,173,112,2082.4,304,130,105,2681
0,28,4,0,170,104,1980.3,361,104,72,2508
0,18,2,1,179,110,2098.1,357,157,90,2866
0,20,4,0,178,85,1817.8,178,132,87,2023
1,27,3,0,169,54,1261,129.225,51.69,63,1291
0,23,3,0,173,76,1779.8,214,98,90,2058
0,23,2,0,158,67,1569,208,87,54,1666
0,23,4,2,179,90,1900,282,72,98,2298
1,30,3,4,153,52,1196.1,155,80,34.46,1250
1,22,2,4,163,50,1266.7,167,78,43,1367
0,19,4,4,167,67,1608.7,175,103,74,1778
0,23,2,2,171,67,1623.7,249,100,60,1936
1,22,2,0,153,49,1153.5,136,99,34.46,1250
0,24,3,0,177,73,1692.6,256,96,66,2002
0,29,3,0,167,51,1398.8,201,79,34.46,1430
1,50,3,0,144,103,1552.9,289,103,64,2144
1,33,3,1,145,57,1143.9,165,56,58,1406
0,24,2,0,167,63,1593.9,227,98,46,1714
1,21,2,0,166,60,1406.5,190,97,37,1481
0,29,3,0,155,89,1774.6,306,128,101,2645
0,26,3,0,166,41,1287.6,129.225,65,45,1182
1,24,2,0,153,81,1493.9,290,111,45,2009
0,36,4,0,152,85,1619.1,318,109,78,2410
0,29,3,0,168,58,1493.2,159,89,75,1667
1,40,3,0,163,68,1337.8,129.225,99,48,1345
0,29,3,0,169,52,1452.3,256,58,45,1661
1,38,3,1,152,80,1389.7,184,103,79,1859
0,22,3,0,165,45,1372,153,84,49,1389
0,23,2,1,163,89,1851.7,256,136,83,2315
1,26,3,0,157,100,1689.5,339,145,61,2485
1,29,3,0,141,87,1412.4,237,56,71,1811
1,16,2,1,164,61,1407.8,233,68,44,1600
0,24,3,0,182,77,1810.3,280,111,70,2194
0,29,3,0,157,88,1744.3,270,137,77,2321
0,24,3,0,169,53,1468.3,224,51.69,59,1634
0,24,3,0,172,74,1711.2,197,135,76,2012
0,22,2,0,169,73,1710.4,193,72,80,1780
1,40,3,0,155,43,1001.8,140,64,46,1230
1,26,3,0,179,134,2189.9,321,147,106,2826
0,22,2,1,164,80,1720.3,300,118,91,2491
1,37,3,0,156,100,1613.8,312,127,54,2242
0,23,4,1,169,77,1704.5,195,73,101,1981
0,22,3,1,179,85,1887.5,230,167,84,2344
0,29,3,0,158,77,1634.6,213,71,87,1919
0,23,3,1,167,76,1691,375,71,61,2333
0,24,3,4,166,63,1576,160,101,66,1638
1,40,3,0,143,82,1372.1,199,94,44,1568
0,25,4,3,167,101,1908.7,367,118,94,2786
0,29,3,4,173,100,1942.6,366,117,70,2562
0,22,2,0,166,43,1388.4,220,90,41,1609
0,33,3,0,174,53,1457.2,175,72,39,1339
1,28,2,0,152,63,1278.8,265,61,56,1808
1,52,3,0,159,78,1336.2,247,83,63,1887
1,22,2,0,138,72,1258.6,298,97,64,2156
1,18,2,0,141,68,1315.4,135,87,73,1545
0,23,4,4,173,86,1838,324,120,77,2469
0,21,3,0,164,41,1313.2,167,70,41,1317
0,24,3,0,168,117,2042.5,380,152,85,2893
1,37,2,0,154,77,1430.9,223,81,61,1765
0,25,2,0,158,40,1218.6,131,68,39,1147
0,29,3,0,172,52,1448.6,173,63,48,1376
0,19,3,0,170,45,1453.8,165,76,52,1432
1,22,3,0,159,50,1241.7,134,80,45,1261
0,21,2,1,165,61,1569.5,208,102,39,1591
0,28,3,0,166,100,1894.1,365,147,44,2444
0,23,3,0,163,42,1315.5,211,51.69,49,1492
1,21,2,1,168,59,1323.6,190,63,55,1507
0,22,2,0,164,103,1975.9,351,100,77,2497
0,26,4,1,179,133,2343.5,416,154,67,2883
0,24,2,2,171,68,1596.8,145,117,90,1858
0,22,3,0,160,115,1985.4,380,152,101,3037
0,25,3,0,157,104,1857.8,374,127,88,2796
0,66,3,4,165,66,1333.5,205,80,38,1482
1,29,3,0,169,51,1283.2,160,56,49,1305
0,15,3,2,175,59,1624.5,241,84,65,1885
0,22,2,1,165,62,1593.4,289,65,69,2037
1,19,4,0,135,71,1329.7,214,84,60,1732
1,27,2,0,168,63,1316,183,114,58,1710
1,29,3,4,162,94,1660.1,281,65,76,2068
0,23,4,0,163,104,1911.7,315,157,48,2320
0,21,3,0,167,67,1602.8,246,71,70,1898
0,29,2,1,169,92,1828.6,288,90,91,2331
0,21,3,1,165,68,1557.5,246,87,77,2025
1,49,4,0,148,72,1208.5,129.225,98,77,1602
1,54,3,0,151,75,1300.3,217,73,57,1673
0,24,4,0,166,119,2129.3,382,149,102,3042
0,24,3,0,168,102,1954.3,328,123,100,2704
1,57,2,0,155,78,1321.4,191,90,57,1637
0,21,2,1,165,53,1458.3,200,69,50,1526
0,22,3,0,175,55,1518.9,260,69,55,1811
1,21,3,2,180,70,1548.4,188,92,84,1876
1,24,3,0,152,97,1660.9,129.225,91,98,1763
1,30,3,0,165,99,1763.8,311,126,81,2477
1,35,4,0,142,88,1453.6,263,100,45,1857
0,21,2,1,169,89,1858.9,356,113,69,2497
1,31,3,3,140,99,1571.8,241,136,78,2210
1,21,3,0,160,41,1167.1,153,68,36,1208
0,31,3,0,157,89,1716.6,376,94,73,2537
0,26,3,2,164,65,1519.8,146,100,69,1605
0,24,3,0,169,50,1431.3,226,68,44,1572
1,17,3,4,144,69,1316.3,180,76,78,1726
0,23,2,0,166,93,1850.4,373,144,87,2851
0,22,3,0,168,57,1593.8,194,78,75,1763
0,20,3,0,157,87,1756.7,142,146,83,1899
0,27,2,0,169,90,1810,304,108,55,2143
1,20,2,4,147,35,1041.2,132,53,35,1055
0,24,3,0,168,70,1581.9,236,75,58,1766
1,38,2,0,154,79,1372.5,222,72,76,1860
1,19,3,0,157,90,1645.1,294,83,49,1949
0,19,3,4,179,58,1651,232,74,56,1728
1,23,3,0,156,55,1256.2,201,87,44,1548
1,36,3,0,148,96,1535.7,255,113,52,1940
0,22,2,4,170,51,1493.2,265,98,44,1848
0,24,3,1,174,55,1516.7,219,75,76,1860
1,21,2,0,151,77,1464.9,196,101,60,1728
1,20,3,0,155,42,1126.8,158,55,39,1203
0,34,2,0,165,49,1334.5,129.225,88,34.46,1179
0,21,2,0,163,81,1660.1,234,82,50,1714
0,24,2,4,175,67,1648.1,190,89,66,1710
0,23,3,0,156,117,2025.4,296,158,89,2617
0,23,3,4,155,116,1996.6,375,117,100,2868
1,20,3,0,158,51,1272.6,177,66,56,1476
1,41,4,1,154,64,1265.6,197,84,40,1484
0,22,3,0,167,41,1374.4,152,70,54,1374
1,29,3,2,160,44,1095.9,129.225,67,44,1181
1,27,4,2,178,69,1532.6,165,82,56,1492
1,20,2,2,156,42,1188.2,152,56,45,1237
1,31,3,0,161,44,1106.4,165,52,35,1183
0,22,3,3,170,61,1533.6,217,101,54,1758
1,45,2,0,157,64,1238.5,177,79,34.46,1334
1,54,3,0,152,75,1216.8,175,74,51,1455
0,50,3,0,172,110,1939.7,217,149,98,2346
1,20,3,0,152,92,1625.4,206,117,62,1850
1,41,3,0,161,39,1040.6,129.225,51.69,36,1048
0,28,4,0,157,89,1687.8,220,139,84,2192
1,25,3,3,155,100,1700.9,223,144,101,2377
0,24,4,0,168,71,1675.2,191,142,64,1908
1,37,3,0,160,46,1109.5,202,62,35,1371
0,26,2,0,170,77,1718.2,136,99,68,1552
0,24,3,2,176,85,1838.9,206,123,108,2288
0,18,2,3,165,70,1625.6,242,58,60,1740
0,24,3,0,156,90,1792.5,362,83,69,2401
1,22,2,0,163,59,1317.8,129.225,66,62,1339
0,46,3,2,168,89,1781.4,257,86,86,2146
1,27,3,0,157,103,1639.5,282,121,90,2422
0,22,3,0,173,100,1957.5,307,87,95,2431
1,24,3,0,155,97,1658.7,281,107,63,2119
1,21,4,0,139,72,1364.6,184,116,81,1929
0,39,3,0,181,81,1749.8,277,69,83,2131
1,17,3,2,158,43,1192.9,146,56,49,1249
0,53,3,0,164,51,1253,139,79,57,1385
0,25,3,0,169,52,1419.8,172,62,52,1404
1,24,2,0,156,65,1370.3,220,59,45,1521
0,24,2,0,178,59,1589.6,192,108,68,1812
0,66,3,0,173,72,1479.4,223,105,58,1834
1,22,2,0,165,57,1348.6,196,99,49,1621
0,25,3,0,164,40,1323.3,176,90,44,1460
1,20,4,0,167,81,1562.7,219,119,73,2009
0,24,2,1,164,70,1584.9,305,98,75,2287
1,15,3,0,164,93,1735.9,328,124,72,2456
0,25,4,2,176,106,2020.9,331,131,99,2739
0,28,2,0,169,91,1836.3,316,98,88,2448
1,37,2,0,146,97,1573.2,238,85,84,2048
1,22,3,4,161,59,1323.5,188,80,38,1414
1,32,3,0,161,46,1171.5,129.225,61,60,1301
1,23,2,0,166,56,1362.5,160,92,55,1503
1,21,2,0,143,63,1264.3,161,66,43,1295
1,20,2,2,163,56,1307.3,175,66,50,1414
1,49,2,0,150,66,1191.2,219,85,51,1675
1,22,3,1,149,59,1269.3,129.225,83,51,1308
1,22,2,0,165,55,1274.9,251,98,34.46,1706
1,30,4,1,167,70,1424.3,203,67,59,1611
0,23,3,0,168,47,1437.6,138,74,56,1352
0,22,4,1,181,70,1724.1,287,80,57,1981
0,22,3,0,168,50,1425.9,174,62,57,1457
0,27,3,0,158,89,1710.1,220,112,66,1922
0,29,2,0,170,95,1933,200,164,107,2419
1,20,4,0,154,67,1346.2,242,68,34.46,1550
0,22,2,0,180,54,1585.5,193,69,56,1552
0,38,4,0,155,93,1688.2,196,119,73,1917
0,22,3,0,170,113,2075.7,376,92,101,2781
0,23,3,3,173,64,1609.4,228,88,63,1831
0,23,4,0,164,64,1534.8,168,113,44,1520
1,21,3,3,159,39,1110.6,158,51.69,36,1163
0,19,4,4,170,56,1510.7,223,80,43,1599
1,38,3,0,159,46,1088,132,64,41,1153
0,20,3,0,157,88,1754.3,250,124,90,2306
0,64,3,4,166,68,1383.7,269,67,65,1929
1,21,3,0,163,62,1468,177,70,76,1672
0,27,3,0,174,122,2195.7,351,121,104,2824
0,29,3,0,154,87,1670.2,339,80,68,2288
0,18,3,0,168,56,1512.3,146,92,58,1474
1,23,3,0,159,45,1142.8,160,75,37,1273
1,18,4,0,156,54,1300.5,181,56,46,1362
0,28,4,0,178,98,1977.5,281,162,83,2519
1,20,3,2,166,76,1527,255,114,72,2124
0,22,3,0,164,67,1554.1,223,121,80,2096
1,21,4,2,156,58,1301.3,129.225,76,55,1316
1,29,3,0,141,92,1480.7,223,127,82,2138
0,24,3,0,163,93,1811.1,380,101,80,2644
0,23,3,0,156,112,1979.5,359,90,99,2687
1,21,2,0,158,56,1274.3,177,69,59,1515
1,21,2,4,155,70,1354.1,171,77,69,1613
1,24,4,0,163,90,1634.9,215,138,60,1952
0,22,3,0,165,56,1434,268,86,34.46,1726
0,35,3,0,154,119,1976.9,401,131,95,2983
0,20,3,0,162,45,1332,138,62,43,1187
0,35,4,0,156,89,1706.8,282,138,58,2202
0,33,3,0,154,87,1677.5,331,97,50,2162
1,50,3,2,154,106,1578.1,359,140,59,2527
0,23,3,0,170,65,1597.2,243,70,52,1720
0,22,2,0,159,70,1543,223,104,58,1830
0,47,3,0,160,90,1702.8,274,106,72,2168
1,23,4,0,145,60,1205,191,68,39,1387
0,21,3,0,164,44,1376.6,205,52,37,1361
0,24,3,0,170,81,1738.9,264,95,82,2174
0,26,2,1,165,82,1756.1,275,110,84,2296
1,22,3,1,168,64,1375.7,221,61,37,1461
0,18,2,0,163,79,1686.3,299,56,63,1987
1,17,3,4,164,50,1234.2,158,56,51,1315
1,24,2,0,155,76,1483.4,269,78,60,1928
1,24,2,0,155,77,1434.4,212,76,85,1917
1,23,3,0,158,48,1183.8,155,52,50,1278
0,23,3,2,166,74,1666.1,226,100,47,1727
0,20,2,0,167,52,1527.8,190,96,51,1603
1,21,3,0,165,47,1214.2,143,57,48,1232
0,23,2,4,175,78,1795.8,220,127,82,2126
0,22,4,1,183,86,1858.6,337,84,76,2368
0,25,3,0,169,106,1915.9,379,112,78,2666
1,29,3,0,150,77,1402.9,234,74,46,1646
0,21,3,0,157,74,1653,184,106,93,1997
0,15,3,4,161,49,1489.9,182,79,51,1503
1,44,2,1,155,70,1300.2,245,81,49,1745
0,33,3,0,168,73,1667.3,237,91,58,1834
0,36,4,0,168,109,1992.6,389,114,71,2651
0,21,2,1,174,120,2166.2,367,97,104,2792
0,24,3,4,174,77,1737.3,203,140,77,2065
0,23,3,2,164,76,1633.9,223,109,71,1967
0,25,3,0,171,99,1900.1,322,110,102,2646
0,28,2,1,169,96,1905,296,150,88,2576
0,26,3,0,174,52,1476.1,186,99,48,1572
1,38,2,4,159,81,1454.2,232,77,77,1929
1,23,4,1,142,85,1442.9,214,58,74,1754
0,20,3,1,178,75,1743,334,102,57,2257
0,29,3,0,185,139,2408.7,393,157,105,3145
0,21,3,0,186,75,1833.8,289,66,61,1969
0,30,2,1,174,98,1886.7,318,87,89,2421
1,24,2,3,166,58,1355,200,77,41,1477
0,29,3,2,174,70,1623.5,199,79,60,1652
0,19,3,0,174,56,1518.1,221,96,65,1853
1,25,2,2,154,72,1394.6,187,98,43,1527
0,19,3,0,169,75,1724,190,109,77,1889
0,24,3,2,162,46,1368.2,199,58,39,1379
0,21,2,0,179,78,1841.9,246,82,84,2068
0,23,3,0,170,76,1721.4,212,78,97,2033
0,26,2,0,172,92,1910.3,380,129,72,2684
0,22,3,4,180,136,2356.2,393,157,105,3145
0,21,2,4,164,72,1623.5,254,96,91,2219
0,28,3,0,176,81,1802.8,318,88,70,2254
0,22,3,2,180,78,1807.8,341,119,49,2281
0,22,4,0,171,72,1672.7,134,130,66,1650
1,57,4,0,157,78,1293.7,211,68,49,1557
0,21,2,2,170,64,1587.3,238,78,34.46,1574
0,23,2,0,175,62,1550.4,193,90,63,1699
1,17,3,0,164,50,1265.2,164,72,37,1277
0,23,3,0,164,52,1446.1,203,58,52,1512
0,23,3,0,163,45,1374,148,60,38,1174
0,24,3,0,166,110,2032.5,271,112,111,2531
1,22,3,0,157,98,1701.5,310,133,94,2618
1,26,3,0,145,90,1519.9,226,70,63,1751
1,24,2,0,157,63,1351.3,195,73,63,1639
1,22,3,0,154,93,1610.6,206,157,71,2091
0,50,3,0,157,90,1668.2,275,105,90,2330
1,27,3,0,159,47,1149.9,163,72,39,1291
0,21,2,0,162,67,1547.8,201,82,74,1798
1,29,3,0,162,46,1155.5,220,60,40,1480
1,21,3,1,156,56,1246.8,170,67,50,1398
0,25,4,3,184,85,1926.2,282,122,77,2309
0,21,3,0,170,53,1477.5,159,65,54,1382
1,24,4,1,161,49,1171.5,140,88,37,1245
0,26,3,3,176,108,2048.7,376,142,93,2909
1,44,4,0,167,93,1571.4,280,110,77,2253
0,32,4,0,168,55,1388.1,217,62,58,1638
0,25,4,3,175,76,1751.3,319,82,73,2261
0,21,3,1,164,103,1997.2,306,110,101,2573
0,31,4,0,168,101,1858.8,268,86,74,2082
1,23,2,2,160,63,1320.4,214,84,53,1669
0,27,2,1,167,92,1844.8,278,79,106,2382
1,24,2,0,158,41,1108.7,132,53,41,1109
0,21,2,0,162,46,1381.1,170,74,44,1372
1,24,4,0,156,86,1523.3,203,153,74,2090
1,19,3,2,164,44,1210.5,139,54,36,1096
0,22,3,0,165,40,1320.3,156,56,42,1226
1,24,4,0,179,72,1518,240,81,60,1824
0,29,3,0,169,96,1826.2,308,71,74,2182
0,21,4,0,168,69,1640.7,272,77,77,2089
1,21,3,0,163,60,1375.6,225,60,52,1608
0,24,2,0,174,69,1655.5,232,132,57,1969
1,21,2,2,156,73,1462.9,254,89,58,1894
0,19,4,0,168,106,2014.8,360,121,96,2788
0,24,3,3,165,39,1302.5,169,61,40,1280
1,20,4,0,160,66,1430.6,135,70,60,1360
1,41,2,1,163,49,1118.9,161,63,44,1292
0,24,2,0,169,53,1466,134,83,61,1417
1,31,3,0,163,47,1125.1,145,56,37,1137
0,20,2,1,169,67,1600.2,173,104,47,1531
0,23,4,1,164,68,1614,248,95,70,2002
1,29,3,0,155,76,1399.1,209,120,52,1784
1,20,2,1,155,54,1221.5,193,64,44,1424
1,38,2,0,163,48,1142.9,171,51.69,39,1242
1,26,3,0,164,94,1647.8,202,118,60,1820
0,20,3,0,176,78,1807.3,166,110,96,1968
0,49,3,3,160,90,1620.1,330,134,72,2504
1,29,2,0,156,78,1431.4,254,78,61,1877
0,23,3,0,164,110,2032.4,375,150,100,3000
1,26,3,0,147,90,1555,281,57,58,1874
1,20,2,1,143,55,1181.6,158,87,35,1295
0,23,3,0,158,113,2030.5,331,137,61,2421
0,23,2,0,165,49,1395.4,151,60,47,1267
0,25,4,2,172,91,1887.2,321,123,67,2379
0,24,4,3,176,91,1895.3,286,92,65,2097
0,23,2,1,163,64,1550.8,228,100,47,1735
0,22,3,0,161,71,1593.3,179,95,66,1690
1,29,3,0,146,86,1427.4,188,81,51,1535
0,25,2,0,173,73,1701.7,265,65,60,1860
1,26,3,0,164,48,1191.1,141,56,38,1130
1,21,2,0,161,51,1311.2,203,73,38,1446
0,23,3,0,163,49,1362.1,202,86,38,1494
0,39,3,0,160,89,1733.4,238,124,71,2087
1,40,3,0,155,42,1013,132,51.69,39,1086
0,21,4,1,166,53,1462.5,244,79,53,1769
0,23,3,1,174,59,1496.5,216,78,64,1752
0,24,3,0,171,78,1718.7,322,129,81,2533
0,38,2,0,182,111,2080.9,365,111,85,2669
0,23,3,1,178,96,2003.2,272,121,85,2337
0,28,4,1,183,85,1855.3,257,129,102,2462
1,24,3,0,161,43,1191,131,69,40,1160
0,23,2,0,172,70,1661.5,259,60,67,1879
0,22,3,3,168,61,1576.8,150,116,58,1586
0,25,3,0,162,44,1344.1,148,60,53,1309
1,25,3,1,158,64,1365.8,163,70,55,1427
0,22,3,3,170,61,1561.7,255,84,61,1905
0,23,3,0,158,45,1316.4,140,58,35,1107
0,30,3,0,162,80,1624.8,198,141,72,2004
0,29,2,1,170,94,1886,222,171,61,2121
0,22,3,4,158,120,2098.8,247,152,107,2559
0,24,3,2,166,66,1591.3,169,90,53,1513
1,24,2,0,160,53,1294.1,157,56,49,1293
1,26,3,0,145,87,1437.1,169,100,79,1787
0,26,3,1,170,70,1641.9,265,87,67,2011
0,27,4,0,157,88,1700.7,296,137,81,2461
0,35,4,0,171,108,1893.8,332,126,93,2669
1,38,3,2,155,76,1377,238,92,51,1779
0,41,4,0,162,95,1717.7,367,84,92,2632
1,49,3,0,164,46,1034.3,129.225,58,45,1154
1,41,2,0,154,65,1205.5,186,62,66,1586
1,44,4,0,140,77,1254.8,206,92,91,2011
0,27,3,0,175,113,2102.7,375,150,100,3000
0,22,3,1,170,81,1816.9,269,140,84,2392
1,22,3,0,150,56,1287.9,151,51.69,51,1270
1,29,3,0,152,100,1627.8,286,129,70,2290
1,31,3,0,167,81,1583.6,211,112,39,1643
1,25,4,0,164,63,1350.8,199,94,36,1496
1,21,4,0,152,94,1624.2,199,104,79,1923
1,20,3,0,156,52,1262.5,155,91,47,1407
1,26,3,0,152,71,1330.2,244,90,51,1795
0,18,2,1,170,71,1677.3,327,83,51,2099
1,19,2,2,167,61,1393.5,175,60,68,1552
1,38,3,0,156,99,1653.2,264,139,58,2134
1,27,3,3,158,67,1356.9,228,54,42,1506
0,25,2,0,169,87,1803.2,350,129,65,2501
0,44,3,0,158,54,1286.2,188,59,51,1447
1,42,2,0,155,64,1239.8,195,62,37,1361
1,18,3,0,144,69,1369.4,219,83,62,1766
1,19,3,1,161,45,1217.6,186,51.69,56,1455
0,23,3,0,166,98,1911.5,129.225,126,103,1948
1,26,3,0,146,95,1574.7,208,138,105,2329
0,24,3,0,158,41,1274.4,171,55,37,1237
0,24,4,1,170,71,1702.1,282,91,59,2023
0,21,2,0,175,78,1785.9,260,149,45,2041
0,28,2,0,166,51,1443,233,71,37,1549
1,16,3,2,162,52,1237.9,166,89,42,1398
0,22,2,0,169,62,1550.2,176,63,80,1676
1,23,2,2,157,55,1206.7,129.225,57,51,1204
1,24,4,1,155,62,1299.2,193,93,38,1486
1,19,2,0,156,76,1473.4,245,72,64,1844
0,23,3,0,167,112,2090.2,396,158,73,2873
0,21,3,0,181,76,1813.7,189,93,75,1803
0,22,4,4,182,68,1738.8,153,126,81,1845
1,30,3,0,140,90,1463.3,197,141,63,1919
0,21,2,0,174,73,1682,342,101,47,2195
0,25,2,0,155,44,1355.6,156,72,37,1245
0,22,3,4,168,61,1523.2,220,79,66,1790
1,21,4,0,160,70,1405.2,184,93,56,1612
1,31,2,0,155,71,1375.8,157,97,58,1538
0,23,3,4,162,41,1349,163,61,45,1301
0,24,2,1,172,79,1736.8,248,119,55,1963
1,26,2,0,162,47,1174.2,188,83,37,1417
0,21,3,0,180,138,2370.3,399,160,106,3190
0,21,3,0,173,62,1548.8,248,52,62,1758
1,42,4,4,155,88,1511.8,220,112,71,1967
0,24,3,0,164,115,2060.9,277,132,105,2581
0,29,3,0,164,64,1575,153,102,60,1560
0,23,3,0,166,45,1378.5,138,55,59,1303
1,20,2,2,155,58,1316.5,198,82,52,1588
0,21,3,0,168,53,1489,163,77,63,1527
1,33,3,0,143,97,1546.9,298,82,55,2015
0,24,3,0,162,98,1875.8,328,159,90,2758
1,51,4,0,157,83,1371.4,193,81,54,1582
1,27,3,0,144,90,1460.1,369,103,53,2365
0,24,3,3,179,92,1925.4,193,129,108,2260
0,24,3,0,168,47,1408.9,159,64,46,1306
0,30,2,0,162,45,1321.8,157,57,51,1315
0,26,3,0,162,50,1403,173,79,45,1413
0,22,3,4,167,79,1705.6,256,75,82,2062
1,21,2,0,164,49,1239.1,180,60,35,1275
0,22,3,2,162,67,1605.9,137,107,83,1723
0,24,3,0,164,49,1399.9,176,70,56,1488
1,47,3,0,145,98,1512.9,333,115,53,2269
1,32,3,3,166,47,1198.2,129.225,68,53,1266
1,42,3,3,139,72,1238.9,169,80,71,1635
0,28,4,0,174,122,2137.3,395,158,80,2932
0,45,2,0,188,105,2040.9,380,112,101,2877
1,32,2,1,164,48,1178.2,157,51.69,36,1159
0,24,3,0,163,43,1332.3,140,68,50,1282
1,26,3,0,157,77,1497.7,230,75,58,1742
0,27,4,0,157,93,1799.2,410,86,62,2542
0,28,3,0,156,88,1647.7,280,82,77,2141
1,23,2,0,157,67,1403.4,256,54,47,1663
0,24,3,0,163,122,2144.8,253,163,112,2672
0,23,3,0,176,65,1645.2,196,70,57,1577
0,22,3,0,165,56,1499.4,195,94,49,1597
0,21,2,0,164,57,1471.6,133,53,56,1248
0,26,3,2,172,55,1534.5,202,97,37,1529
1,31,3,0,165,100,1727.2,143,120,106,2006
0,21,3,0,168,105,1989.1,336,145,103,2851
0,22,2,1,161,73,1594.4,245,94,47,1779
0,39,4,0,150,88,1676.5,240,81,95,2139
0,22,3,0,172,80,1808.6,218,119,77,2041
0,28,2,0,156,95,1735.6,254,164,83,2419
1,28,3,0,159,94,1616.3,260,99,41,1805
1,21,3,3,159,38,1109.1,129.225,54,34.46,1043
1,27,3,0,164,86,1573.9,280,96,74,2170
0,23,2,1,166,91,1856.5,287,111,91,2411
0,27,3,2,184,113,2166.4,333,162,108,2952
1,22,4,0,166,61,1403.5,244,67,48,1676
1,22,4,0,160,98,1702,284,131,70,2290
0,22,3,0,173,80,1759.9,347,114,34.46,2154
1,26,4,0,156,95,1653.4,268,100,73,2129
1,36,3,0,154,74,1369.2,241,81,73,1945
0,26,2,0,169,136,2277.7,389,156,104,3116
0,23,4,0,156,86,1742.1,295,86,67,2127
0,23,3,1,177,94,1969.1,275,149,76,2380
0,36,3,2,164,61,1492.8,185,83,68,1684
0,31,3,0,168,52,1477.1,162,91,59,1543
1,27,3,0,155,78,1491.9,208,93,68,1816
1,25,3,1,150,59,1234.4,145,84,34.46,1226
0,21,3,0,168,68,1620.2,211,71,57,1641
0,19,2,2,166,78,1693.9,194,93,83,1895
0,21,2,1,170,67,1663.6,296,122,76,2356
1,24,4,0,168,80,1518.3,247,90,45,1753
0,49,3,3,157,88,1625.9,353,51.69,75,2294
0,15,3,1,173,85,1844.6,282,129,67,2247
0,22,3,2,169,73,1688.9,258,65,58,1814
0,24,2,2,182,100,2074.8,327,133,86,2614
1,23,2,0,166,111,1920.9,329,131,70,2470
0,21,3,0,159,120,2064.6,303,153,102,2742
1,51,3,0,164,90,1569.1,233,104,92,2176
1,25,3,2,165,70,1407.1,222,89,70,1874
0,25,4,2,176,82,1774,253,134,53,2025
0,22,3,1,164,69,1635,224,95,56,1780
1,40,3,0,154,90,1473.4,231,105,55,1839
1,25,2,0,157,49,1164.9,130,69,42,1174
1,22,3,1,156,56,1256.3,245,71,34.46,1574
1,20,3,0,156,76,1463.2,169,80,62,1554
0,23,2,0,168,51,1468.8,189,93,52,1596
0,25,3,0,173,51,1442,225,84,59,1767
0,43,3,0,157,56,1336.2,129.225,115,67,1580
1,20,3,2,155,76,1472.6,201,72,55,1587
1,22,4,3,162,65,1385.1,142,94,46,1358
0,25,3,1,169,69,1650.8,142,87,57,1429
0,26,3,1,181,78,1741.3,306,114,76,2364
0,19,3,0,169,50,1571.6,265,60,34.46,1610
0,48,3,0,159,90,1681.3,299,116,57,2173
1,25,3,0,160,59,1279.8,157,73,44,1316
0,22,3,1,175,78,1776.6,271,132,86,2386
1,35,3,0,160,81,1484.3,194,101,77,1873
1,22,2,0,156,48,1182.1,157,58,41,1229
1,20,4,0,160,96,1668.4,300,57,76,2112
0,22,3,0,169,76,1725,340,90,70,2350
1,21,3,4,164,55,1284.1,148,66,48,1288
0,20,2,0,174,71,1662.7,196,106,65,1793
0,27,4,0,178,100,1985.9,391,156,88,2980
1,30,3,0,162,47,1165.7,129.225,73,34.46,1119
0,25,2,1,165,90,1836.1,275,155,58,2242
0,24,2,2,162,69,1555.6,318,51.69,54,1965
0,19,3,4,169,71,1681,274,87,72,2092
0,45,3,0,169,53,1378.8,180,83,47,1475
0,23,3,0,175,69,1719.5,270,84,59,1947
1,36,2,4,155,79,1409,282,114,75,2259
0,20,3,0,178,78,1810.1,196,120,82,2002
0,35,4,0,162,97,1862.7,383,121,60,2556
1,22,3,0,157,48,1164.9,179,62,44,1360
1,20,3,1,160,56,1319,159,72,54,1410
0,33,3,0,170,48,1407.8,212,91,38,1554
0,23,3,3,175,69,1708.5,253,71,68,1908
0,23,3,0,161,42,1307.7,136,76,36,1172
0,21,3,2,169,80,1677.2,266,137,70,2242
0,20,3,1,171,64,1613.8,235,89,35,1611
0,23,3,1,159,42,1310.9,131,62,53,1249
0,47,3,0,169,53,1391.1,247,91,48,1784
0,21,2,3,170,82,1769.5,347,140,87,2731
0,27,2,1,162,83,1721.4,330,83,68,2264
0,21,3,0,167,56,1476.6,226,103,37,1649
0,23,2,4,183,74,1728,327,65,58,2090
0,28,3,1,174,91,1845,157,166,45,1697
1,23,2,0,155,71,1404.3,248,101,50,1846
0,25,2,0,166,50,1373.4,228,79,36,1552
0,25,2,0,170,70,1601,182,157,51,1815
1,26,3,0,160,84,1516.5,226,134,72,2088
1,26,3,1,161,61,1325.6,181,86,52,1536
0,20,3,4,163,45,1411.8,173,80,50,1462
0,23,3,0,156,112,1988.7,382,140,102,3006
1,24,3,4,160,63,1364.4,136,91,61,1457
1,22,3,0,155,55,1249.1,236,51.69,34.46,1461
1,48,2,0,158,68,1270.3,227,69,52,1652
1,34,2,0,152,77,1378.3,250,107,58,1950
0,23,3,0,160,112,1973.5,395,97,94,2814
0,24,3,0,164,51,1443.7,214,88,34.46,1518
1,23,3,0,169,73,1523.5,181,77,64,1608
0,21,3,0,165,49,1440.8,161,83,55,1471
0,25,3,0,165,57,1474,227,78,54,1706
1,35,3,0,160,44,1091.5,162,53,46,1274
0,22,4,2,172,85,1781.9,329,104,99,2623
1,22,3,0,164,69,1438.4,225,69,75,1851
0,25,4,0,165,101,1881.3,316,139,95,2675
0,21,3,4,160,47,1328.3,160,86,61,1533
0,26,3,2,170,61,1522.1,181,100,56,1628
0,23,4,0,181,64,1672.3,183,90,91,1911
0,17,4,2,169,56,1557.2,159,83,77,1661
1,28,3,0,167,48,1230.8,145,68,37,1185
0,23,2,0,162,55,1403.2,245,75,48,1712
1,22,3,0,170,48,1274.1,154,65,39,1227
0,23,3,0,163,115,2073.9,394,120,65,2641
1,28,3,0,152,94,1622.2,289,59,70,2022
0,28,2,1,172,100,1978.9,393,123,78,2766
1,16,2,0,156,54,1281.7,241,59,34.46,1510
1,24,3,3,144,55,1166.1,184,68,51,1467
1,17,3,0,146,68,1349.2,204,82,51,1603
0,23,4,0,178,71,1744.9,247,70,72,1916
1,28,2,0,137,55,1097.5,149,58,49,1269
0,22,2,1,169,64,1593.4,203,91,52,1644
1,23,3,1,157,56,1291.5,164,76,42,1338
0,23,3,2,168,65,1608.3,237,71,56,1736
1,27,2,2,163,54,1266.8,145,78,34.46,1202
1,19,2,0,159,99,1714.5,320,111,73,2381
0,30,3,0,170,98,1918.1,355,58,97,2525
0,21,3,0,168,61,1536.9,186,71,58,1550
1,22,3,0,158,56,1316.9,200,68,38,1414
1,22,2,0,171,48,1268.9,184,74,41,1401
1,21,3,2,157,42,1134.6,129.225,51.69,36,1048
1,21,2,0,162,65,1360.4,201,59,43,1427
0,22,3,0,173,68,1617.4,129.225,142,63,1652
1,22,2,0,153,80,1492,189,108,66,1782
0,29,3,0,161,81,1645.9,319,66,50,1990
0,18,3,0,151,92,1767,290,144,59,2267
0,20,3,0,170,124,2201.6,372,159,62,2682
0,26,3,0,164,46,1324.5,143,71,36,1180
0,26,3,1,172,69,1667.6,275,83,40,1792
1,27,3,1,146,84,1436,226,79,82,1958
1,20,4,2,157,79,1504.1,275,91,62,2022
1,18,4,0,161,59,1278.9,212,51.69,55,1550
0,20,2,0,174,80,1747.2,289,97,67,2147
1,22,2,0,159,47,1178.1,169,58,35,1223
0,20,4,0,153,87,1650.5,270,98,66,2066
0,16,3,4,158,49,1392.9,183,51.69,54,1425
0,21,3,1,164,63,1519,302,63,71,2099
1,15,2,1,165,61,1391.1,153,65,65,1457
0,31,4,3,176,78,1691.8,254,98,63,1975
0,25,3,0,157,109,1957.5,306,158,88,2648
1,24,3,1,160,49,1200.1,167,63,46,1334
1,24,3,0,145,72,1330.1,215,98,51,1711
0,19,3,0,155,98,1863.1,369,152,43,2471
1,23,3,0,161,58,1314.7,206,80,42,1522
1,20,2,0,168,68,1460.7,225,87,62,1806
0,43,4,0,163,94,1715.1,330,91,67,2287
1,21,3,0,142,70,1284.7,228,57,36,1464
0,49,2,1,160,69,1440.1,209,93,57,1721
0,21,3,0,178,83,1783.5,253,143,82,2322
0,46,3,2,170,90,1712.1,291,99,106,2514
1,37,3,0,159,48,1144.8,171,66,45,1353
1,26,4,2,177,72,1538.4,205,91,39,1535
1,21,2,4,157,71,1388.5,183,67,50,1450
0,22,3,0,168,106,2061.3,356,133,103,2883
0,26,3,0,185,77,1812,236,150,58,2066
0,24,3,0,167,85,1785.4,319,119,66,2346
1,22,2,0,159,52,1223.6,176,69,41,1349
1,24,3,0,152,67,1332.4,219,54,53,1569
0,27,3,0,170,63,1581.6,198,104,46,1622
1,21,3,0,158,87,1558.9,167,122,72,1804
0,23,2,1,167,77,1744.9,307,71,70,2142
0,21,2,1,170,56,1492.1,319,71,51,2019
0,19,3,1,173,79,1823,222,114,73,2001
0,26,3,0,164,104,1961.4,363,158,85,2849
0,21,3,0,169,123,2174.1,382,153,102,3058
0,21,3,0,167,67,1602.5,263,79,63,1935
0,25,2,2,170,67,1604.5,260,122,41,1897
1,31,3,0,143,96,1585.4,270,130,65,2185
1,17,4,0,158,77,1550,242,82,62,1854
0,54,2,4,165,42,1178.4,178,65,50,1422
0,63,3,2,164,96,1675.4,235,165,51,2059
0,22,4,0,160,101,1873.6,360,111,103,2811
0,23,2,4,159,71,1608.9,273,93,66,2058
1,21,3,0,163,46,1206.4,196,51.69,34.46,1301
1,32,3,0,139,83,1397.6,280,61,61,1913
0,22,3,0,163,47,1404.2,220,69,42,1534
0,20,2,0,162,41,1353.2,143,70,49,1293
1,44,3,1,163,45,1079.6,148,51.69,34.46,1109
0,23,3,2,164,75,1720.9,296,130,66,2298
0,22,3,0,188,99,2059.1,345,144,73,2613
1,29,2,0,142,54,1154.3,138,61,37,1129
0,25,3,2,180,89,1933.7,386,154,68,2772
0,21,3,2,169,52,1453,159,73,60,1468
0,49,3,0,172,54,1407.2,212,78,49,1601
0,40,3,0,155,88,1593.3,378,59,48,2180
0,17,4,1,168,71,1699.8,172,96,59,1603
1,35,3,0,160,44,1122.6,165,51.69,42,1245
0,22,3,1,169,67,1586.2,240,121,67,2047
1,42,2,1,140,52,1007,129.225,60,40,1117
1,22,3,0,143,96,1539.3,248,90,84,2108
1,22,3,0,154,89,1578.2,264,86,86,2174
0,40,3,0,168,100,1839,371,148,89,2877
1,21,2,0,154,52,1237.2,132,104,45,1349
0,53,3,0,168,51,1277.2,151,94,34.46,1290
0,31,3,3,163,49,1396.2,192,51.69,54,1461
1,20,3,1,154,56,1240.9,176,83,40,1396
1,50,4,0,141,72,1195.8,173,51.69,71,1538
1,22,3,0,161,63,1362.6,180,51.69,60,1467
0,23,3,4,165,108,2007.3,388,152,96,3024
0,20,2,1,167,72,1660.7,220,65,53,1617
1,21,3,1,164,56,1329.3,167,74,41,1333
1,20,2,0,166,78,1605.4,224,68,68,1780
1,22,3,0,154,42,1124.7,177,51.69,40,1275
1,21,3,0,157,77,1488.1,262,118,55,2015
0,21,3,0,168,114,2123,285,154,106,2710
0,24,4,0,157,111,1937.3,374,135,93,2873
0,30,2,0,165,79,1676.1,292,132,48,2128
1,23,3,0,145,95,1560.5,324,95,52,2144
1,20,3,4,153,48,1177.7,147,55,59,1339
0,24,3,0,174,57,1527.9,133,111,55,1471
1,21,2,0,166,77,1575.3,231,109,36,1684
0,24,4,1,170,69,1651.6,279,119,41,1961
0,34,3,0,162,112,1930.8,342,144,65,2529
0,24,4,4,181,74,1743.5,219,109,56,1816
0,29,3,4,184,114,2152.2,356,123,85,2681
1,21,3,0,158,79,1473.6,188,80,74,1738
1,22,4,4,154,48,1191.4,171,53,41,1265
1,48,3,0,142,80,1274.8,218,93,69,1865
0,15,3,1,165,73,1732.8,351,120,48,2316
0,22,2,4,165,51,1468.1,166,83,55,1491
0,32,4,0,173,105,1985.2,387,130,92,2896
0,23,3,1,179,89,1882.3,342,124,70,2494
1,24,4,0,167,63,1393.3,225,93,41,1641
1,42,3,0,158,111,1723,348,147,98,2862
1,42,3,0,143,76,1313,145,93,64,1528
1,27,3,0,144,85,1471.8,254,94,78,2094
1,25,3,1,161,47,1195.3,142,57,51,1255
1,31,4,0,153,86,1457.1,186,112,70,1822
1,35,3,0,142,90,1492.6,185,61,106,1938
0,27,2,2,168,112,2070.9,376,160,68,2756
0,19,2,4,165,79,1726.3,169,94,99,1943
0,36,4,0,152,86,1653.4,291,51.69,86,2145
0,23,2,1,170,66,1616.9,184,108,52,1636
0,25,3,0,179,89,1843.7,392,146,59,2683
0,23,2,0,185,84,1932.2,267,111,72,2160
1,38,3,0,142,97,1508.9,308,112,82,2418
0,22,2,1,167,51,1505.4,155,67,68,1500
0,35,3,0,168,74,1624.1,297,77,62,2054
1,54,2,0,151,74,1327.2,172,81,55,1507
0,24,2,1,172,63,1630.3,258,91,55,1891
0,21,3,2,179,64,1685.5,186,75,85,1809
0,54,3,2,160,69,1403,263,85,45,1797
1,21,3,3,159,39,1125.2,170,56,34.46,1214
0,24,3,1,165,80,1727.5,264,115,82,2254
0,22,2,1,169,63,1550.5,177,105,71,1767
1,22,2,0,172,49,1315.8,143,74,44,1264
0,26,4,0,157,86,1711.9,371,100,60,2424
0,22,2,0,164,52,1492.7,186,66,67,1611
0,43,4,0,156,87,1673.3,378,83,84,2600
0,22,3,0,163,47,1367.1,190,64,37,1349
0,22,4,1,164,61,1485.2,169,112,56,1628
1,25,3,1,165,60,1318.2,172,100,43,1475
0,40,4,0,167,102,1853.2,369,124,78,2674
0,21,2,0,166,105,1961.9,287,82,107,2439
1,52,4,0,152,69,1255.8,198,79,47,1531
0,23,3,0,166,89,1798.1,324,137,75,2519
0,18,3,3,179,60,1614.1,212,109,73,1941
1,50,3,1,165,50,1164.5,206,66,41,1457
0,22,2,0,166,59,1516.1,157,79,62,1502
1,22,2,0,164,45,1232.6,159,61,34.46,1190
1,21,3,0,155,39,1112.3,174,51.69,34.46,1213
0,26,3,1,171,88,1859.6,309,108,52,2136
1,35,2,0,154,69,1340.7,230,79,53,1713
1,21,4,2,165,76,1488.2,182,102,72,1784
0,20,2,0,167,90,1848.2,228,100,81,2041
0,26,3,0,163,46,1369.2,141,63,59,1347
0,26,3,0,167,51,1443,163,80,61,1521
1,56,2,0,160,77,1378.1,189,117,72,1872
0,24,3,0,175,65,1685.6,270,115,40,1900
0,20,3,0,156,38,1273.1,162,62,49,1337
0,25,2,2,169,89,1841.6,320,105,58,2222
1,27,3,2,169,66,1369.7,184,83,49,1509
1,22,3,0,142,96,1608.6,262,81,85,2137
0,24,3,0,172,51,1481.5,175,78,60,1552
1,22,3,0,154,42,1149.7,143,67,35,1155
1,51,2,0,157,79,1371.6,258,110,63,2039
0,25,4,1,179,134,2289.5,436,98,43,2523
1,23,3,2,170,73,1543.1,227,99,69,1925
0,23,3,4,161,85,1684.8,192,119,89,2045
0,46,3,0,162,103,1771,175,139,99,2147
0,26,3,0,162,102,1895.2,366,148,99,2947
0,25,4,3,178,71,1656.9,210,91,72,1852
0,27,2,1,165,83,1778.6,229,164,77,2265
0,25,3,4,183,79,1801.1,245,96,75,2039
0,39,3,0,172,49,1362.5,234,76,53,1717
0,25,3,0,164,115,2041.8,333,161,108,2948
1,23,3,0,157,78,1470.8,138,101,75,1631
0,22,2,2,177,59,1577.9,243,95,34.46,1662
0,24,3,0,169,77,1707.3,204,90,61,1725
0,23,2,0,160,69,1603.2,147,104,66,1598
0,25,3,2,170,70,1691.5,225,106,70,1954
1,63,3,0,150,64,1076.7,259,70,52,1784
1,19,3,0,164,91,1696.4,224,110,75,2011
0,26,3,0,155,108,1926.3,387,125,79,2759
1,25,2,0,148,57,1210.4,182,63,40,1340
1,22,3,1,164,80,1565.8,254,74,75,1987
0,23,3,0,178,92,1954.8,388,110,82,2730
1,22,3,0,166,62,1355.5,171,54,57,1413
1,23,4,0,146,99,1644.7,304,114,34.46,1982
0,22,3,0,156,115,1998,339,152,69,2585
1,48,4,0,156,82,1369.5,258,55,61,1801
1,22,3,4,156,50,1216.3,188,58,35,1299
0,19,2,0,160,46,1420.9,189,53,49,1409
0,30,2,0,163,78,1690.5,301,91,76,2252
0,35,3,0,162,112,1975.5,374,108,79,2639
1,46,3,0,144,102,1563.5,284,133,82,2406
1,24,2,1,174,50,1335.1,153,71,43,1283
0,33,3,0,155,87,1709.4,219,127,74,2050
1,34,2,0,153,79,1477,301,80,75,2199
0,24,3,0,167,115,2100.3,367,157,82,2834
0,20,3,3,167,61,1578,169,92,58,1566
1,21,2,1,142,59,1233.7,182,63,50,1430
0,23,3,0,168,69,1664.3,244,88,47,1751
0,23,2,0,184,86,1861.9,297,136,58,2254
1,18,3,0,165,85,1622.3,224,111,86,2114
0,24,3,0,156,116,2019.1,382,153,102,3058
1,20,2,0,145,71,1350.8,174,88,58,1570
0,26,2,0,166,96,1896.3,302,154,50,2274
0,23,3,2,168,69,1593.4,284,86,72,2128
0,23,3,0,170,57,1503.3,181,64,42,1358
1,21,3,1,164,50,1260.6,203,55,51,1491
0,23,3,0,162,91,1834.4,244,84,71,1951
0,23,4,4,182,69,1742.2,167,92,83,1783
0,35,3,2,165,102,1864.4,341,146,73,2605
1,23,3,3,163,52,1263.3,177,52,45,1321
0,22,3,0,167,53,1512.7,211,51.69,53,1528
0,22,4,0,185,85,1906,320,114,65,2321
1,23,3,4,154,47,1185.7,182,68,38,1342
0,54,3,0,172,54,1316.4,206,85,36,1488
0,29,2,0,181,91,1833.4,328,147,76,2584
0,23,2,0,164,76,1683.6,189,146,49,1781
1,23,3,0,162,90,1626.1,173,105,66,1706
0,22,2,0,167,69,1675.2,250,118,48,1904
1,24,2,0,162,75,1481.8,174,95,55,1571
0,24,3,4,170,71,1696.6,296,72,55,1967
0,20,3,0,170,51,1443.8,201,87,56,1656
1,22,4,0,160,47,1173.5,139,62,43,1191
1,45,3,0,164,47,1136.3,163,53,43,1251
1,42,4,0,145,78,1293.2,273,97,61,2029
0,25,3,0,163,102,1926.7,356,146,89,2809
0,23,3,0,155,87,1701.9,292,91,96,2396
0,23,4,3,160,90,1795,356,111,73,2525
0,24,3,0,166,50,1393,170,63,41,1301
1,24,3,1,169,63,1402.5,205,72,46,1522
1,30,3,0,170,73,1534.3,220,108,63,1879
1,42,4,0,145,78,1351.1,250,110,67,2043
0,52,3,0,177,92,1749.9,251,70,98,2166
1,20,4,4,153,49,1163.4,186,62,46,1406
1,16,3,0,145,71,1355.6,240,58,52,1660
1,36,4,0,155,99,1595.7,297,132,71,2355
0,24,4,0,175,73,1726.7,219,121,54,1846
0,65,3,4,166,66,1360.5,157,91,46,1406
1,40,2,0,161,79,1415.6,225,88,69,1873
1,30,3,0,142,101,1614.3,300,125,76,2384
0,22,2,0,165,75,1628,160,97,81,1757
1,21,2,1,139,48,1132.9,163,52,47,1283
0,23,3,0,168,61,1489.7,179,86,45,1465
0,29,3,0,154,91,1743.3,294,108,81,2337
1,20,4,0,165,86,1625.3,256,140,47,2007
0,29,3,0,167,89,1777.6,275,145,90,2490
0,24,3,0,164,114,2035.6,303,135,109,2733
0,28,3,0,170,52,1447.5,218,91,44,1632
0,22,2,0,172,68,1639.8,199,107,72,1872
1,19,3,0,146,73,1374.5,170,65,68,1552
0,23,3,4,166,64,1559.6,162,71,63,1499
1,23,3,1,163,56,1308.6,181,51.69,60,1471
1,25,2,3,158,59,1284.7,192,76,35,1387
0,24,3,0,156,119,2059.9,351,154,103,2947
0,26,4,0,175,107,2048.8,391,146,69,2769
0,22,2,0,179,62,1629,260,83,59,1903
1,28,2,0,141,54,1161,168,57,54,1386
0,26,2,2,162,75,1628.2,233,74,51,1687
1,25,3,0,145,94,1504.2,268,100,62,2030
0,20,2,0,167,85,1795.6,129.225,119,113,2010
1,35,4,0,144,77,1316.8,251,98,49,1837
0,22,4,3,165,69,1628.2,217,133,40,1760
0,27,3,3,165,76,1695.3,285,125,65,2225
1,20,4,0,142,87,1504.2,269,86,65,2005
1,21,3,3,152,47,1164.9,143,62,43,1207
1,43,3,0,142,108,1604.2,293,89,89,2329
0,34,3,0,156,88,1652.2,367,123,74,2626
0,36,4,0,158,88,1652.6,251,133,59,2067
0,22,3,0,166,53,1446.9,209,74,48,1564
0,20,3,0,163,77,1721.7,136,108,78,1678
1,20,2,1,142,55,1156.9,203,56,50,1486
0,28,3,0,171,99,1888.8,273,140,92,2480
1,37,3,0,164,82,1464.8,265,82,42,1766
0,28,4,0,162,104,1945.2,365,112,102,2826
1,23,4,0,160,79,1494.6,182,86,82,1810
0,38,3,0,159,100,1750.4,342,121,81,2581
1,54,2,0,145,71,1152.9,222,73,57,1693
0,26,3,0,163,51,1396.9,221,92,42,1630
0,44,2,0,160,69,1454.7,318,51.69,69,2100
0,27,3,4,181,79,1816.3,291,157,70,2422
0,25,3,0,170,54,1446.7,155,51.69,72,1475
0,23,2,0,174,60,1585.9,260,76,58,1866
0,21,3,1,163,57,1484.7,202,83,69,1761
0,23,2,1,165,90,1788.8,242,119,70,2074
0,20,3,0,162,78,1729.7,292,95,53,2025
1,36,3,0,142,96,1516.1,339,98,71,2387
0,20,4,2,178,64,1645.6,260,58,59,1803
0,22,3,3,167,61,1600.7,350,113,50,2302
1,30,4,0,164,99,1693.9,305,135,82,2498
1,41,4,0,142,68,1178.6,175,104,43,1503
0,28,3,0,175,126,2240.5,382,153,102,3058
0,25,3,0,171,104,1961.8,389,156,72,2828
0,21,3,0,161,108,1992.6,334,155,61,2505
0,24,3,0,163,109,1994.7,379,145,100,2996
0,26,3,0,170,119,2129.5,392,138,81,2849
0,24,3,0,168,53,1475.6,173,70,49,1413
0,23,3,1,180,65,1746.2,164,98,78,1750
0,22,2,0,180,64,1665.6,167,113,68,1732
1,30,4,1,153,86,1456.9,343,79,40,2048
0,21,4,0,145,68,1449,278,76,61,1965
1,30,3,0,152,40,1048.5,129.225,52,34.46,1035
1,54,3,0,153,76,1349.3,235,69,64,1792
1,58,2,3,158,70,1269.1,141,109,48,1432
1,24,3,0,150,50,1133.6,164,76,44,1356
0,23,3,2,164,60,1551.8,256,57,59,1783
0,21,3,0,173,113,2101.6,312,126,59,2283
1,51,3,0,164,90,1484.1,345,103,55,2287
1,24,3,1,164,55,1345.2,222,85,50,1678
1,28,2,3,169,62,1412.1,212,81,58,1694
0,21,3,0,155,99,1897.2,354,126,78,2622
0,23,3,2,168,117,2083.2,359,140,76,2680
0,22,3,1,176,79,1790.6,292,110,70,2238
1,27,2,3,156,59,1321.1,203,85,52,1620
0,27,4,1,179,108,2059.3,267,125,107,2531
1,24,3,0,157,92,1632.3,290,110,86,2374
0,24,3,1,174,55,1462.1,219,77,65,1769
0,28,2,2,167,52,1440.6,129.225,83,55,1344
0,28,2,1,173,81,1793.7,249,98,75,2063
0,24,4,0,178,73,1747.6,315,122,60,2288
0,20,3,0,168,46,1420.2,129.225,76,64,1397
0,17,2,0,162,95,1872,376,91,90,2678
0,35,3,0,157,91,1701.5,249,92,105,2309
0,26,3,0,170,52,1459.4,153,93,59,1515
1,31,3,0,142,80,1354.7,257,76,55,1827
1,40,3,0,160,44,1091.7,134,77,35,1159
1,26,3,2,167,65,1403.4,203,73,65,1689
1,28,3,0,140,99,1607,376,69,63,2347
0,24,2,0,169,94,1915.9,343,108,98,2686
0,22,2,0,157,65,1553.9,259,98,59,1959
0,21,3,1,166,104,1905.3,302,157,86,2610
1,19,2,0,165,82,1552.1,287,91,59,2043
0,22,4,0,172,55,1496.6,180,61,55,1459
1,26,3,0,144,90,1484.7,298,95,70,2202
0,25,3,0,169,70,1718.7,260,75,58,1862
1,54,3,0,153,75,1305.5,209,75,41,1505
1,30,3,0,163,92,1620.4,129.225,113,104,1905
1,23,3,3,165,66,1402.7,237,67,58,1738
0,21,4,1,169,62,1562.1,174,93,58,1590
0,26,2,0,168,134,2237,330,156,104,2880
0,25,3,0,163,118,2059,381,152,97,3005
1,58,2,0,157,77,1253.8,196,120,75,1939
0,27,3,0,169,118,2073.5,386,137,103,3019
1,24,2,0,164,67,1413.7,205,84,41,1525
0,20,3,0,165,41,1392.9,145,72,47,1291
1,26,4,0,175,100,1718.6,266,101,86,2242
1,24,3,1,171,71,1474.4,232,116,51,1851
0,21,2,0,167,89,1825,214,114,77,2005
0,22,3,0,157,117,2054,373,159,106,3082
0,52,2,1,160,68,1395.2,241,80,64,1860
0,24,3,3,172,69,1703.3,262,121,51,1991
0,25,3,0,167,41,1350.5,132,52,50,1186
1,22,3,0,143,83,1461.9,261,104,58,1982
1,36,4,0,140,97,1545.7,241,119,91,2259
0,28,4,0,178,97,1959.6,210,100,86,2014
0,25,3,0,159,77,1618,274,86,73,2097
1,23,4,0,159,60,1301.3,142,85,55,1403
1,25,2,1,145,55,1146.6,177,62,43,1343
0,22,4,1,183,90,1913.2,373,85,61,2381
0,22,3,0,162,115,2067.2,329,142,88,2676
0,22,2,0,178,92,1937.2,282,131,66,2246
0,28,4,0,157,88,1694.8,194,111,105,2165
0,23,3,0,168,74,1666.8,322,92,72,2304
0,28,2,3,160,68,1519,234,108,94,2214
1,20,4,0,151,47,1187.4,143,72,36,1184
1,47,4,0,146,72,1297.4,221,82,51,1671
0,26,3,0,182,78,1814.1,187,152,52,1824
0,33,3,0,165,50,1379.7,219,66,35,1455
0,22,3,0,181,77,1836.8,389,98,53,2425
0,30,3,0,174,71,1625.5,261,95,53,1901
1,24,4,0,139,73,1323.2,213,131,42,1754
0,21,3,1,166,95,1896.1,349,119,70,2502
0,24,3,0,165,40,1302.4,137,72,37,1169
1,51,3,0,143,104,1552.2,272,117,73,2213
0,21,3,1,164,74,1690.6,226,96,45,1693
0,29,2,0,169,44,1386.4,166,102,38,1414
1,25,4,0,157,88,1609.8,308,102,68,2252
0,20,4,0,176,84,1849.6,167,116,85,1897
1,28,2,0,156,74,1420.2,253,67,36,1604
1,25,4,0,155,68,1379.7,205,90,55,1675
1,21,3,0,150,49,1144.2,129.225,77,49,1266
0,22,3,0,173,74,1710.9,237,81,58,1794
0,21,3,0,153,96,1828,400,129,50,2566
1,51,3,0,152,76,1229.6,185,95,70,1750
0,21,4,0,182,85,1906.2,167,110,66,1702
0,23,3,3,174,70,1682.5,172,92,75,1731
1,19,2,0,162,82,1559.2,272,65,52,1816
0,22,2,0,160,48,1391.7,171,108,36,1440
0,23,3,0,162,45,1395.1,193,78,40,1444
0,24,4,0,163,43,1364.5,177,51.69,47,1338
1,26,4,1,156,75,1420.2,242,86,37,1645
0,24,3,1,173,99,1983.8,298,150,94,2638
1,25,3,0,144,93,1505.2,185,104,66,1750
0,22,3,2,165,46,1375.4,183,61,39,1327
1,20,4,0,165,70,1465.3,194,72,50,1514
0,27,3,1,177,126,2195.4,396,102,105,2937
1,27,4,0,151,57,1222.5,135,91,40,1264
1,41,4,0,141,58,1131.5,157,55,71,1487
0,28,4,0,171,94,1865,204,136,96,2224
1,21,3,0,132,48,1013.7,170,51.69,34.46,1197
0,35,3,0,162,62,1476.7,166,66,60,1468
0,28,3,1,168,71,1629.6,249,82,56,1828
1,29,3,0,142,91,1475.8,215,104,86,2050
1,35,4,0,156,47,1092.7,141,53,46,1190
0,25,4,0,175,90,1891.9,393,100,74,2638
1,28,3,1,135,62,1176.3,143,51.69,45,1184
0,27,4,0,164,50,1433.3,174,99,46,1506
0,24,4,3,179,110,2095.6,320,162,67,2531
0,26,3,0,163,110,1972.4,344,127,96,2748
0,21,2,2,170,78,1801.7,297,98,70,2210
0,26,2,0,170,78,1737.1,212,103,93,2097
0,23,2,2,161,68,1567.2,257,75,44,1724
1,25,2,0,169,94,1735.7,300,100,66,2194
0,22,3,0,167,111,2075.8,377,151,93,2949
1,37,3,0,141,98,1541.7,238,79,60,1808
0,38,3,0,164,103,1862.8,401,136,52,2616
0,23,4,0,169,59,1554,236,69,62,1778
1,23,3,0,157,42,1132,143,65,48,1264
0,28,4,3,155,89,1700.7,283,155,72,2400
0,24,3,1,173,59,1494.7,206,79,40,1500
1,23,3,1,162,74,1538.8,176,83,60,1576
0,24,2,4,181,75,1742,175,94,77,1769
1,18,3,0,163,45,1248.2,180,71,39,1355
0,22,2,0,175,73,1679.8,313,105,56,2176
0,21,3,2,155,114,2005.8,360,127,100,2848
0,22,3,4,173,75,1775,175,130,59,1751
0,23,3,4,169,70,1647.2,242,104,74,2050
0,21,4,4,175,86,1829.3,229,144,71,2131
1,17,4,0,162,76,1514.2,275,58,50,1782
0,33,4,0,168,109,1964.6,386,103,97,2829
0,47,3,0,168,92,1791.9,308,93,58,2126
0,22,3,0,157,114,1968,342,138,96,2784
0,36,3,2,154,83,1582.4,219,125,75,2051
0,48,3,0,171,82,1676,245,94,76,2040
0,24,2,0,175,63,1621.7,234,107,61,1913
0,19,3,0,164,41,1322.8,174,53,44,1304
0,27,3,0,173,54,1467.2,254,51.69,66,1817
0,21,4,0,159,47,1369.9,205,73,56,1616
0,20,3,0,170,106,1987.1,377,120,101,2897
0,22,2,0,164,84,1750.6,313,92,45,2025
0,49,2,0,188,104,1994.8,391,142,75,2807
1,20,3,1,169,86,1684.3,296,128,64,2272
1,24,4,0,156,95,1712.8,210,165,59,2031
1,33,3,0,156,101,1623,162,113,83,1847
1,16,3,0,152,47,1209.3,139,70,34.46,1146
0,22,4,0,156,74,1632.4,230,84,83,2003
1,40,3,4,157,92,1533.4,294,91,48,1972
0,25,3,0,184,67,1747.2,256,78,70,1966
0,23,3,1,173,56,1556.3,201,107,62,1790
1,20,2,4,151,52,1166.2,149,67,48,1296
0,24,2,3,181,76,1757.1,236,116,77,2101
1,37,4,1,146,58,1139.2,168,51.69,56,1383
0,29,2,0,154,82,1681.6,307,135,72,2416
1,28,4,4,157,76,1417.2,247,114,73,2101
0,20,3,0,159,49,1406.1,170,76,51,1443
1,25,3,0,154,44,1072.7,154,55,35,1151
1,31,3,0,163,42,1121.7,160,51.69,37,1180
1,31,3,0,145,93,1504.7,333,98,47,2147
0,20,4,0,169,74,1724.6,294,96,68,2172
1,22,2,0,155,65,1348.7,187,74,67,1647
1,20,3,0,155,43,1103.8,181,51.69,40,1291
0,32,3,0,160,117,1984.4,245,165,73,2297
0,22,3,0,164,56,1467.4,238,74,65,1833
1,29,3,0,152,78,1406.9,174,109,71,1771
1,23,3,0,162,45,1231.2,151,79,44,1316
0,29,2,0,164,47,1376.6,184,61,41,1349
0,27,3,0,171,54,1489,201,88,53,1633
1,21,2,0,159,62,1328.2,184,53,61,1497
1,25,3,0,152,78,1405.4,182,121,61,1761
0,21,3,0,178,71,1740.9,293,65,84,2188
0,25,3,1,172,50,1474.1,182,68,47,1423
1,28,3,0,163,93,1685.4,236,89,76,1984
0,24,3,0,182,84,1863.1,201,144,62,1938
0,30,3,0,170,95,1875.7,331,100,82,2462
0,44,3,1,156,88,1596.5,348,99,94,2634
0,23,4,0,162,109,2057.8,327,127,88,2608
1,27,2,3,166,71,1435.5,269,66,59,1871
0,22,2,0,165,66,1566.6,200,113,55,1747
0,41,3,0,170,53,1407.4,204,65,34.46,1386
0,23,3,0,160,111,2058.2,305,154,102,2754
1,49,4,0,155,86,1402.1,263,103,74,2130
0,25,2,4,178,84,1865.9,172,116,92,1980
1,24,3,1,164,51,1264.3,164,51.69,49,1304
0,31,3,0,153,88,1717.1,166,118,102,2054
0,24,3,4,165,81,1711.5,330,64,71,2215
1,53,2,0,137,52,969.9,161,57,39,1223
1,44,2,1,140,47,1015.4,129.225,71,49,1242
0,24,3,0,164,115,2084.9,391,145,104,3080
1,34,2,2,166,56,1220.1,205,51.69,49,1468
0,26,3,1,178,97,1954.7,356,79,83,2487
0,25,4,0,145,81,1572.7,342,82,56,2200
1,22,3,1,161,40,1154.9,192,55,34.46,1298
0,23,2,0,168,57,1472.1,217,95,66,1842
0,23,3,0,163,119,2048.7,293,68,114,2470
1,24,2,0,150,57,1227.2,177,62,52,1424
0,39,3,4,181,83,1793,312,160,60,2428
0,23,2,4,166,69,1666.9,319,93,36,1972
1,21,4,0,136,56,1096,153,89,34.46,1278
0,22,3,1,174,56,1514.3,189,56,56,1484
0,22,4,4,165,56,1442.2,197,89,51,1603
0,31,3,0,164,47,1351.3,167,58,39,1251
0,21,3,0,164,49,1388.3,154,85,41,1325
1,30,3,0,159,80,1497.6,263,54,57,1781
0,23,3,0,165,57,1477,159,64,69,1513
1,20,2,1,162,80,1574.8,257,92,75,2071
1,24,2,1,161,63,1389.4,206,63,61,1625
0,22,3,0,167,68,1634,202,86,83,1899
0,21,4,3,173,76,1714.5,203,73,86,1878
0,43,2,0,163,100,1815.8,323,164,67,2551
1,55,4,0,151,75,1261.2,154,72,77,1597
0,30,3,0,174,55,1453.5,190,76,59,1595
1,28,4,0,176,101,1796.7,372,106,87,2695
0,21,3,0,158,116,2084.4,381,142,102,3010
1,24,3,0,170,59,1352.7,185,51.69,62,1505
0,27,4,0,161,101,1927.5,374,150,94,2942
0,29,3,0,153,84,1603.2,328,57,36,1864
0,22,2,0,173,69,1607,344,51.69,71,2222
0,25,3,0,169,92,1888.2,317,130,74,2454
1,21,3,3,156,57,1246.3,129.225,73,46,1223
1,27,3,0,155,77,1458.8,214,115,53,1793
0,21,2,0,163,118,2119.9,306,118,87,2479
0,32,4,0,157,87,1692,214,143,75,2103
1,41,3,0,153,99,1568.2,204,107,76,1928
1,21,2,1,167,51,1243,172,66,37,1285
1,20,2,0,166,78,1524.7,277,78,58,1942
0,22,2,4,170,55,1477.6,175,86,61,1593
0,23,3,0,163,84,1764,280,102,95,2383
0,23,3,0,174,55,1538.4,197,88,45,1545
0,24,4,0,165,65,1581.4,192,87,65,1701
1,19,2,0,146,71,1348.1,244,78,38,1630
1,25,2,0,156,63,1326.1,164,74,56,1456
1,22,2,0,156,65,1350.9,142,81,46,1306
0,24,2,0,163,130,2196.5,369,153,102,3006
0,21,2,0,164,69,1617.2,264,96,66,2034
0,20,3,0,153,98,1855.6,385,119,54,2502
0,20,2,1,162,69,1569.6,181,88,74,1742
1,22,3,0,160,65,1326.7,172,81,49,1453
1,55,2,0,140,56,964.9,169,51.69,44,1279
0,24,3,0,180,78,1829.9,253,129,41,1897
0,24,3,0,169,51,1464.2,201,79,46,1534
1,22,3,1,163,56,1330.7,247,71,45,1677
0,35,3,0,170,52,1387,170,51.69,54,1373
0,23,2,1,159,56,1455.5,190,79,60,1616
1,47,3,0,159,100,1581.9,331,98,46,2130
0,23,2,0,164,45,1378.3,219,81,34.46,1510
0,22,2,1,175,65,1669.4,218,99,54,1754
1,18,3,0,168,45,1293.1,147,59,41,1193
1,26,3,0,156,77,1487.4,149,94,85,1737
0,22,3,2,174,66,1656.4,251,96,71,2027
0,26,2,0,168,49,1393.3,218,72,41,1529
0,25,4,0,169,94,1862,366,119,83,2687
0,30,3,0,156,90,1736.5,290,117,96,2492
1,47,2,0,144,61,1123.7,190,79,54,1562
0,23,2,0,167,51,1442.3,203,94,46,1602
1,49,3,1,163,46,1044,208,51.69,34.46,1349
1,22,2,0,157,55,1289.6,134,77,66,1438
0,21,2,1,175,81,1797.4,268,138,70,2254
0,23,3,1,166,56,1494.9,220,69,57,1669
0,30,3,0,153,83,1644.1,225,89,87,2039
0,20,3,0,159,88,1789.8,295,134,81,2445
0,21,3,1,164,54,1430.7,206,63,49,1517
1,17,2,0,155,56,1285.4,134,85,50,1326
0,23,4,2,174,59,1549.1,181,75,68,1636
0,22,2,0,158,45,1379.9,217,70,44,1544
0,25,3,0,155,103,1857.7,356,124,50,2370
0,22,3,0,159,47,1323.4,185,51.69,39,1298
1,29,2,0,156,75,1415.2,271,59,34.46,1630
0,22,3,2,166,65,1624.9,206,115,70,1914
0,24,2,0,166,48,1432.7,176,55,59,1455
0,22,3,0,165,44,1364.2,189,68,38,1370
0,22,2,0,167,60,1495,224,107,53,1801
1,27,3,0,157,86,1557.5,260,124,85,2301
0,18,3,0,172,53,1508.1,155,100,42,1398
1,31,3,4,171,73,1478.2,206,117,69,1913
1,21,3,0,162,55,1311.2,138,54,36,1092
1,29,2,1,163,83,1496.8,277,90,62,2026
0,23,3,0,179,78,1806,330,139,34.46,2186
0,22,2,0,160,100,1940,263,79,77,2061
0,30,4,1,164,108,1966.1,257,157,75,2331
1,20,3,0,159,59,1334.1,192,65,48,1460
1,23,4,2,171,91,1697.8,350,102,86,2582
1,45,3,0,163,48,1080.6,147,52,55,1291
1,23,3,1,161,77,1525.4,200,98,52,1660
1,24,4,0,166,63,1413.2,192,87,63,1683
0,23,4,1,168,86,1822.4,314,135,72,2444
0,27,3,0,157,83,1688,257,142,82,2334
1,27,3,0,152,97,1658.2,272,86,71,2071
1,24,3,0,163,64,1349,204,63,57,1581
1,22,3,0,158,50,1213.6,131,59,60,1300
0,23,3,0,165,62,1524.3,182,77,62,1594
0,22,3,0,175,78,1767.8,205,87,76,1852
0,21,3,0,179,83,1826.6,277,108,47,1963
0,26,3,0,170,106,2020.3,382,102,105,2881
0,21,4,4,174,71,1739.1,286,67,83,2159
0,20,4,0,157,93,1776.7,281,142,92,2520
0,19,2,0,170,70,1684,248,94,72,2016
1,23,3,0,169,73,1480.4,277,82,34.46,1746
0,32,2,0,170,102,1907.4,355,90,52,2248
1,24,3,0,164,48,1210.4,163,77,39,1311
1,21,3,0,163,46,1193,166,51.69,38,1213
1,19,3,0,163,49,1215.2,147,73,47,1303
0,23,3,4,161,49,1352.6,193,90,34.46,1442
1,20,3,0,157,43,1184.6,134,58,36,1092
0,25,3,0,164,107,1942.9,245,153,108,2564
1,28,4,0,153,58,1186.1,183,51.69,44,1335
1,22,3,2,156,54,1244,147,61,54,1318
0,20,3,1,178,74,1704.5,174,121,64,1756
1,24,2,0,155,63,1310.9,158,55,51,1311
0,19,3,0,175,57,1592.1,185,72,56,1532
1,25,3,0,153,94,1586.5,225,69,78,1878
1,34,3,0,151,77,1399.2,228,116,34.46,1686
1,46,2,1,142,59,1072.7,190,67,41,1397
0,22,2,0,163,75,1675.3,250,69,59,1807
1,22,3,0,156,58,1253.9,211,56,51,1527
0,28,4,0,170,105,2015.3,343,84,72,2356
1,22,3,0,153,88,1565.9,327,95,75,2363
0,24,3,3,159,120,2102.7,399,112,88,2836
0,27,2,0,167,96,1883.5,314,127,74,2430
1,37,3,0,154,101,1650.5,256,74,79,2031
0,23,2,0,165,49,1409.2,130,81,64,1420
0,56,3,0,155,89,1540.8,269,100,86,2250
1,29,2,1,153,52,1148.8,129.225,52,38,1067
0,40,3,0,169,53,1434.3,193,71,43,1443
0,25,3,0,160,45,1328.3,164,54,53,1349
0,20,3,1,172,57,1555,226,54,67,1723
1,25,3,0,157,44,1164.4,146,54,47,1223
1,23,2,0,155,70,1360.3,134,97,62,1482
0,20,2,0,170,69,1644.8,224,80,61,1765
1,18,3,1,170,108,1899.2,373,91,72,2504
1,23,2,0,157,79,1504.6,238,97,62,1898
0,28,3,0,156,82,1618.5,232,144,86,2278
0,23,3,0,172,51,1437.3,157,87,43,1363
1,30,3,0,141,93,1559.5,321,113,64,2312
0,24,3,0,162,109,1981.4,301,159,96,2704
0,41,4,0,182,110,2050.9,266,137,107,2575
0,29,3,4,165,98,1859.1,262,126,45,1957
0,22,3,2,162,100,1848.3,271,92,82,2190
1,21,4,0,159,80,1574.6,292,78,56,1984
0,29,3,0,168,51,1409,207,72,47,1539
1,26,2,0,155,65,1332.7,157,104,65,1629
0,20,4,1,175,75,1778.5,282,125,54,2114
0,27,2,0,175,111,2038.6,387,126,101,2961
0,33,3,0,165,50,1375.9,205,52,58,1550
1,25,4,0,151,59,1273.9,238,70,42,1610
1,23,2,0,151,65,1276.4,186,79,42,1438
1,15,3,2,156,45,1197.9,129.225,61,49,1202
0,19,2,4,183,88,1949.4,330,128,73,2489
0,30,2,1,169,63,1593.3,201,85,59,1675
0,23,2,0,181,74,1758.3,251,82,67,1935
0,48,2,1,160,69,1477.3,252,111,34.46,1762
0,23,3,2,163,49,1389.3,177,92,51,1535
0,20,2,1,162,69,1571.7,203,84,71,1787
0,22,2,1,172,64,1607.4,141,92,63,1499
1,47,3,0,142,81,1284.7,269,109,49,1953
0,23,2,0,167,82,1726.3,266,126,58,2090
0,21,3,1,165,104,1927.3,271,150,100,2584
0,34,4,0,152,85,1624.4,226,111,53,1825
1,32,3,0,141,74,1344.5,206,55,68,1656
1,27,4,0,165,102,1762.6,286,120,99,2515
1,22,3,0,151,71,1385.2,172,101,54,1578
0,23,3,0,169,74,1713.1,243,134,60,2048
0,30,4,0,157,89,1756.7,223,124,85,2153
1,31,3,0,163,40,1093.4,130,63,35,1087
0,26,3,1,168,55,1505.8,234,77,54,1730
0,57,3,1,165,49,1197.5,152,60,34.46,1158
0,30,4,0,169,102,1973.6,384,154,66,2746
1,37,3,0,158,44,1114.2,145,56,34.46,1114
0,20,2,1,165,68,1565.6,220,108,59,1843
0,22,3,2,172,78,1726.8,235,111,78,2086
1,21,3,1,169,86,1683,267,120,67,2151
0,20,2,0,160,65,1578.5,267,75,51,1827
0,23,3,0,165,47,1388.4,139,77,60,1404
1,48,2,0,155,68,1239.3,195,82,56,1612
0,19,2,0,162,45,1318.1,161,56,52,1336
0,20,4,0,174,81,1735.2,240,125,75,2135
0,19,2,0,179,77,1841.8,231,120,92,2232
0,36,4,0,167,109,1986.3,342,123,73,2517
0,24,3,1,169,67,1627.5,187,126,48,1684
0,25,3,1,162,41,1265.6,206,54,36,1364
1,27,4,3,156,88,1572.7,220,98,81,2001
0,18,2,0,159,45,1320.3,186,77,34.46,1362
1,22,2,0,157,47,1231.8,162,66,34.46,1222
1,25,2,1,143,61,1189,193,81,36,1420
1,23,3,0,158,97,1671.8,218,96,104,2192
0,22,3,0,175,52,1532.6,205,113,42,1650
0,23,3,0,176,69,1669.9,269,59,61,1861
0,20,3,0,163,46,1432.2,176,75,40,1364
0,33,3,0,164,47,1347,199,74,35,1407
0,16,3,0,188,54,1696.3,259,109,39,1823
0,17,3,0,170,68,1659.6,265,72,67,1951
1,42,3,0,158,105,1636.3,327,131,75,2507
0,23,2,1,162,81,1675.1,252,110,68,2060
0,26,3,0,168,117,2063.6,277,139,107,2627
0,22,3,2,176,81,1795.6,309,86,83,2327
1,40,3,0,138,80,1336.9,223,67,76,1844
1,41,2,0,162,40,1080.8,129.225,57,34.46,1055
0,22,2,0,173,101,1980.5,360,158,105,3017
0,25,3,0,174,54,1468.2,171,68,61,1505
0,19,4,0,179,83,1899.9,224,126,76,2084
1,22,4,0,151,57,1246.6,160,91,58,1526
1,27,3,0,166,87,1622.3,317,81,79,2303
1,22,2,1,149,58,1250.1,187,70,35,1343
0,30,4,0,163,102,1877.8,303,141,67,2379
0,41,3,0,161,101,1783.9,257,142,102,2514
0,20,3,3,155,101,1871.5,277,129,95,2479
0,26,3,0,162,108,2043.2,363,145,61,2581
1,36,3,0,156,40,1025.5,131,52,35,1047
1,39,3,0,157,80,1425.2,163,83,63,1551
0,28,2,1,159,64,1526,241,52,75,1847
0,29,3,1,177,127,2246.1,330,166,95,2839
0,24,4,0,163,89,1793,381,123,53,2493
1,20,2,2,157,74,1481.7,182,102,55,1631
1,23,2,4,156,43,1131.3,180,56,34.46,1254
0,24,4,1,174,65,1577.9,307,105,64,2224
0,24,3,0,169,117,2034.8,395,152,59,2719
1,32,3,0,141,89,1455.2,297,91,66,2146
0,23,4,0,186,83,1940.7,336,118,67,2419
1,51,3,0,156,77,1354,178,73,73,1661
0,23,3,0,162,120,2105.4,382,126,82,2770
1,23,3,0,153,45,1123.5,186,58,34.46,1286
0,25,2,0,153,45,1271.1,194,66,68,1652
0,31,4,0,152,88,1678.4,245,155,79,2311
0,21,3,0,177,56,1533.5,301,105,49,2065
0,26,2,4,183,80,1831.9,297,112,75,2311
1,26,2,3,156,62,1341.3,142,97,41,1325
0,55,3,0,175,56,1357.2,188,73,64,1620
0,27,2,4,174,71,1659,268,108,72,2152
0,20,2,0,183,94,2003.8,387,116,82,2750
0,23,3,1,175,66,1650.5,323,97,40,2040
1,20,2,1,165,84,1626.2,246,76,84,2044
0,33,3,0,164,45,1298.5,200,78,40,1472
0,50,4,0,151,85,1530.9,254,108,70,2078
1,22,3,0,157,54,1270.6,154,65,54,1362
0,25,3,0,157,113,2035.2,248,161,92,2464
0,33,3,0,169,50,1419.6,129.225,66,73,1438
0,22,4,4,178,67,1636.5,230,121,61,1953
0,22,2,0,159,119,2082.7,336,127,107,2815
0,24,2,4,179,81,1842.2,151,152,72,1860
0,56,3,0,164,50,1219.4,133,59,45,1173
1,34,3,0,153,75,1349.8,205,93,54,1678
0,33,3,0,170,71,1637.5,218,104,73,1945
0,19,3,0,168,44,1407.8,138,79,52,1336
0,21,3,1,165,103,1974.1,382,148,88,2912
1,29,3,0,143,91,1493.7,244,140,75,2211
0,25,3,0,168,106,1988.6,312,125,80,2468
1,30,3,0,139,99,1544.4,362,103,55,2355
0,25,3,0,171,111,2023.8,409,100,78,2738
0,23,2,4,166,69,1603.6,265,87,85,2173
0,17,2,0,163,95,1838.4,303,92,102,2498
1,43,2,0,166,87,1517.6,229,89,82,2010
0,24,3,4,175,51,1499.5,207,77,48,1568
1,40,4,0,145,76,1303.3,134,105,74,1622
0,23,2,0,163,56,1460.1,252,102,41,1785
1,48,3,0,158,44,1004.2,131,53,37,1069
0,44,3,0,155,89,1608.7,323,137,93,2677
0,25,3,0,174,50,1530.1,209,59,69,1693
0,22,3,0,171,74,1711.5,251,68,61,1825
1,23,2,4,161,49,1226.6,202,76,34.46,1422
0,21,3,0,170,85,1814.5,231,136,55,1963
0,22,3,0,167,94,1934,242,143,102,2458
0,23,3,1,176,67,1661.8,271,64,63,1907
1,24,4,3,160,95,1641.2,212,82,74,1842
1,39,2,0,155,75,1348.1,210,98,62,1790
1,38,2,0,156,76,1406.1,233,119,43,1795
1,19,2,1,153,56,1270.7,199,69,47,1495
0,23,4,0,164,77,1720.1,256,92,59,1923
0,28,3,0,167,50,1394.7,188,80,49,1513
0,25,3,0,164,98,1874.6,298,105,86,2386
0,24,2,0,165,72,1613.9,312,85,65,2173
1,35,3,0,160,43,1096.1,166,51.69,40,1231
0,24,2,0,163,43,1318.5,199,51.69,53,1480
1,23,2,1,165,78,1552.3,266,56,83,2035
1,22,2,0,163,59,1346.7,232,76,34.46,1542
0,34,3,0,154,87,1666.4,373,107,66,2514
0,50,4,0,155,89,1592,278,131,78,2338
0,23,3,0,168,61,1573.1,246,71,57,1781
0,27,4,0,169,116,2066.9,383,144,102,3026
1,50,2,0,153,66,1212.6,235,95,34.46,1630
1,35,3,3,164,69,1388.1,159,75,63,1503
0,27,2,1,174,82,1768.9,263,122,84,2296
0,25,3,0,153,102,1789,372,112,91,2755
1,44,3,0,141,108,1600.2,268,147,65,2245
1,19,3,1,167,90,1633.3,244,115,68,2048
1,21,3,0,159,61,1305.3,223,84,59,1759
1,27,3,0,147,85,1443.7,233,113,62,1942
0,28,3,0,174,104,2001.2,334,108,73,2425
1,19,3,1,166,46,1289.1,135,68,45,1217
0,22,4,0,171,81,1795,301,132,62,2290
1,29,3,0,152,73,1337.1,220,83,77,1905
1,24,4,0,146,58,1208.4,145,54,57,1309
1,22,3,0,153,50,1213.5,131,73,39,1167
1,23,2,0,153,44,1114.3,142,70,34.46,1158
0,22,3,0,157,108,1981.3,310,137,102,2706
1,26,3,0,152,66,1276.9,224,95,39,1627
1,21,3,0,163,51,1280.5,129.225,68,44,1185
0,29,4,1,163,103,1892.8,304,139,103,2699
0,23,3,0,163,47,1371.3,175,73,35,1307
1,16,2,0,155,56,1257.1,156,86,39,1319
1,18,3,0,163,44,1252.1,143,57,38,1142
0,29,4,0,175,107,1989.6,334,75,73,2293
1,29,3,4,161,45,1141,216,61,34.46,1418
1,22,3,0,162,62,1388.6,157,89,70,1614
1,27,4,0,169,68,1471.5,222,87,43,1623
0,38,3,0,164,112,1912.8,215,142,109,2409
0,22,2,2,169,51,1440.6,191,111,42,1586
0,27,2,0,168,133,2253.3,382,119,109,2985
0,29,4,4,175,124,2176.3,389,111,78,2702
0,27,2,2,172,77,1717.9,236,120,44,1820
0,36,3,0,164,112,1944.3,349,94,107,2735
1,24,2,0,156,63,1310.6,136,64,47,1223
0,21,2,2,177,58,1615.8,195,93,55,1647
0,40,3,0,180,82,1737.9,221,113,60,1876
1,28,3,0,168,45,1177.9,137,51.69,47,1178
0,20,3,2,167,65,1585.4,190,74,70,1686
1,21,3,0,170,45,1218.9,170,53,37,1225
1,28,3,0,151,99,1642.1,339,88,59,2239
1,37,3,0,156,98,1553.1,295,114,86,2410
0,40,3,0,156,91,1681.4,149,165,74,1922
1,23,2,0,164,58,1310.3,187,89,42,1482
0,22,4,0,168,101,1910.5,262,123,105,2485
1,27,3,0,146,94,1551.7,326,88,80,2376
1,28,2,0,145,84,1467.3,191,90,89,1925
1,49,4,0,155,86,1349.7,296,103,63,2163
0,26,3,0,178,131,2258.6,385,154,103,3083
0,31,3,1,173,93,1832,261,113,96,2360
1,24,3,4,166,55,1320,230,51.69,46,1541
1,25,2,0,156,50,1158.5,156,53,45,1241
0,25,2,0,168,63,1559.6,239,57,56,1688
0,23,2,0,182,65,1621.4,242,97,48,1788
0,29,2,1,168,92,1765.2,295,111,81,2353
0,21,2,1,178,75,1765,249,100,79,2107
0,24,3,0,165,46,1367.2,213,61,40,1456
1,35,2,0,164,59,1308.2,155,68,52,1360
1,25,3,0,145,86,1492.6,153,97,79,1711
0,24,2,0,162,98,1902.4,320,147,102,2786
0,24,3,1,169,106,2023.2,393,157,78,2902
0,19,3,0,154,99,1883.1,327,147,84,2652
0,24,2,1,174,87,1838.7,332,157,65,2541
1,21,3,0,160,64,1351.2,224,76,41,1569
0,27,3,3,182,79,1773.7,218,131,79,2107
0,23,3,3,168,59,1498.3,214,65,52,1584
0,25,3,0,159,105,1917.9,308,160,107,2835
0,24,3,0,166,39,1331.5,140,56,37,1117
1,32,2,0,157,79,1413.3,266,82,56,1896
0,21,3,0,172,82,1830.2,357,117,90,2706
0,16,3,4,172,78,1780.1,264,102,67,2067
1,22,3,0,158,80,1515.2,281,106,59,2079
1,21,2,1,147,41,1145.4,132,64,48,1216
1,28,2,1,145,55,1093.6,155,56,36,1168
0,23,3,0,168,104,1998,394,86,98,2802
0,22,2,0,168,105,2029.1,335,122,104,2764
0,23,2,0,178,92,1938.7,293,146,53,2233
0,34,3,0,172,54,1434.6,212,104,54,1750
0,24,3,0,165,85,1766.6,274,119,77,2265
1,19,3,4,157,75,1439.8,253,85,47,1775
1,23,3,0,153,89,1614.6,305,105,87,2423
0,44,3,0,176,45,1332.9,160,72,52,1396
1,50,3,0,155,107,1611.7,347,98,72,2428
0,24,2,0,184,68,1696.7,251,91,53,1845
1,21,4,0,136,57,1144.4,129.225,94,44,1289
1,23,3,1,163,47,1202.1,159,83,35,1283
0,23,4,0,157,87,1755.6,241,87,101,2221
1,23,3,0,157,44,1127.2,129.225,54,48,1165
1,27,3,0,153,97,1679.7,281,126,75,2303
1,26,3,0,163,70,1400.4,202,98,59,1731
0,23,3,0,168,46,1374.5,227,69,43,1571
0,25,4,0,185,89,1954.3,288,118,102,2542
1,22,3,0,144,89,1555.7,282,91,59,2023
0,20,3,0,169,69,1658.5,241,105,70,2014
0,31,3,0,163,81,1706.6,257,123,74,2186
0,29,3,1,177,126,2213.9,329,157,105,2889
1,23,2,0,162,56,1268.3,129.225,72,60,1345
0,21,2,0,161,57,1453.5,245,69,34.46,1566
0,43,3,0,156,87,1691.6,214,97,89,2045
1,22,2,3,143,52,1165.2,161,86,47,1411
0,21,2,0,164,67,1607.3,231,123,47,1839
0,21,2,0,185,88,1970,346,85,68,2336
1,21,3,4,158,54,1247.1,184,51.69,35,1258
1,43,3,0,158,110,1713.6,235,117,95,2263
1,29,3,0,139,86,1450.1,196,105,74,1870
0,38,3,0,168,116,2011.7,241,143,93,2373
0,23,3,0,162,43,1353.4,214,64,43,1499
0,24,4,0,174,109,2062.9,376,139,100,2960
0,24,3,2,174,86,1769.8,383,117,62,2558
0,22,2,0,174,77,1742.9,251,123,56,2000
0,21,2,0,161,67,1630.4,214,96,66,1834
1,24,2,0,172,73,1505.8,233,87,56,1784
0,20,3,0,151,96,1827.7,272,141,88,2444
0,23,3,0,168,62,1536.6,187,76,35,1367
1,21,3,0,162,54,1316.3,201,81,39,1479
1,23,2,0,171,55,1361.7,174,62,64,1520
0,32,4,0,161,98,1837.7,315,129,81,2505
0,23,3,0,169,82,1797.6,286,94,52,1988
1,22,4,0,152,51,1162.8,170,51.69,48,1319
0,23,2,4,180,63,1653.6,233,60,53,1649
0,20,3,0,161,49,1406.3,159,89,59,1523
0,21,3,1,171,64,1605.7,251,90,54,1850
0,23,3,0,171,62,1602.8,273,101,59,2027
1,21,2,1,142,57,1191.3,145,84,52,1384
1,28,3,0,158,46,1118.2,133,59,35,1083
0,21,3,0,176,97,1952.4,332,154,88,2736
1,28,3,0,154,94,1640.5,267,113,75,2195
0,19,2,0,157,63,1468,237,101,58,1874
0,23,4,0,156,89,1819.8,176,110,99,2035
1,28,3,1,146,97,1571.3,242,96,79,2063
0,25,3,0,167,74,1651.9,166,131,68,1800
0,22,3,3,173,73,1691.4,317,111,57,2225
0,23,2,4,175,82,1776.6,308,114,67,2291
1,21,3,1,173,79,1602.7,247,62,70,1866
0,23,3,0,167,106,1977.3,297,141,95,2607
0,32,3,0,173,53,1417.6,180,52,35,1243
0,23,2,0,165,54,1513.4,161,61,71,1527
0,21,2,1,146,71,1541.9,261,86,75,2063
0,21,3,0,173,51,1491.9,219,52,44,1480
0,22,3,0,175,80,1821.3,283,113,75,2259
0,24,3,0,154,112,1943.8,287,113,101,2509
1,20,3,1,160,55,1306.3,154,76,35,1235
1,22,2,0,139,72,1301.9,202,86,54,1638
0,24,4,0,169,97,1900.2,278,125,100,2512
0,23,3,0,166,49,1376.6,152,88,49,1401
1,29,3,0,168,108,1855,356,89,86,2554
1,26,3,0,152,94,1619.1,266,125,42,1942
1,30,4,0,160,95,1644.7,180,140,88,2072
0,25,2,2,170,65,1572.6,195,62,79,1739
1,19,4,2,178,70,1534,191,122,62,1810
0,27,4,1,185,86,1883.1,265,131,89,2385
0,24,2,0,166,74,1605.8,216,93,73,1893
0,29,2,0,156,84,1665.4,310,108,86,2446
1,22,4,1,175,72,1544.6,166,80,78,1686
1,40,2,1,160,80,1458.3,215,106,74,1950
1,36,3,3,157,98,1607.6,253,118,97,2357
1,48,3,0,158,45,1008.1,132,56,37,1085
0,21,2,0,180,76,1770.3,350,74,53,2173
0,47,3,2,170,89,1701.5,365,83,78,2494
0,21,4,0,167,114,2119.1,378,86,107,2819
1,40,3,0,142,81,1402.4,293,81,39,1847
1,30,4,0,164,93,1616.3,178,97,83,1847
0,23,2,1,145,71,1465,223,91,58,1778
1,32,2,2,156,79,1396,211,72,57,1645
0,25,4,2,143,67,1477.5,265,96,53,1921
0,24,2,0,163,68,1574.1,145,111,81,1753
0,22,3,0,159,117,2082.9,385,147,103,3055
0,21,3,4,167,59,1533.9,141,95,66,1538
1,22,2,1,158,49,1196.5,165,51.69,60,1407
0,26,4,3,178,70,1697.3,258,124,69,2149
1,41,3,0,157,107,1651.3,257,97,79,2127
0,44,3,0,154,88,1614.4,290,76,82,2202
0,22,4,4,172,70,1672.4,253,115,78,2174
1,20,2,1,157,56,1279.9,156,65,47,1307
0,21,3,0,152,96,1757.3,269,131,89,2401
0,21,2,0,167,58,1570.2,195,68,51,1511
1,22,2,0,158,78,1551.5,179,102,75,1799
1,22,2,0,151,60,1302.5,179,69,47,1415
1,46,4,0,137,71,1217.9,197,68,48,1492
1,23,3,0,159,78,1486.6,290,103,41,1941
0,29,3,0,169,57,1497.1,267,79,45,1789
0,22,3,1,180,73,1744,268,126,46,1990
1,36,3,0,161,48,1132.4,193,55,40,1352
0,25,3,0,174,51,1524.8,205,62,57,1581
1,23,3,0,158,49,1205.2,129.225,62,61,1314
1,24,3,0,170,60,1378.8,136,84,45,1285
1,19,2,0,144,70,1353.4,184,111,39,1531
0,23,4,4,165,71,1606.2,269,93,54,1934
0,24,3,2,171,70,1661.9,166,100,72,1712
0,39,4,0,182,110,2080.4,250,145,68,2192
0,21,3,0,168,63,1583.4,312,76,49,1993
0,28,2,0,169,97,1888.3,235,147,47,1951
1,25,2,0,162,78,1508.4,226,93,69,1897
0,21,4,1,169,62,1534.2,195,65,64,1616
1,27,3,1,135,62,1140.1,217,80,54,1674
0,17,3,0,170,68,1588.8,150,89,79,1667
0,39,4,0,181,111,2051.2,356,155,103,2971
1,17,4,1,169,109,1936.7,384,140,54,2582
1,24,2,1,160,75,1481.1,246,84,66,1914
0,36,4,0,158,114,1965.5,327,156,80,2652
1,32,3,0,154,44,1117.6,153,53,34.46,1134
1,21,2,0,156,66,1408.9,228,67,37,1513
1,24,4,1,159,50,1173.6,158,51.69,36,1163
0,20,2,0,130,56,1278.5,206,53,41,1405
1,21,2,1,175,84,1634.8,175,145,58,1802
1,21,2,1,161,65,1360,201,84,34.46,1450
1,24,4,0,142,87,1461.6,136,104,72,1608
1,27,2,0,157,75,1407.6,252,67,61,1825
1,26,3,0,161,47,1166.1,139,82,37,1217
0,31,3,0,173,51,1505.6,208,58,65,1649
0,19,3,0,170,54,1511.5,209,51.69,43,1430
0,26,2,4,165,81,1700,292,128,87,2463
1,24,2,0,161,54,1243.1,187,55,56,1472
1,22,3,2,153,65,1362.3,248,51.69,63,1766
0,24,2,1,176,87,1882.5,385,102,48,2380
1,47,2,0,146,103,1515.8,251,129,99,2411
0,30,2,1,172,93,1902.4,271,108,67,2119
0,27,3,1,163,87,1767.3,347,109,61,2373
0,21,3,2,179,73,1684.9,166,136,79,1919
1,42,2,0,155,64,1250.6,129.225,102,55,1420
1,24,2,0,152,74,1437.3,151,77,43,1299
1,22,2,1,146,41,1008.1,138,51.69,34.46,1069
1,38,3,0,162,38,1070.9,173,53,34.46,1214
0,21,4,1,174,60,1621.8,227,87,61,1805
0,22,3,4,174,72,1692.1,170,120,73,1817
1,21,3,0,150,53,1225.8,154,72,61,1453
0,25,3,0,161,103,1877.4,344,94,92,2580
1,24,4,0,153,63,1327,129.225,85,63,1424
0,24,3,1,177,71,1714.6,243,93,93,2181
1,19,2,0,163,44,1183.6,151,80,36,1248
1,47,4,0,146,74,1210.4,214,68,45,1533
0,25,3,0,167,61,1572.8,234,69,62,1770
0,24,3,0,173,76,1724.6,205,114,91,2095
1,62,2,0,151,79,1221.1,203,51.69,55,1514
1,21,2,1,155,69,1420.6,286,114,55,2095
0,20,4,4,177,70,1685.3,284,97,69,2145
0,22,3,0,180,69,1741.7,187,84,62,1642
1,23,4,2,171,71,1502.2,228,91,55,1771
0,23,2,0,165,114,2037,380,152,66,2722
1,24,2,0,155,56,1246.9,195,51.69,60,1527
0,22,3,1,179,72,1703.1,261,133,52,2044
1,22,2,2,151,64,1351.6,184,78,65,1633
1,51,3,0,147,93,1383.7,192,94,73,1801
0,22,3,0,169,65,1593.5,229,51.69,58,1645
0,23,3,2,168,72,1642.9,257,125,49,1969
1,39,3,0,146,98,1530.8,328,115,55,2267
1,23,3,1,164,86,1593,225,123,46,1806
0,22,2,3,176,67,1660.5,190,100,47,1583
1,24,3,0,137,74,1311.6,286,73,53,1913
0,21,3,0,164,47,1368.3,193,54,42,1366
1,44,2,1,142,57,1109.7,186,55,62,1522
0,23,3,0,169,86,1806.9,283,93,101,2413
0,23,4,0,166,49,1401.7,159,107,42,1442
0,24,2,0,164,75,1650.5,352,81,70,2362
1,22,3,4,167,73,1513.5,209,96,63,1787
0,53,3,0,169,50,1291.2,177,78,50,1470
1,35,3,1,155,39,976.6,142,51.69,34.46,1085
1,22,2,1,152,78,1445.7,150,124,60,1636
1,25,3,0,157,98,1697.6,240,68,79,1943
0,19,3,0,154,94,1808.7,310,127,82,2486
1,15,2,3,168,65,1470.2,196,61,62,1586
1,36,3,0,141,99,1585.5,248,110,97,2305
1,23,2,0,160,63,1353.4,129.225,76,68,1433
1,22,2,1,160,67,1427.6,201,97,53,1669
1,28,2,0,155,87,1541.4,309,103,62,2206
0,30,3,0,167,47,1369.8,136,54,64,1336
0,40,4,0,181,110,2004.3,377,132,101,2945
1,24,2,0,137,50,1088.6,167,61,45,1317
0,25,2,0,173,64,1570,280,103,36,1856
1,19,3,4,165,63,1439.8,175,90,50,1510
0,15,3,3,159,47,1378,156,92,36,1316
0,25,2,0,164,75,1647.1,250,111,82,2182
0,24,3,0,166,74,1629.9,167,94,63,1611
1,27,3,0,153,59,1287.9,231,74,45,1625
1,21,2,1,155,75,1440.5,189,83,72,1736
0,25,4,0,166,83,1731.2,384,107,37,2297
0,30,3,0,175,98,1932.5,331,129,68,2452
1,28,2,0,140,55,1093.4,129.225,65,34.46,1087
0,31,3,0,176,77,1672.1,238,86,79,2007
1,38,4,0,152,65,1321.2,166,52,70,1502
0,21,2,4,168,58,1556.6,218,105,49,1733
0,25,2,0,163,43,1289.1,131,90,39,1235
0,20,3,2,163,62,1500.5,129.225,91,70,1511
0,43,3,0,169,110,1953.8,382,141,102,3010
0,33,3,0,163,47,1326.8,149,75,40,1256
0,28,3,0,152,86,1701.8,298,131,78,2418
0,26,3,0,168,96,1847.2,334,116,53,2277
0,23,3,0,165,55,1476.6,188,97,48,1572
0,17,3,0,152,93,1759.7,370,116,55,2439
0,26,3,0,169,89,1810.3,279,82,93,2281
1,48,2,0,148,71,1238.1,209,119,34.46,1622
0,23,3,0,175,80,1749.5,228,110,61,1901
0,25,3,0,157,44,1340.1,166,70,65,1529
1,23,4,2,152,56,1222.3,180,52,41,1297
0,22,2,0,173,100,1930.7,391,98,67,2559
0,20,3,2,169,45,1381.5,129.225,56,53,1218
1,22,3,0,158,42,1191.8,166,56,38,1230
1,44,4,0,141,69,1185.7,219,75,43,1563
1,48,3,0,154,108,1636.6,326,141,81,2597
1,25,3,0,138,74,1291.7,175,83,45,1437
1,23,3,1,152,64,1307.6,189,68,39,1379
1,21,2,0,144,69,1303.3,207,75,46,1542
0,22,3,0,169,92,1853.5,297,80,84,2264
0,23,3,0,165,84,1803,343,125,58,2394
0,24,3,0,179,89,1909.7,210,90,87,1983
1,22,3,0,156,90,1614.5,231,100,74,1990
0,16,3,0,188,55,1623.2,255,72,36,1632
0,34,4,0,175,109,2029.5,334,104,106,2706
0,29,3,0,174,51,1487.9,176,73,45,1401
1,28,3,0,153,59,1260.8,145,92,55,1443
0,20,2,2,163,71,1679.3,159,103,84,1804
1,21,4,0,155,53,1254.4,160,51.69,50,1297
0,25,3,2,165,61,1458.7,184,66,73,1657
0,20,3,3,182,60,1643.4,243,52,61,1729
1,24,3,0,160,60,1243.5,153,60,38,1194
0,24,3,1,164,46,1374.9,132,63,61,1329
0,24,2,4,159,70,1546.6,251,87,66,1946
0,26,3,0,172,107,1960.3,344,127,82,2622
0,29,2,2,163,46,1383.8,149,98,50,1438
1,23,4,4,169,82,1570.4,263,110,71,2131
0,57,2,0,166,86,1579.2,349,84,54,2218
0,23,2,0,166,75,1698.1,276,91,59,1999
0,19,2,0,160,45,1374.2,190,51.69,47,1390
0,22,3,0,166,49,1415.7,129.225,121,48,1433
0,70,2,0,168,77,1445.6,229,97,62,1862
0,23,2,3,169,66,1563,202,82,49,1577
0,47,3,1,171,83,1644.6,188,96,99,2027
1,24,4,0,147,59,1232.7,225,51.69,46,1521
1,16,3,4,172,65,1433.6,287,61,58,1914
0,31,2,0,164,67,1544.5,200,72,60,1628
0,23,3,4,162,110,2009.5,130,181,102,2162
1,25,2,0,157,76,1443.9,201,90,55,1659
1,27,3,0,163,41,1167.3,145,51.69,34.46,1097
1,22,2,1,145,40,1081.6,163,51.69,34.46,1169
1,22,2,3,147,69,1346.4,220,106,45,1709
0,32,3,0,157,89,1729.4,236,123,71,2075
0,20,3,0,169,44,1459,196,51.69,43,1378
0,21,4,1,182,81,1846,247,110,67,2031
0,22,3,0,162,116,2034.2,395,116,75,2719
0,25,3,0,165,112,2063.3,359,174,41,2501
1,41,4,0,162,46,1126.7,162,65,39,1259
0,31,2,1,173,99,1971.2,279,107,83,2291
0,25,4,0,170,77,1736.4,169,94,81,1781
0,23,3,0,175,97,2018.7,290,104,100,2476
1,23,3,0,154,79,1505.5,317,105,57,2201
0,21,3,0,159,41,1353.9,196,76,42,1466
1,20,2,1,165,80,1569.2,166,102,79,1783
1,28,3,0,169,48,1234.4,178,51.69,61,1468
1,31,3,0,157,76,1439,220,92,61,1797
0,25,3,0,170,46,1413.5,139,79,53,1349
0,28,3,0,170,50,1392.3,228,62,42,1538
0,21,3,1,171,64,1622.9,225,117,53,1845
0,24,3,4,170,81,1763.2,302,103,63,2187
1,20,4,0,139,56,1161,214,86,49,1641
0,22,3,0,155,98,1868.6,178,125,85,1977
0,25,3,0,169,93,1818.6,252,134,76,2228
0,21,3,0,168,80,1760.9,255,125,63,2087
0,50,2,1,161,67,1457.1,258,96,34.46,1726
0,22,2,0,166,62,1570,202,59,57,1557
0,31,3,0,156,90,1707.3,170,124,90,1986
0,54,3,3,154,87,1580,306,120,97,2577
1,21,4,1,170,52,1323.7,153,89,52,1436
1,24,4,0,153,51,1188.2,138,70,40,1192
0,37,2,0,173,108,2026.4,311,157,97,2745
1,23,3,0,160,38,1100.5,134,54,45,1157
0,24,4,1,181,71,1742.1,329,78,73,2285
0,27,2,1,172,94,1903.2,241,103,84,2132
0,22,4,0,156,73,1554.1,244,74,61,1821
0,18,2,1,166,71,1634.7,273,93,59,1995
1,21,2,2,156,56,1230.9,143,81,50,1346
1,27,2,1,153,51,1199.3,159,84,35,1287
0,28,3,0,176,75,1707.1,278,126,50,2066
0,21,4,0,158,76,1637.9,362,92,62,2374
0,22,3,0,168,61,1538.2,134,85,73,1533
0,18,2,0,164,72,1688.8,245,117,76,2132
1,24,2,0,156,63,1299.2,187,69,34.46,1334
0,23,3,0,165,50,1431.5,182,65,43,1375
0,16,2,0,166,77,1712.7,241,104,55,1875
1,27,3,0,155,45,1158.3,156,73,34.46,1226
0,23,3,2,164,43,1316.5,138,55,37,1105
0,22,2,0,165,63,1526.1,230,74,74,1882
0,24,3,0,165,47,1386,141,56,37,1121
1,22,4,2,157,78,1488.4,210,131,65,1949
1,40,3,0,154,100,1557.4,281,72,73,2069
0,21,3,4,165,72,1656.1,329,93,78,2390
0,56,3,0,157,85,1574.8,357,75,78,2430
0,21,3,0,167,71,1709.5,270,63,62,1890
1,50,2,0,151,81,1346.2,220,108,39,1663
0,52,3,0,167,50,1253.4,202,75,44,1504
1,58,4,0,143,78,1220.3,206,103,59,1767
0,29,3,0,164,97,1863.9,327,101,100,2612
0,22,3,1,165,67,1577,145,109,62,1574
0,27,3,0,168,67,1575.6,260,61,40,1644
0,30,2,1,166,91,1820.2,283,121,78,2318
0,26,3,0,171,120,2160.1,389,118,106,2982
1,21,4,0,141,82,1400.9,248,67,55,1755
0,25,2,2,163,70,1621.5,240,101,46,1778
0,21,4,0,169,69,1686.1,196,88,54,1622
1,19,2,1,164,71,1429.3,198,72,72,1728
0,25,2,2,164,70,1594.1,256,63,65,1861
1,48,4,0,148,72,1243.5,160,89,68,1608
1,19,2,0,145,69,1304.1,246,87,42,1710
1,26,3,2,162,86,1591.7,265,108,61,2041
1,20,2,0,166,71,1504.9,205,92,35,1503
0,25,3,0,163,107,1968.8,381,137,99,2963
1,57,2,0,142,70,1081.6,214,87,65,1789
0,25,3,2,169,79,1732.3,270,98,55,1967
0,29,3,0,171,99,1936.2,145,144,96,2020
0,21,3,0,175,78,1796.9,195,102,79,1899
0,21,3,0,171,50,1441.5,208,79,46,1562
1,25,3,4,159,44,1173.8,161,66,47,1331
0,27,3,1,174,76,1753.4,138,104,90,1778
1,39,3,0,159,43,1099.4,153,59,46,1262
0,26,4,1,179,134,2356.2,360,165,110,3090
1,15,2,0,153,54,1215.1,137,55,43,1155
0,22,3,0,174,74,1698.6,262,95,56,1932
1,28,2,0,156,75,1387.8,197,90,60,1688
1,44,3,1,165,43,1095.8,162,58,36,1204
0,16,4,0,158,73,1701.5,299,73,65,2073
0,23,3,0,164,119,2136.6,314,158,106,2842
0,25,3,0,153,103,1891.7,377,151,78,2814
0,22,4,3,173,73,1696,178,122,68,1812
0,23,3,0,176,66,1661.5,317,54,53,1961
0,25,3,0,157,103,1908.9,311,137,82,2530
0,23,2,0,167,107,1975.7,367,148,83,2807
1,31,3,0,163,41,1116.6,131,73,36,1140
0,49,3,0,171,52,1342,234,86,34.46,1590
1,21,2,0,164,78,1554.7,280,63,49,1813
0,23,4,3,165,70,1610.3,129.225,115,86,1751
1,50,4,0,156,82,1422.6,208,67,81,1829
1,25,3,0,144,90,1443.4,310,100,69,2261
0,42,4,0,183,109,2067.5,375,152,76,2792
0,22,3,0,160,43,1280.4,165,56,52,1352
0,48,3,0,158,91,1656.6,235,122,80,2148
1,23,3,0,160,91,1613.6,194,139,51,1791
0,36,2,0,173,55,1449.3,206,70,72,1752
0,23,4,1,139,70,1488.9,215,85,73,1857
0,28,3,3,171,53,1448.7,250,51.69,39,1558
0,24,2,0,165,49,1428.1,204,69,42,1470
1,22,4,1,141,87,1497.1,235,95,79,2031
0,23,3,0,175,111,2122.2,375,150,89,2901
0,22,4,4,177,64,1622.2,184,56,62,1518
0,21,4,4,161,84,1775.4,209,110,71,1915
0,22,3,1,167,48,1374.2,159,90,51,1455
0,29,2,0,161,79,1652.5,287,104,57,2077
1,37,3,0,156,101,1658.6,297,119,81,2393
0,23,3,0,165,107,1976.5,397,105,74,2674
0,24,4,0,165,58,1518,158,79,44,1344
1,55,2,0,151,70,1298.2,129.225,79,62,1391
1,21,3,0,155,57,1284.2,210,51.69,52,1515
1,56,4,0,143,76,1230,142,99,56,1468
0,24,3,1,172,75,1724.1,265,139,61,2165
0,27,4,1,183,111,2126.1,365,162,82,2846
0,25,3,0,157,90,1801,339,150,81,2685
1,25,3,2,160,62,1349.5,236,58,57,1689
0,28,3,0,169,92,1836.6,311,97,63,2199
0,21,3,3,170,60,1537.9,175,58,70,1562
1,26,3,2,167,70,1480,285,58,44,1768
0,20,4,0,183,80,1918.1,310,74,60,2076
0,17,4,3,176,69,1723.2,249,101,58,1922
1,21,3,0,153,65,1330.7,179,77,45,1429
1,50,2,1,165,47,1086.6,166,67,34.46,1242
1,19,3,2,166,75,1543.7,204,130,38,1678
1,29,3,0,169,79,1538.4,236,51.69,34.46,1461
1,36,3,0,157,99,1662.5,300,103,96,2476
1,27,2,3,161,54,1216.6,179,90,34.46,1386
0,21,2,0,168,61,1565.7,270,102,63,2055
1,21,4,0,151,51,1125.8,139,62,46,1218
0,25,3,0,162,50,1404.1,184,78,53,1525
1,33,2,0,152,72,1361,254,70,54,1782
1,37,4,0,163,45,1144.6,137,55,45,1173
0,26,2,0,170,51,1407.3,155,70,44,1296
0,25,2,1,170,99,1986.9,325,121,90,2594
1,20,2,0,162,59,1379.7,156,59,52,1328
1,23,3,0,156,48,1244.7,229,52,34.46,1434
0,50,3,0,170,51,1332.5,159,79,41,1321
0,21,3,0,164,46,1381.3,135,81,36,1188
1,20,4,2,156,62,1308.1,220,71,60,1704
0,24,3,0,170,107,1997.7,243,126,82,2214
0,23,3,0,163,114,2022.6,384,111,102,2898
1,19,3,0,160,63,1355.4,204,101,63,1787
0,28,3,0,163,80,1683.7,249,84,84,2088
0,27,3,1,169,94,1873,309,92,94,2450
1,22,3,4,130,58,1116.1,129.225,102,57,1438
1,22,3,3,164,69,1449,221,69,46,1574
0,23,2,3,178,76,1780.7,230,127,57,1941
1,59,2,0,158,77,1304.4,236,87,63,1859
0,24,2,4,169,68,1636.5,161,59,74,1546
0,22,2,0,175,71,1712,240,119,60,1976
0,35,3,0,174,56,1430,208,65,45,1497
1,32,3,0,160,47,1121.2,144,59,44,1208
0,26,3,2,174,91,1848.6,268,98,95,2319
0,23,2,0,167,48,1402.3,131,89,49,1321
0,62,3,4,165,58,1314.9,212,105,45,1673
1,29,4,0,143,80,1379.5,250,93,53,1849
0,22,3,0,185,69,1787.8,282,71,54,1898
0,41,3,2,155,85,1549.5,283,91,65,2081
1,35,4,2,165,70,1409.6,208,133,60,1904
0,26,2,1,166,85,1790.1,193,110,72,1860
0,24,3,0,170,48,1459.1,172,86,50,1482
1,23,3,0,146,88,1469.5,216,101,58,1790
1,47,2,1,161,47,1050.1,156,51.69,42,1209
1,23,3,0,162,46,1249.7,147,83,37,1253
1,22,3,0,164,65,1391.8,195,68,47,1475
0,22,2,0,164,54,1508.8,191,53,61,1525
1,21,4,0,152,63,1309.4,208,64,64,1664
0,35,3,0,168,47,1352,200,73,57,1605
1,46,3,0,160,98,1543.4,231,105,89,2145
0,23,3,0,170,84,1776,393,94,37,2281
0,22,3,1,172,101,2033.8,314,125,86,2530
0,23,3,3,177,72,1701.2,276,100,68,2116
0,24,2,1,167,85,1802.6,300,122,68,2300
0,25,4,0,179,125,2262.7,281,153,107,2699
0,28,2,1,165,89,1785,324,124,55,2287
0,26,3,0,170,106,2032.2,206,147,66,2006
0,24,3,0,171,99,1937.8,302,110,73,2305
1,21,2,0,157,50,1198.2,133,53,46,1158
1,48,3,0,146,99,1500.7,249,98,94,2234
1,59,3,4,155,53,1059.1,134,76,41,1209
0,26,2,1,170,64,1608.8,195,117,56,1752
0,22,3,0,167,50,1450,227,95,35,1603
0,24,2,0,162,47,1404.3,151,113,62,1614
1,22,3,0,179,59,1446.9,161,73,46,1350
0,21,3,0,177,75,1762.5,235,156,75,2239
0,39,4,0,153,90,1660.7,258,91,81,2125
1,20,2,0,156,44,1226.8,129.225,52,41,1094
1,35,4,2,143,88,1462.7,291,100,46,1978
1,27,2,0,164,53,1258.8,148,89,43,1335
1,57,3,4,158,53,1076.8,160,73,34.46,1242
0,24,2,2,174,76,1769.2,214,129,97,2245
0,28,2,0,164,44,1266.3,151,60,40,1204
0,23,3,0,161,44,1344.8,163,66,51,1375
0,27,3,0,159,69,1527.8,241,79,81,2009
1,32,3,0,163,46,1189,154,51.69,50,1273
1,39,3,0,162,47,1083,132,72,53,1293
0,25,3,0,167,63,1523.7,251,58,71,1875
1,22,4,1,146,39,994.2,129.225,60,34.46,1067
0,22,3,0,168,41,1403.8,168,65,42,1310
1,33,2,1,164,49,1147.8,218,53,34.46,1394
0,27,3,0,168,61,1578.3,258,93,55,1899
0,65,3,4,165,68,1403,228,51.69,76,1803
0,27,3,3,178,68,1631.5,261,51.69,90,2061
0,25,4,0,173,114,2129.6,373,155,88,2904
0,29,3,1,173,94,1854.8,316,151,68,2480
0,22,3,0,156,116,2082.5,392,128,105,3025
0,22,4,1,171,70,1643.9,221,84,55,1715
1,25,2,2,158,61,1313.2,173,86,48,1468
1,21,3,0,161,66,1443,204,69,48,1524
1,29,2,1,144,59,1194,181,61,34.46,1278
1,23,3,0,148,49,1151.4,150,51.69,45,1212
0,26,3,0,158,100,1871.2,277,98,96,2364
0,27,2,1,165,72,1622.9,257,68,76,1984
0,22,3,0,172,80,1751,246,129,72,2148
1,23,3,1,151,68,1397,178,92,50,1530
0,23,3,1,164,67,1575.7,207,79,66,1738
1,20,2,0,134,53,1148.4,142,61,50,1262
1,42,3,0,153,97,1565.6,275,106,100,2424
0,35,3,0,165,62,1468.2,240,59,69,1817
0,29,4,3,178,78,1742.2,260,85,63,1947
1,26,2,0,156,73,1451.6,262,112,64,2072
1,22,3,0,164,68,1471.4,184,87,59,1615
1,20,3,2,161,38,1099.7,136,54,36,1084
1,26,3,0,158,44,1150.5,175,51.69,34.46,1217
0,20,3,4,179,79,1819.6,266,78,35,1691
1,23,3,0,160,61,1375.5,212,80,51,1627
1,21,2,0,155,57,1305.9,198,60,51,1491
1,23,3,0,158,47,1222.9,154,61,40,1220
0,25,2,0,171,80,1756.6,282,66,95,2247
0,28,3,1,170,90,1826.3,274,99,97,2365
0,22,3,1,159,107,1932.5,229,159,89,2353
0,24,2,0,174,76,1695.6,247,94,71,2003
1,27,2,0,143,55,1104.5,154,72,55,1399
0,42,3,0,165,102,1857,372,149,99,2975
0,34,3,0,152,84,1575.6,258,80,91,2171
0,28,3,1,172,90,1839.7,225,114,105,2301
0,34,3,0,155,88,1689,314,123,88,2540
0,15,3,3,170,77,1803.5,152,95,85,1753
1,28,4,0,163,65,1348.7,192,74,68,1676
1,19,2,0,167,67,1445.1,145,102,48,1420
1,22,3,4,164,48,1179,139,51.69,49,1204
1,23,3,0,152,100,1650.1,327,96,74,2358
0,20,2,0,159,43,1371.8,166,51.69,44,1267
1,22,3,1,157,45,1157,129.225,81,34.46,1151
0,25,2,0,170,93,1839.8,352,89,55,2259
1,24,4,0,153,94,1652.3,358,115,57,2405
1,21,3,0,150,88,1494.8,236,67,79,1923
0,42,3,3,156,55,1255.6,159,60,53,1353
1,21,3,1,155,53,1261,135,54,61,1305
1,36,3,0,157,79,1405.3,302,53,49,1861
1,38,3,0,152,64,1231.7,195,85,53,1597
0,20,4,0,157,92,1774.5,323,66,81,2285
1,23,3,0,171,58,1377.1,190,85,46,1514
1,28,3,0,143,96,1487.6,324,118,48,2200
0,24,3,4,156,102,1872.4,387,128,57,2573
0,15,4,0,157,73,1662.7,259,117,76,2188
0,41,4,4,183,110,2069.6,279,103,107,2491
0,21,2,0,183,95,1932.1,133,103,80,1664
0,35,3,0,173,55,1501.4,229,80,64,1812
1,27,3,0,144,93,1522.9,236,88,54,1782
0,23,2,1,176,59,1573.8,223,53,47,1527
0,20,2,2,162,41,1309.1,162,66,48,1344
1,20,3,1,169,86,1643.8,184,143,75,1983
1,50,3,0,153,81,1321.9,274,84,72,2080
1,22,3,1,163,50,1232.6,142,70,34.46,1158
0,22,3,1,164,70,1585.6,245,93,69,1973
0,20,3,0,163,76,1668.7,323,116,52,2224
0,36,4,0,152,86,1648.8,186,120,75,1899
1,22,3,0,172,55,1350.5,161,86,49,1429
1,51,4,0,155,88,1452.3,244,95,49,1797
0,23,3,0,171,78,1761.3,278,74,78,2110
1,21,3,1,158,44,1135.5,168,65,34.46,1242
1,20,3,3,165,44,1199.1,129.225,59,41,1122
1,33,3,0,156,45,1099.7,129.225,68,37,1122
0,25,3,0,169,87,1827,244,134,93,2349
0,26,2,1,171,92,1867.4,321,151,74,2554
0,21,4,0,170,45,1424,182,82,40,1416
0,25,3,0,159,104,1938,351,132,77,2625
0,20,3,0,163,47,1408.8,177,71,46,1406
0,41,3,0,169,110,1996.9,207,150,99,2319
0,19,2,1,170,75,1730.6,237,99,55,1839
0,23,3,2,168,69,1651.1,228,63,62,1722
1,36,3,0,149,82,1421.7,221,63,59,1667
0,23,3,0,165,86,1764.5,334,94,58,2234
1,21,3,0,163,44,1178.8,165,73,49,1393
0,25,3,0,168,106,2035.7,263,133,107,2547
0,58,2,4,169,63,1385.2,187,91,53,1589
0,25,3,0,184,78,1836.2,258,111,67,2079
1,31,3,0,163,45,1180.4,150,51.69,34.46,1117
1,25,4,2,168,60,1389.3,165,85,53,1477
0,25,3,0,173,53,1498.2,173,75,55,1487
1,36,3,0,157,74,1402.4,234,63,46,1602
1,48,3,0,153,83,1391.9,158,123,81,1853
0,29,3,0,151,86,1684.5,249,65,89,2057
1,23,2,0,151,93,1595.3,284,88,66,2082
1,21,2,2,154,53,1261,167,71,35,1267
1,23,2,1,141,56,1193.5,193,66,52,1504
1,27,2,1,145,57,1117.8,141,71,54,1334
1,24,2,0,153,64,1318.7,157,105,41,1417
0,23,3,0,170,71,1675.4,288,51.69,90,2169
1,22,4,2,169,59,1343.6,189,62,41,1373
0,21,2,0,173,78,1739.7,244,104,67,1995
1,22,2,0,156,67,1375.4,230,93,45,1697
0,43,4,0,155,86,1646.3,291,113,58,2138
1,20,2,0,152,48,1140.3,129.225,51.69,50,1174
0,20,3,0,169,112,2098.1,299,129,106,2666
0,22,2,0,162,42,1301.5,172,53,37,1233
0,29,3,0,172,35,1306.2,174,53,34.46,1218
1,23,2,0,152,64,1316.4,198,74,52,1556
1,26,2,0,158,77,1450.3,218,92,55,1735
0,21,4,0,168,70,1606.9,218,70,62,1710
0,24,4,0,174,71,1700,198,132,73,1977
0,23,3,0,183,80,1847.9,308,105,57,2165
0,24,2,3,175,74,1728.1,152,112,55,1551
0,24,3,0,164,106,1973.1,299,136,101,2649
1,22,3,0,134,71,1321.4,226,83,65,1821
1,29,3,0,165,49,1211.1,199,51.69,47,1426
0,21,3,0,169,114,2113.8,383,85,107,2835
0,24,3,0,162,99,1901.1,374,116,100,2860
1,22,3,0,165,46,1219,132,64,39,1135
0,28,2,1,170,97,1898.6,267,164,79,2435
1,26,2,0,163,48,1207.4,184,67,39,1355
0,33,3,3,161,108,1918,254,111,55,1955
1,23,3,2,159,59,1350.1,129.225,79,64,1409
0,24,3,3,169,99,1930.1,329,118,104,2724
1,29,3,0,156,44,1120.8,150,81,42,1302
0,23,4,0,180,72,1761.1,162,99,101,1953
0,23,2,1,171,85,1807.7,218,107,108,2272
0,20,3,0,170,75,1716.9,321,107,61,2261
1,21,2,0,152,52,1228,176,55,35,1239
1,24,4,0,157,86,1528.3,326,77,43,1999
0,23,3,0,173,92,1882.7,275,158,70,2362
1,27,4,0,179,73,1553,129.225,73,79,1520
1,22,3,0,157,49,1149.2,129.225,69,49,1234
0,26,4,0,171,105,2011.8,225,109,106,2290
1,20,2,1,156,68,1403.8,242,84,71,1943
0,50,3,0,172,112,1877.9,286,125,102,2562
1,27,3,0,159,77,1440.2,139,124,76,1736
1,22,3,0,162,55,1325.1,244,86,45,1725
1,29,3,3,155,65,1329.8,217,65,47,1551
0,22,2,0,170,61,1575.3,212,63,65,1685
0,21,3,1,179,87,1893.8,280,105,66,2134
0,21,3,0,172,114,2095.2,312,137,108,2768
1,36,3,0,156,98,1571.7,350,89,96,2620
1,19,3,3,158,55,1230.5,200,61,44,1440
0,22,2,0,161,57,1456.9,198,83,48,1556
1,21,3,1,152,56,1191.3,164,73,43,1335
0,27,3,0,170,51,1418.3,184,70,54,1502
0,28,2,1,170,98,1862.1,359,149,83,2779
0,27,3,0,160,77,1651.5,174,149,78,1994
0,22,4,4,181,70,1686.5,191,89,80,1840
1,39,3,0,156,91,1437.3,253,78,80,2044
0,37,3,0,169,112,2000.8,255,142,108,2560
0,42,3,0,168,111,1913.2,293,109,93,2445
1,29,3,0,142,91,1447,235,139,44,1892
1,22,2,0,175,51,1312.4,131,85,51,1323
1,21,3,4,165,45,1217.9,129.225,76,37,1154
0,23,2,0,169,96,1820.6,355,98,98,2694
0,25,3,4,155,115,1946.2,327,157,92,2764
0,51,3,0,177,93,1786.8,231,149,64,2096
1,19,3,1,160,56,1268.2,174,80,40,1376
1,22,3,1,152,64,1318.1,248,86,51,1795
0,22,3,2,173,74,1677.2,229,100,76,2000
1,37,3,0,156,98,1619.1,374,72,62,2342
1,19,3,0,163,46,1238.3,158,85,34.46,1282
1,19,2,0,142,65,1291.3,184,94,51,1571
1,46,2,0,163,67,1322.3,243,94,35,1663
0,24,3,2,175,78,1768,180,117,83,1935
0,26,3,2,165,78,1676.6,221,100,59,1815
1,22,3,0,130,46,978.3,177,68,42,1358
1,24,2,1,158,43,1098.9,129.225,61,41,1130
1,22,3,0,164,46,1190,129.225,65,52,1245
1,20,2,3,168,59,1377,197,93,42,1538
1,20,4,0,141,75,1326,169,87,44,1420
1,16,4,0,161,60,1398.5,129.225,75,62,1375
0,26,3,2,172,94,1931.7,266,110,81,2233
0,22,3,0,169,74,1677.8,181,101,81,1857
1,26,4,1,145,60,1234.6,191,64,41,1389
0,20,2,1,160,72,1637.4,218,69,66,1742
1,22,4,0,153,54,1231.1,182,78,51,1499
1,22,2,0,155,75,1485.1,179,105,73,1793
0,28,3,0,171,53,1444,172,72,67,1579
0,26,2,2,142,68,1385.9,208,96,63,1783
0,23,2,0,168,99,1956.3,273,126,107,2559
0,35,3,0,173,55,1536.7,193,62,45,1425
1,23,3,2,135,85,1426.9,284,89,69,2113
0,25,3,4,168,77,1647.6,200,120,76,1964
0,22,4,0,180,133,2379.2,321,178,69,2617
1,29,2,4,144,57,1228.6,180,76,44,1420
1,20,2,2,165,57,1418.3,240,66,43,1611
1,29,3,0,163,45,1180.7,129.225,83,48,1281
1,28,3,0,155,93,1627.5,228,128,80,2144
1,22,2,0,174,48,1269.4,187,59,45,1389
0,41,3,3,156,89,1672.5,316,88,92,2444
1,24,3,1,158,44,1133.8,129.225,63,43,1156
1,31,3,0,145,74,1290.1,251,80,34.46,1634
0,27,3,0,172,53,1455.5,184,86,71,1719
1,23,4,0,162,59,1304.5,142,78,50,1330
0,22,4,4,184,68,1728.6,188,90,75,1787
0,22,4,0,170,47,1418.5,170,75,49,1421
1,26,3,0,156,84,1566,208,67,80,1820
0,20,2,1,173,118,2143.5,386,106,103,2895
0,23,3,0,164,45,1314.3,211,57,41,1441
1,27,4,0,151,82,1511.6,201,92,45,1577
0,21,3,1,164,62,1558.7,182,78,66,1634
0,22,2,0,162,55,1482.5,282,57,44,1752
0,34,3,0,153,83,1597.3,387,113,54,2486
0,50,4,0,154,87,1586.2,284,96,78,2222
1,38,3,0,142,81,1410.5,221,119,63,1927
1,31,3,0,152,97,1608.9,216,123,87,2139
1,20,3,0,159,66,1416.7,143,76,62,1434
1,26,2,1,164,48,1194.7,129.225,59,34.46,1063
1,16,3,0,151,50,1171.1,139,61,46,1214
0,17,2,4,164,95,1922.1,320,120,105,2705
1,24,2,3,158,73,1448.9,192,77,68,1688
1,21,2,0,160,98,1729.8,187,143,101,2229
0,35,2,0,166,50,1371.9,188,59,50,1438
1,23,2,0,152,50,1183.6,138,59,54,1274
0,20,4,1,187,92,1970.7,320,158,87,2695
0,23,2,0,173,69,1626.2,240,86,67,1907
0,23,3,2,170,93,1879.3,213,87,77,1893
1,23,4,3,151,54,1195.3,171,59,43,1307
1,37,3,0,161,39,1032,158,51.69,34.46,1149
0,32,4,0,166,103,1901.6,372,123,70,2610
1,24,3,0,158,56,1232.2,158,51.69,58,1361
0,26,3,0,156,114,2003,361,133,102,2894
0,18,4,1,176,67,1637.2,178,103,82,1862
0,27,3,0,155,75,1550.4,129.225,81,70,1471
1,24,3,3,169,55,1341.8,224,58,41,1497
1,21,3,0,163,59,1368.6,149,84,57,1445
1,37,3,0,139,91,1474.6,269,110,83,2263
1,25,3,0,150,55,1197.3,188,90,34.46,1422
1,25,2,0,152,97,1592.7,299,92,79,2275
0,25,3,0,168,94,1877.2,317,67,98,2418
0,50,3,0,166,51,1301.1,185,60,49,1421
1,46,4,0,147,71,1199.9,149,75,50,1346
1,48,3,0,142,77,1241.7,219,75,40,1536
0,18,3,2,188,69,1767.9,217,67,71,1775
0,23,3,0,165,114,2044.8,381,121,74,2674
0,21,4,1,168,62,1500.1,137,90,66,1502
1,24,3,0,160,58,1291.8,192,65,69,1649
1,32,2,3,144,64,1135.7,224,68,49,1609
1,22,3,0,161,77,1535.6,198,98,77,1877
1,40,3,0,140,78,1336.2,301,76,68,2120
1,19,3,4,153,72,1459.7,210,81,59,1695
1,22,2,2,156,67,1413.6,193,63,63,1591
1,22,4,0,159,59,1329.1,221,72,46,1586
1,27,3,0,157,100,1655.3,282,70,63,1975
0,38,4,0,164,101,1830.3,284,121,81,2349
0,19,2,0,155,44,1354.8,171,51.69,60,1431
0,23,2,0,167,56,1509.5,225,76,51,1663
0,25,4,1,162,69,1559.8,222,105,59,1839
0,22,4,2,158,71,1548,223,86,50,1686
0,47,3,0,159,91,1685.1,314,97,59,2175
1,21,3,0,156,56,1248.7,174,80,35,1331
1,56,3,0,141,110,1528.6,226,126,87,2191
1,25,3,0,151,101,1698.6,221,83,99,2107
1,28,3,0,162,44,1149.3,158,69,36,1232
1,26,2,0,161,54,1255,129.225,73,40,1169
1,22,4,0,156,72,1421.8,202,83,56,1644
0,24,2,0,178,69,1665.1,206,128,73,1993
0,29,4,0,169,104,1968.7,378,127,101,2929
1,37,3,0,158,80,1470.2,145,103,75,1667
0,23,4,0,173,69,1680.8,245,88,82,2070
1,28,4,0,142,78,1399.8,219,67,55,1639
0,25,4,0,169,77,1712.5,286,62,91,2211
0,41,3,0,162,101,1827.6,231,106,106,2302
0,23,4,0,159,93,1852.9,294,117,66,2238
0,28,2,1,170,97,1902.8,383,120,67,2615
0,21,3,0,173,61,1573.4,249,98,63,1955
1,22,2,0,160,66,1364.5,250,58,49,1673
1,15,2,3,169,64,1433.6,190,99,55,1651
0,16,3,0,165,78,1717.4,178,110,87,1935
1,39,2,0,159,79,1408,267,71,76,2036
1,39,3,0,162,41,1111.9,129.225,59,34.46,1063
1,23,2,4,158,57,1263.7,154,61,34.46,1170
0,24,2,2,169,78,1767.1,149,86,93,1777
0,26,2,2,164,76,1641.6,247,87,78,2038
0,27,2,4,175,71,1698.3,281,81,61,1997
1,28,4,0,142,72,1317.3,171,104,88,1892
0,24,3,0,162,102,1917.8,380,117,88,2780
0,23,4,2,167,62,1558.6,195,87,49,1569
1,23,4,0,150,63,1369.5,214,81,34.46,1490
1,48,4,0,139,72,1183.9,279,73,37,1741
1,41,2,1,154,70,1277,161,108,49,1517
0,25,2,2,164,78,1733.6,239,99,55,1847
1,39,3,0,157,45,1006.4,170,58,36,1236
1,30,3,0,174,66,1427.1,183,93,50,1554
0,30,3,2,171,51,1458.9,160,76,57,1457
0,21,3,0,176,77,1696.4,155,117,46,1502
0,25,4,3,183,86,1846.5,303,91,88,2368
0,24,2,4,164,57,1470.1,325,72,40,1948
1,16,3,2,156,45,1131.1,147,64,34.46,1154
1,28,2,3,166,70,1420.9,284,93,68,2120
0,21,2,0,169,55,1520.9,194,54,75,1667
0,36,3,0,159,88,1639.4,254,106,100,2340
0,22,2,0,163,91,1872.6,384,118,42,2386
0,24,4,1,174,98,1938.5,321,140,68,2456
0,26,4,0,161,102,1897.1,216,148,108,2428
1,22,4,0,155,59,1239,173,75,39,1343
0,24,4,1,174,58,1561.4,251,101,49,1849
1,34,2,0,153,75,1351.4,276,72,58,1914
1,42,4,0,156,88,1487.3,147,117,73,1713
0,25,3,1,174,77,1771,282,126,58,2154
1,28,2,0,159,73,1487.3,247,51.69,53,1672
0,30,3,0,166,97,1883.1,350,112,89,2649
1,42,3,0,156,98,1598.7,305,112,99,2559
1,22,3,0,155,41,1143.9,142,57,38,1138
0,22,2,1,162,78,1646.6,221,125,61,1933
0,21,3,1,165,69,1654.6,232,73,56,1724
0,23,3,0,166,110,2030.7,340,152,84,2724
0,22,3,0,179,78,1835.3,277,133,36,1964
1,23,4,2,172,74,1571.4,198,86,60,1676
0,50,3,0,174,111,1945,322,148,80,2600
0,36,4,0,158,90,1701,277,109,58,2066
0,22,3,0,169,48,1396.8,192,51.69,51,1434
1,31,2,0,157,86,1533.3,236,132,77,2165
0,22,3,4,170,71,1644.8,202,88,52,1628
1,57,4,0,155,76,1250.5,252,87,42,1734
0,20,2,0,164,63,1596.7,215,84,46,1610
1,36,3,0,154,98,1600.5,273,141,76,2340
0,18,3,1,187,100,2070.2,241,158,89,2397
0,20,3,0,151,95,1814.8,234,154,91,2371
0,24,2,0,174,80,1779.9,279,115,83,2323
1,23,2,0,155,65,1385.3,250,82,39,1679
0,20,4,4,179,65,1665.2,166,58,70,1526
0,25,3,0,156,88,1751.2,335,132,80,2588
0,23,2,1,164,79,1732.4,329,62,57,2077
0,19,3,2,187,71,1790.2,322,75,65,2173
0,22,3,0,180,138,2388.9,397,64,101,2753
1,28,3,0,166,55,1349,229,95,36,1620
1,23,3,1,159,77,1483.3,342,72,61,2205
0,21,3,0,172,68,1710.6,212,98,60,1780
0,24,3,0,159,105,1967.2,352,161,91,2871
1,22,2,0,163,53,1237.9,164,63,49,1349
0,49,3,0,174,110,1944.9,275,155,104,2656
0,23,4,2,156,70,1590.4,238,92,78,2022
1,31,2,1,151,46,1074.7,129.225,58,41,1118
0,38,4,0,164,107,1970.6,374,129,100,2912
0,22,3,0,167,58,1590.7,207,76,65,1717
0,22,3,4,181,63,1633.8,135,120,65,1605
0,23,3,0,169,127,2232.7,384,153,102,3066
0,37,3,0,158,101,1835,321,101,96,2552
0,23,3,0,178,92,1819.5,276,139,102,2578
0,26,2,1,174,86,1824.3,264,94,91,2251
1,21,4,0,158,59,1355.2,213,80,56,1676
1,20,3,4,156,53,1209.8,129.225,79,51,1292
0,23,2,2,167,67,1611.6,169,68,59,1479
0,24,3,1,176,88,1819.5,330,128,69,2453
1,23,4,0,152,54,1245.8,177,76,56,1516
1,23,3,0,151,42,1093.8,133,59,36,1092
1,37,3,0,155,98,1586.7,129.225,136,106,2015
1,35,3,0,142,72,1249.7,170,73,55,1467
0,26,3,0,163,50,1420.6,211,71,35,1443
0,23,3,0,179,93,1959,313,121,92,2564
1,28,3,0,158,44,1071,174,51.69,38,1245
0,27,4,0,160,91,1713.2,350,89,84,2512
0,31,3,4,173,82,1715.5,232,91,66,1886
0,21,3,4,176,73,1775.5,275,111,80,2264
0,23,2,1,163,69,1577.4,172,91,73,1709
1,20,2,0,169,67,1510.2,253,56,53,1713
0,20,3,0,170,50,1482.3,157,61,54,1358
0,21,3,0,175,67,1666,242,96,52,1820
0,32,3,0,174,53,1447.4,222,62,39,1487
0,32,3,4,165,75,1626.2,219,106,58,1822
1,36,4,2,142,88,1416.1,224,126,54,1886
0,27,3,0,151,81,1646.8,195,74,94,1922
0,20,3,1,169,63,1603.9,246,98,49,1817
0,29,2,0,170,98,1890.2,247,99,107,2347
0,24,3,1,173,60,1616,181,85,63,1631
0,31,3,1,173,94,1854.3,268,93,88,2236
0,23,4,0,178,127,2279.1,413,165,82,3050
1,26,4,0,140,72,1331,228,103,69,1945
0,42,3,0,157,89,1649.2,324,99,86,2466
0,26,3,0,162,51,1424.8,135,94,62,1474
0,26,2,0,166,89,1717.2,344,119,61,2401
0,41,3,1,167,111,1918.1,388,72,104,2776
0,24,2,0,165,50,1462.5,191,116,51,1687
0,23,3,0,158,76,1639.6,210,118,72,1960
0,25,4,1,161,91,1794.4,252,121,80,2212
0,23,3,0,164,110,2007,376,150,91,2923
0,58,2,4,169,81,1588,344,102,69,2405
1,45,3,1,164,45,1132,135,54,44,1152
0,22,4,4,174,86,1828.2,230,131,44,1840
0,28,3,0,174,54,1453.4,252,51.69,52,1683
1,23,2,0,158,60,1274.7,146,84,61,1469
0,24,2,1,173,101,1908.2,384,125,104,2972
1,45,3,0,157,88,1456.6,277,98,58,2022
0,22,2,0,164,76,1693.6,270,89,89,2237
1,26,3,0,163,70,1386.7,246,51.69,52,1659
1,21,3,0,162,48,1251.5,154,64,38,1214
0,21,4,0,178,82,1828.1,253,130,77,2225
1,36,3,0,141,92,1451.8,278,132,70,2270
1,35,2,0,155,80,1415.9,197,103,65,1785
1,33,3,0,152,77,1392.3,246,72,76,1956
0,38,3,0,167,118,1975,373,148,100,2984
0,23,3,1,176,72,1713,202,155,67,2031
0,23,3,1,175,66,1582.9,246,85,42,1702
0,25,3,0,174,112,2126.3,308,148,104,2760
0,23,3,2,169,68,1631.3,232,74,95,2079
1,45,3,0,155,60,1207.4,200,65,62,1618
0,22,3,0,166,107,2018.3,360,112,79,2599
0,21,2,3,168,95,1904.6,362,84,48,2216
0,19,2,1,169,89,1785.8,192,124,109,2245
0,20,4,0,158,87,1743.1,265,107,72,2136
0,25,2,1,174,79,1830.4,253,132,70,2170
0,21,3,1,167,69,1591.7,226,120,47,1807
0,21,3,0,188,99,2049,356,132,97,2825
0,24,3,0,166,44,1351.2,140,74,60,1396
1,28,2,3,152,67,1295.4,217,91,42,1610
0,22,3,0,172,111,2072.6,328,158,91,2763
1,28,2,1,153,51,1171,138,67,35,1135
0,32,4,0,153,84,1619.5,189,108,76,1872
1,28,3,0,157,45,1169.4,142,51.69,42,1153
0,23,3,0,158,99,1832,154,107,118,2106
0,21,3,3,174,63,1620.6,156,68,63,1463
0,26,3,0,157,112,2000.4,319,117,97,2617
0,28,3,1,167,87,1790,267,140,102,2546
1,21,4,0,153,61,1284.2,253,82,43,1727
0,23,2,0,165,52,1469,142,85,50,1358
0,22,2,1,166,89,1857.7,307,102,59,2167
1,26,2,0,151,94,1624.8,284,114,62,2150
0,20,2,0,168,55,1516,226,58,48,1568
1,48,2,0,138,56,995.3,151,64,45,1265
0,24,2,0,170,82,1791.7,239,148,64,2124
0,23,3,2,180,98,2066.7,336,113,93,2633
0,44,2,0,170,110,1919,321,101,105,2633
0,64,3,4,163,66,1384.1,250,93,63,1939
1,53,3,3,151,77,1290.4,269,83,44,1804
1,60,2,3,146,71,1151.3,216,98,49,1697
1,26,3,0,164,44,1163.7,146,60,34.46,1134
1,36,3,0,141,85,1387.8,228,86,57,1769
1,15,3,1,173,112,1970.5,330,162,77,2661
1,54,2,0,138,54,983.2,200,51.69,50,1457
1,48,2,0,145,60,1079.1,129.225,55,56,1241
0,61,2,4,169,80,1568.1,293,123,62,2222
0,24,3,1,176,73,1712.3,240,117,58,1950
1,23,3,0,160,60,1358.9,129.225,104,55,1428
0,38,2,1,163,67,1524.7,196,86,69,1749
0,22,3,3,171,61,1525.2,218,67,71,1779
0,23,2,0,168,85,1821.3,179,151,108,2292
1,18,3,1,160,55,1282.7,210,66,34.46,1414
0,24,3,1,165,66,1545.4,268,101,46,1890
0,31,4,0,156,89,1723.6,234,112,84,2140
1,38,3,0,140,81,1328,265,87,34.46,1718
1,21,4,0,168,41,1210.6,149,55,34.46,1126
0,24,4,0,178,60,1633,136,144,60,1660
1,31,3,0,169,76,1482,223,75,51,1651
0,24,4,1,162,67,1570.7,256,64,41,1649
1,23,2,0,165,61,1398,187,83,50,1530
0,21,4,3,168,68,1623,148,77,65,1485
1,24,3,0,159,91,1641.5,231,139,70,2110
0,24,3,1,178,90,1892.1,300,97,65,2173
0,50,3,0,170,51,1327.7,191,91,41,1497
0,22,2,1,168,85,1779.5,377,123,72,2648
0,22,3,1,173,56,1525.8,167,72,73,1613
0,22,3,3,168,47,1396.9,222,70,37,1501
1,18,3,1,160,54,1348.8,166,55,34.46,1194
0,26,3,0,166,86,1794.5,329,117,58,2306
0,22,3,4,170,61,1626.3,194,71,67,1663
1,25,2,0,157,77,1451.7,208,107,56,1764
0,30,2,0,168,97,1801.8,392,112,62,2574
0,32,3,0,155,95,1729.2,324,155,55,2411
0,22,3,0,157,103,1911.2,335,127,80,2568
1,19,4,1,161,60,1288.5,165,60,38,1242
0,23,2,2,177,73,1755.5,265,94,74,2102
0,21,3,3,182,85,1914.9,264,76,107,2323
0,23,2,0,165,78,1733.3,218,138,93,2261
0,23,3,0,183,85,1893.6,191,132,78,1994
0,24,3,0,170,48,1475.5,163,77,54,1446
1,23,2,0,158,42,1164.9,148,51.69,39,1150
0,22,3,0,160,108,1974.4,246,144,87,2343
0,31,3,0,169,47,1269.9,187,77,38,1398
0,42,3,4,176,90,1730.2,327,106,71,2371
1,27,3,3,150,57,1279.4,177,80,34.46,1338
0,20,3,0,165,63,1549.2,192,95,78,1850
1,23,4,3,152,50,1153.1,181,70,34.46,1314
1,35,2,3,161,79,1480.2,287,95,66,2122
1,22,2,0,152,58,1270.9,224,74,34.46,1502
0,24,3,1,175,98,1953.4,369,108,97,2781
1,21,2,1,168,61,1385.1,135,65,56,1304
0,22,3,0,165,97,1917.3,369,157,85,2869
0,31,3,0,155,87,1724.1,365,66,49,2165
0,22,3,0,179,133,2381.3,398,159,105,3173
0,25,3,0,164,51,1391.8,181,100,51,1583
0,22,4,1,157,69,1577.5,232,71,78,1914
0,25,2,4,170,75,1679.2,146,126,76,1772
1,34,4,2,167,68,1415.1,261,79,50,1810
0,32,3,0,166,72,1605.6,283,126,68,2248
1,24,3,0,139,74,1321,236,100,51,1803
0,22,3,0,170,100,1968.8,242,160,99,2499
0,30,3,0,163,80,1683.3,280,133,72,2300
1,18,3,0,165,94,1728.1,287,134,58,2206
1,26,4,0,161,89,1617.6,285,111,61,2133
1,35,2,0,154,77,1366.1,255,80,36,1664
0,21,2,2,168,69,1613.4,199,72,70,1714
0,27,3,0,166,86,1765.4,307,90,93,2425
1,22,3,0,160,48,1214,143,52,50,1230
0,56,3,4,171,61,1386.3,237,77,34.46,1566
0,33,3,4,158,87,1723.1,292,146,79,2463
0,25,3,0,156,105,1824.1,370,120,99,2851
1,49,2,0,139,56,1037.5,170,77,47,1411
0,22,2,0,165,129,2171.3,393,157,60,2740
0,23,4,1,186,82,1914.3,267,126,82,2310
0,25,3,0,160,76,1672.3,256,109,63,2027
0,21,3,0,168,50,1439.7,185,53,50,1402
0,23,2,4,180,63,1621,250,94,48,1808
1,32,4,3,151,87,1526.2,185,117,83,1955
0,27,2,0,165,49,1432.3,173,87,37,1373
0,22,3,0,154,97,1783.4,263,153,81,2393
0,42,3,4,175,91,1838.9,332,150,100,2828
0,36,4,0,174,108,2053.6,266,165,74,2390
0,24,3,0,168,48,1418.8,210,51.69,37,1380
0,23,2,0,168,88,1815.4,233,162,96,2444
0,21,3,0,169,45,1361.7,139,61,55,1295
0,45,3,2,171,91,1748.9,337,113,38,2142
0,28,3,2,153,82,1642.3,244,125,57,1989
0,16,3,2,173,58,1599.6,238,51.69,68,1771
1,32,3,4,156,69,1368.9,148,92,78,1662
1,22,3,0,160,55,1263.3,156,67,47,1315
0,25,2,1,165,71,1654.6,325,86,61,2193
0,29,3,2,164,78,1666.4,317,98,51,2119
0,21,2,1,178,75,1724.2,227,111,62,1910
0,20,2,0,168,83,1779.6,194,109,73,1869
0,35,3,0,173,54,1458.1,229,53,46,1542
0,22,2,0,156,67,1504.3,246,109,56,1924
1,19,3,0,145,72,1423.6,179,112,75,1839
0,20,2,0,164,60,1484,196,63,65,1621
0,25,2,0,165,52,1405.8,204,68,56,1592
0,25,3,2,165,62,1558.3,134,81,88,1652
0,21,3,0,179,138,2386.4,400,115,105,3005
1,20,3,1,159,59,1337.5,195,81,69,1725
0,35,3,0,162,64,1441.8,231,61,81,1897
1,40,2,0,141,69,1184.3,214,59,53,1569
1,24,2,0,163,58,1330.5,222,74,63,1751
0,24,3,0,158,104,1972.5,356,149,86,2794
0,25,3,2,173,82,1715.8,277,119,59,2115
0,28,3,0,177,122,2222.1,410,164,60,2836
1,39,3,0,160,41,1075.1,129.225,65,46,1191
0,23,2,0,171,63,1595,260,103,53,1929
0,28,3,1,177,125,2204.2,386,154,103,3087
1,26,3,0,157,101,1664.8,362,93,65,2405
1,26,4,0,152,92,1553.5,255,128,49,1973
1,22,2,0,168,150,2281.2,396,158,106,3170
0,30,4,0,158,90,1733.9,176,139,78,1962
0,26,2,0,156,40,1229.5,162,51.69,44,1251
0,39,3,0,166,116,1976.9,381,145,86,2878
1,25,3,0,156,88,1549.8,217,58,99,1991
0,26,3,4,168,65,1554.6,274,81,45,1825
0,28,3,0,174,50,1492.6,186,71,45,1433
1,48,2,0,156,44,1004.7,129.225,69,36,1117
0,22,3,0,180,78,1767.3,226,120,63,1951
1,37,3,4,154,75,1365.7,224,113,34.46,1658
1,21,3,1,159,61,1359.1,169,80,38,1338
1,29,3,0,142,84,1412.5,156,123,69,1737
1,26,4,2,178,69,1524,160,92,49,1449
1,42,3,0,161,40,966.3,140,53,34.46,1082
0,20,2,1,166,68,1628.5,251,78,49,1757
1,15,4,3,168,65,1492.4,193,78,58,1606
0,22,3,1,174,99,1952.1,329,103,74,2394
1,41,3,0,151,99,1577,331,119,52,2268
1,45,3,0,140,77,1257.5,253,53,40,1584
1,39,3,2,154,99,1600.2,289,79,84,2228
1,25,4,0,160,90,1612.3,240,54,72,1824
1,36,3,0,153,79,1410,257,51.69,61,1784
0,21,3,0,167,79,1751.6,156,134,83,1907
0,21,3,0,174,71,1667,259,74,44,1728
0,28,4,1,186,104,2073.7,379,152,101,3033
1,22,2,0,157,45,1181.9,129.225,53,39,1080
1,21,2,1,166,80,1590.8,278,87,68,2072
0,25,3,0,173,77,1737.4,300,68,60,2012
0,24,3,0,167,114,2083.6,375,150,100,3000
0,19,2,0,162,67,1605.7,314,75,56,2060
1,19,3,0,157,53,1232.4,197,74,37,1417
1,40,3,0,163,66,1384.6,250,51.69,64,1783
1,23,3,2,168,74,1518.7,129.225,82,70,1475
1,21,4,1,169,52,1294.6,147,60,42,1206
1,28,4,0,153,62,1323.7,211,51.69,46,1465
0,23,3,2,171,74,1723.2,247,90,80,2068
0,32,4,0,169,51,1379.7,253,69,47,1711
1,21,2,0,167,47,1231.1,135,60,43,1167
1,40,3,3,174,67,1405.4,198,111,63,1803
1,33,3,3,162,67,1335.3,216,61,45,1513
0,27,3,0,166,48,1410.2,183,79,68,1660
1,49,2,0,151,68,1228,169,77,52,1452
0,22,4,4,179,89,1897.3,239,135,93,2333
1,29,3,0,145,95,1515.8,207,156,82,2190
0,29,3,0,152,82,1647.7,291,95,80,2264
0,20,3,0,158,112,2065.6,355,76,79,2435
1,21,3,4,162,54,1293.7,216,61,42,1486
0,47,2,3,188,106,1950.4,365,140,73,2677
0,22,3,1,178,63,1591.1,277,98,80,2220
0,22,3,3,172,72,1684.4,250,73,75,1967
0,22,3,0,176,72,1726.2,242,73,57,1773
1,58,3,0,146,72,1193.3,190,51.69,75,1642
1,17,3,0,161,45,1217,194,51.69,34.46,1293
1,42,2,0,155,65,1238.1,172,73,66,1574
0,75,3,1,180,72,1497.9,313,80,64,2148
1,23,2,1,175,84,1656,324,72,55,2079
0,24,2,0,168,87,1824.8,245,154,68,2208
1,24,2,2,161,74,1470.5,235,83,69,1893
1,22,3,1,158,71,1450.9,197,87,55,1631
0,22,2,1,177,75,1813,206,143,79,2107
0,34,4,0,169,83,1684.2,212,95,77,1921
1,45,3,0,155,59,1187.3,158,52,46,1254
0,29,3,2,165,77,1640.2,277,82,71,2075
0,23,2,0,163,88,1794.4,284,97,93,2361
0,27,2,0,151,81,1594,325,91,75,2339
0,35,4,0,159,89,1706.3,380,143,63,2659
0,16,4,0,167,55,1494.2,207,51.69,62,1593
1,25,3,4,166,54,1293.2,178,66,42,1354
0,23,2,0,166,79,1725,271,128,62,2154
0,31,3,0,168,53,1428.5,192,55,54,1474
1,21,2,1,160,77,1532.4,212,98,57,1753
0,21,2,1,171,99,1937.1,341,136,90,2718
0,25,3,2,167,51,1362.3,205,51.69,56,1531
0,28,3,0,152,80,1646.1,257,73,77,2013
0,23,2,0,173,102,1951.7,380,129,90,2846
1,30,3,0,170,75,1480.9,303,69,46,1902
0,33,3,0,166,73,1672,291,66,73,2085
1,42,3,0,152,101,1642.1,278,129,82,2366
0,33,2,0,162,50,1349.4,136,57,54,1258
1,22,3,1,163,75,1502.2,264,89,64,1988
0,24,3,0,175,71,1697.4,270,104,53,1973
1,41,2,1,134,51,996.9,172,77,34.46,1306
1,47,3,1,142,80,1323.9,184,93,69,1729
1,22,2,0,168,150,2271.6,392,157,104,3132
1,24,3,0,138,74,1299.1,182,76,72,1680
0,33,4,0,172,105,1963.6,319,155,104,2832
0,21,3,0,175,61,1625.9,210,105,45,1665
0,23,3,0,165,44,1403.6,161,75,41,1313
0,74,3,1,180,72,1491.4,311,103,65,2241
1,51,2,0,155,78,1309.5,210,108,65,1857
1,23,2,1,156,41,1102,187,52,46,1370
0,22,3,3,163,95,1844.3,251,151,79,2319
1,21,3,0,166,85,1626.3,319,101,57,2193
1,24,3,0,176,130,2093.7,281,163,81,2505
1,22,3,0,156,87,1566.7,176,79,61,1569
0,19,3,4,175,64,1650.2,280,68,49,1833
0,30,3,0,173,53,1434.6,178,80,59,1563
1,22,3,0,151,73,1409.1,218,70,63,1719
1,43,3,0,156,59,1193.5,203,57,34.46,1350
1,24,3,0,169,47,1275.1,157,54,46,1258
0,22,2,3,174,82,1791.9,217,110,46,1722
0,25,3,0,159,88,1764.5,376,72,69,2413
1,23,3,4,157,90,1611,207,112,73,1933
0,28,2,0,169,99,1963.2,362,104,80,2584
0,22,3,0,176,71,1688,240,105,96,2244
0,21,2,0,164,60,1500.6,132,96,55,1407
1,36,3,0,156,80,1493.2,191,88,62,1674
0,37,3,0,157,102,1787.3,370,148,63,2639
0,21,3,2,168,66,1581.1,244,88,46,1742
0,20,2,0,179,85,1866.3,422,91,39,2403
0,25,3,0,159,76,1643.6,142,103,79,1691
0,43,4,1,179,90,1878.8,253,82,87,2123
0,26,4,1,141,68,1449.5,296,69,87,2243
0,32,4,0,163,99,1812.9,324,99,82,2430
0,24,3,0,179,91,1872.4,214,126,109,2341
0,20,2,0,162,46,1425.4,129.225,79,57,1346
0,21,3,1,172,51,1503.6,203,89,52,1636
0,25,4,1,173,95,1953.7,364,128,71,2607
0,42,2,0,159,68,1478.1,228,103,34.46,1634
0,24,2,0,171,90,1873.3,359,149,98,2914
0,34,3,0,152,81,1631.9,133,72,72,1468
1,22,3,0,157,87,1604,257,114,65,2069
0,20,3,4,168,111,2048.1,381,152,77,2825
0,31,3,0,164,47,1284.5,131,99,41,1289
1,22,4,0,157,96,1654.4,266,136,80,2328
0,17,4,4,169,56,1563.8,185,95,62,1678
1,19,4,0,165,49,1209.1,156,67,45,1297
0,54,2,0,166,84,1628,263,116,86,2290
1,36,3,0,163,42,1065.3,137,58,34.46,1090
1,21,4,2,159,59,1344.2,176,100,55,1599
0,26,4,0,162,99,1889.7,388,112,71,2639
1,29,4,0,157,93,1641.3,286,51.69,68,1963
1,21,3,2,156,71,1443.2,172,104,42,1482
0,27,2,0,168,67,1597.4,192,113,79,1931
1,23,3,0,152,73,1396.2,223,75,59,1723
0,29,3,0,167,52,1402.6,154,77,54,1410
0,24,2,0,161,42,1274.6,139,56,37,1113
1,27,3,0,164,87,1632.4,218,79,84,1944
0,41,2,0,162,68,1521.6,240,87,51,1767
0,31,3,0,169,92,1736.6,293,105,79,2303
0,27,3,1,170,70,1637.5,232,84,62,1822
0,20,2,0,155,67,1523,202,93,46,1594
0,17,4,0,167,106,2022.3,272,161,93,2569
0,23,3,0,160,80,1673.8,186,99,74,1806
0,21,3,0,155,99,1835.7,381,112,80,2692
0,24,2,0,179,64,1606.6,292,80,44,1884
1,20,2,0,159,70,1463.9,207,96,34.46,1522
0,34,3,4,159,117,1996.9,398,159,66,2822
1,27,3,0,163,55,1283.3,195,51.69,34.46,1297
0,24,3,0,160,119,2056.1,390,156,81,2913
1,17,4,0,160,57,1344.4,129.225,67,52,1253
0,18,3,0,178,79,1832.3,318,104,69,2309
1,21,3,0,163,56,1322.7,150,51.69,54,1293
0,27,3,0,168,117,2069.6,314,143,94,2674
0,35,3,0,157,89,1686.7,255,146,54,2090
0,17,2,0,174,76,1749.9,198,101,75,1871
0,21,3,0,166,73,1649,284,105,49,1997
1,33,4,0,154,46,1090.8,149,62,54,1330
1,32,2,1,150,46,1085.3,200,73,34.46,1402
1,21,2,0,164,68,1462.5,205,67,80,1808
1,18,2,1,166,81,1590.4,298,112,73,2297
0,26,2,2,161,72,1569.1,207,85,67,1771
0,28,4,0,168,99,1905.1,327,133,81,2569
1,40,2,1,150,62,1273.7,192,78,66,1674
1,27,3,0,144,95,1537.7,238,122,65,2025
1,17,3,1,174,63,1490.1,209,96,44,1616
1,21,2,2,154,77,1415.8,275,100,67,2103
0,21,3,0,173,75,1690.5,228,93,74,1950
0,18,3,0,175,70,1732.6,158,136,67,1779
1,21,3,1,155,42,1074.1,148,69,36,1192
1,25,3,0,164,70,1459.3,211,65,72,1752
1,25,3,0,163,88,1587,219,157,71,2143
0,34,3,0,164,48,1353.7,141,52,58,1294
1,31,3,0,163,45,1131.8,149,68,40,1228
0,20,2,0,180,77,1782.5,273,141,63,2223
1,22,2,0,129,40,907,129.225,62,40,1125
0,25,3,0,168,77,1695.9,231,136,80,2188
1,41,3,0,142,107,1643,397,89,52,2412
0,20,3,4,169,80,1720.4,310,115,78,2402
0,23,3,0,170,75,1688.7,147,101,87,1775
0,21,2,0,160,65,1558,246,109,49,1861
0,21,3,0,156,40,1239.3,133,53,49,1185
1,25,4,0,161,58,1328.4,181,67,43,1379
1,23,2,4,160,80,1551.6,171,86,91,1847
1,24,3,0,164,46,1202.3,202,77,34.46,1426
0,29,3,0,171,98,1870.5,222,116,113,2369
0,22,2,0,180,64,1632.5,229,88,70,1898
1,20,2,1,166,82,1596.7,263,93,67,2027
0,21,4,1,184,91,1965.1,267,146,69,2273
1,21,2,0,134,53,1096.3,153,66,45,1281
1,29,4,0,145,86,1461,331,116,71,2427
1,21,2,0,154,66,1377.3,203,97,66,1794
1,27,3,1,160,47,1215.1,160,68,37,1245
0,27,3,0,173,81,1767.5,264,131,76,2264
1,34,4,2,166,70,1365.2,211,57,55,1567
0,23,3,0,182,86,1828.9,343,124,74,2534
1,20,2,1,151,60,1283.7,173,88,61,1593
1,20,3,0,165,46,1213,139,76,40,1220
0,28,3,0,169,46,1375.7,179,59,57,1465
0,19,3,1,168,69,1661,247,141,67,2155
0,33,2,0,164,47,1366,182,81,37,1385
0,25,2,3,172,75,1654,248,87,75,2015
0,23,3,0,169,123,2149.7,393,157,105,3145
1,25,2,2,169,92,1679.2,139,144,55,1627
1,20,2,0,151,67,1366.3,165,93,48,1464
0,24,3,0,167,39,1323.8,144,77,38,1226
1,24,2,2,155,70,1345,240,92,35,1643
1,35,3,2,152,99,1604.4,308,140,69,2413
1,21,3,0,157,41,1101.5,129.225,51.69,41,1093
0,24,3,0,163,50,1463.7,201,77,49,1553
1,24,2,0,158,50,1206.3,173,70,45,1377
1,44,3,1,165,45,1062.5,146,52,35,1107
0,38,3,2,174,108,1940.6,391,101,48,2400
0,31,4,3,178,77,1728.8,333,112,46,2194
0,21,2,0,162,55,1454.6,219,77,52,1652
0,22,3,0,157,121,2061.2,349,164,109,3033
0,39,3,0,160,90,1726.2,277,125,64,2184
0,31,3,0,171,52,1398.8,188,64,57,1521
1,20,2,0,156,53,1240.2,198,60,55,1527
0,22,2,0,172,70,1706.1,280,89,35,1791
0,39,3,0,151,92,1681.2,312,143,62,2378
1,50,3,0,141,70,1116,289,71,52,1908
0,23,3,2,167,70,1637,307,92,69,2217
0,21,4,0,178,69,1626.6,270,100,70,2110
0,27,2,0,169,98,1945.1,309,155,103,2783
1,22,3,2,171,72,1521.6,208,86,45,1581
1,26,2,0,154,66,1335.9,207,94,50,1654
1,24,2,0,157,69,1337.2,129.225,87,70,1495
1,22,3,3,161,51,1264.4,168,51.69,43,1266
0,26,3,0,170,103,1904,217,79,57,1697
0,18,4,4,169,106,2037.4,387,155,103,3095
0,29,2,0,168,100,1870,383,147,62,2678
1,49,3,0,163,109,1766.6,205,62,86,1842
0,33,4,0,158,87,1644.1,241,129,71,2119
0,33,4,0,156,89,1719.1,259,126,58,2062
0,26,3,0,165,112,2067,388,151,104,3092
1,18,2,0,144,68,1317,189,82,42,1462
0,36,3,0,163,61,1452.1,223,93,41,1633
0,26,3,1,168,85,1754.3,313,104,72,2316
0,21,4,3,165,47,1428.3,199,54,47,1435
1,18,3,0,161,63,1399.2,215,62,47,1531
0,25,3,0,168,75,1689.9,168,97,60,1600
1,24,2,0,163,50,1243.3,143,77,40,1240
0,21,3,0,186,98,2069.9,391,110,107,2967
1,22,3,0,164,65,1404.4,144,91,66,1534
1,24,3,0,153,74,1430.1,242,77,48,1708
0,21,2,0,179,76,1746,253,97,48,1832
1,28,3,0,159,52,1286.8,151,56,47,1251
0,40,4,1,155,87,1656,248,109,83,2175
1,35,3,0,154,75,1357,188,96,58,1658
0,32,3,0,162,82,1668.3,273,112,73,2197
0,20,3,0,173,82,1828.6,289,98,86,2322
1,21,3,2,130,57,1172.2,185,51.69,51,1406
1,20,3,0,168,45,1225,139,62,46,1218
0,24,3,4,158,74,1611.2,278,103,77,2217
0,27,3,0,159,106,1886.7,399,61,87,2623
1,24,3,0,152,73,1398.7,247,83,62,1878
1,59,2,0,153,80,1259.1,264,85,73,2053
1,20,3,0,168,84,1692.3,246,121,73,2125
1,26,3,4,161,77,1502.2,215,98,55,1747
0,26,3,2,181,64,1634.2,290,94,78,2238
0,24,4,0,178,90,1881.8,303,120,78,2394
0,24,4,0,183,106,2129.6,326,126,75,2483
0,18,4,3,158,73,1664.1,217,127,61,1925
0,19,4,0,156,39,1242.2,129.225,57,43,1132
0,24,2,0,179,74,1733,240,135,65,2085
0,19,3,0,168,55,1466.7,136,112,53,1469
0,22,3,1,166,95,1888.5,349,134,103,2859
0,27,3,0,164,44,1358.1,136,78,44,1252
1,46,3,3,159,44,1126.3,144,74,34.46,1182
0,21,3,4,179,74,1789.8,312,96,61,2181
1,19,2,0,152,52,1202.1,189,59,50,1442
1,25,3,3,168,53,1365.3,207,63,46,1494
1,18,3,0,145,75,1432.7,199,107,58,1746
1,26,3,0,145,85,1519.2,235,130,59,1991
0,32,2,0,172,35,1276,141,57,38,1134
1,22,2,1,150,57,1203.4,177,51.69,49,1356
0,30,3,1,166,88,1789.6,195,126,91,2103
1,20,2,0,142,53,1143.7,129.225,59,42,1131
0,22,3,0,168,49,1423.6,211,73,43,1523
1,23,2,4,156,56,1223.6,148,58,34.46,1134
1,60,2,0,156,78,1237,273,87,57,1953
0,25,2,0,163,47,1394.5,174,81,34.46,1330
0,26,2,2,173,75,1691.2,214,74,77,1845
0,22,2,0,180,77,1827.8,240,112,80,2128
0,38,3,0,167,49,1363,218,55,47,1515
1,22,2,0,158,78,1550.4,209,125,62,1894
1,22,2,0,150,79,1461.2,303,104,59,2159
1,40,3,0,164,49,1120.1,129.225,52,44,1121
1,22,2,0,153,64,1319.3,188,72,56,1544
1,48,2,2,158,70,1234.7,129.225,51.69,68,1336
0,25,3,0,184,68,1719.1,178,130,61,1781
0,26,4,0,165,104,1975.8,298,153,85,2569
1,27,3,2,169,65,1435.2,185,56,61,1513
0,27,3,0,155,82,1670.5,328,112,82,2498
0,23,3,0,182,79,1825.1,288,99,72,2196
0,27,2,0,167,99,1946.3,287,165,72,2456
0,23,3,0,158,109,1952.5,385,148,79,2843
0,22,3,0,172,109,2052.3,393,147,74,2826
0,34,4,4,169,85,1729.1,234,102,60,1884
0,22,3,1,174,75,1750.2,288,82,62,2038
1,41,2,1,162,48,1141.4,189,63,38,1350
1,21,3,1,162,75,1472.5,239,51.69,74,1829
0,35,3,0,172,56,1460.7,184,90,43,1483
1,24,2,0,155,62,1318.9,220,66,56,1648
1,21,3,0,153,49,1187,129.225,59,62,1311
1,27,3,0,141,87,1482.3,251,122,70,2122
0,19,3,4,177,78,1793.3,267,125,81,2297
1,28,2,1,160,49,1170.8,162,70,34.46,1238
0,29,3,0,169,94,1872.5,312,153,88,2652
0,23,3,0,166,50,1378.2,203,76,41,1485
0,21,2,0,179,58,1608.7,257,73,59,1851
1,20,3,0,152,90,1552.1,246,104,68,2012
0,21,4,4,156,75,1648.7,187,112,85,1961
1,15,4,0,158,62,1381.9,199,78,35,1423
1,37,2,0,163,56,1201.2,133,73,43,1211
1,22,3,0,164,69,1405.4,315,55,61,2029
1,24,2,1,143,63,1255.4,129.225,70,58,1319
1,36,3,0,156,45,1121.6,162,51.69,45,1260
1,29,3,0,140,71,1271.3,159,74,70,1562
0,24,4,1,175,66,1668.2,206,68,70,1726
0,23,3,4,177,77,1761.3,297,86,62,2090
0,24,3,0,157,46,1292.5,190,70,40,1400
0,21,2,0,175,71,1694.2,224,106,50,1770
0,39,3,0,172,51,1367.5,214,58,46,1502
1,23,3,1,161,76,1488.6,258,72,51,1779
0,22,3,2,179,60,1663.6,222,93,62,1818
0,22,2,0,169,88,1789.1,248,128,60,2044
0,28,4,1,164,81,1728.4,266,112,81,2241
0,26,4,3,170,48,1412.7,191,87,36,1436
0,21,3,0,158,111,2015.5,300,157,105,2773
0,17,3,0,168,54,1563.8,238,58,53,1661
0,23,3,0,162,116,2111.2,364,169,59,2663
1,30,4,1,149,70,1344.9,163,88,50,1454
0,35,4,0,170,86,1805.4,294,64,85,2197
1,18,3,0,162,46,1247.4,133,53,36,1068
0,21,3,0,179,74,1785.4,222,86,68,1844
1,31,3,2,164,46,1197.3,142,61,35,1127
0,25,2,0,164,48,1378.1,184,89,37,1425
0,24,2,0,183,79,1856.6,205,147,90,2218
0,46,3,0,164,103,1827.7,393,140,63,2699
0,29,2,0,167,92,1877.1,357,130,73,2605
0,19,3,0,164,48,1392.6,137,85,47,1311
0,26,3,0,162,98,1899,336,145,59,2455
0,22,2,0,181,78,1850.5,236,107,107,2335
0,25,3,0,184,79,1813.5,258,101,98,2318
1,20,2,0,157,87,1648.5,230,107,60,1888
0,30,2,3,165,84,1789.1,300,88,65,2137
0,25,3,2,169,114,2046,366,152,106,3026
1,32,3,0,160,48,1122.6,148,52,38,1142
0,24,3,0,160,78,1679.5,283,130,65,2237
0,22,2,1,174,77,1760.9,221,123,59,1907
1,41,2,1,153,63,1247.3,227,87,40,1616
1,42,2,0,159,108,1684.5,312,115,89,2509
0,22,2,3,179,78,1817.4,342,85,67,2311
0,27,3,0,172,102,1971,358,149,87,2811
0,24,2,0,165,75,1703,204,89,86,1946
1,19,3,0,164,49,1270.3,129.225,72,44,1201
1,23,2,1,158,50,1242.1,137,87,47,1319
0,22,3,0,169,49,1453,148,91,47,1379
1,20,3,0,164,44,1218.2,217,51.69,52,1543
0,50,3,0,169,49,1301.7,151,70,34.46,1194
0,69,4,0,173,73,1463.5,269,69,60,1892
1,22,2,3,151,57,1255.6,174,64,56,1456
0,21,4,0,163,78,1692.7,277,109,68,2156
0,24,4,0,175,99,1935.8,395,127,85,2853
1,34,2,0,153,78,1342.9,234,85,62,1834
1,21,2,0,155,49,1144.9,129.225,67,49,1226
0,19,3,0,165,49,1465.4,134,64,53,1269
0,35,3,0,164,112,1975.3,366,153,102,2994
0,28,2,4,174,72,1609.6,222,65,83,1895
1,21,2,2,154,54,1278,179,81,38,1382
0,23,2,0,162,89,1845.5,380,120,59,2531
1,45,2,0,141,110,1573,260,117,77,2201
0,36,2,0,163,48,1314.6,154,56,62,1398
1,22,3,0,162,64,1428.9,134,97,57,1437
0,34,3,0,166,51,1405.6,179,51.69,48,1355
1,22,4,2,154,42,1127.2,129.225,58,43,1136
0,23,2,0,164,39,1291.3,142,58,42,1178
0,45,3,1,170,66,1496.6,260,66,73,1961
1,40,4,0,144,78,1297.7,148,115,47,1475
1,36,2,0,152,78,1400.3,215,80,79,1891
1,23,3,3,165,68,1412.8,258,62,56,1784
1,22,3,0,158,89,1630.8,324,100,61,2245
0,22,2,0,129,55,1216.8,193,68,47,1467
0,27,3,0,164,62,1526.5,186,89,43,1487
0,24,2,0,180,75,1692.6,232,104,60,1884
0,26,3,0,163,46,1324,214,64,44,1508
0,27,2,3,165,48,1408.9,129.225,80,46,1251
1,32,3,0,141,89,1456.5,290,98,79,2263
0,26,3,0,170,52,1492.6,152,94,37,1317
0,31,3,0,160,117,2007.4,311,141,104,2744
0,19,4,3,174,69,1699,233,120,64,1988
1,24,2,1,157,50,1189.7,134,60,53,1253
1,16,2,4,155,56,1343.5,141,100,41,1333
0,68,3,0,173,73,1500.1,232,76,54,1718
0,25,3,3,170,50,1406.7,129.225,94,43,1280
0,27,3,0,165,71,1581.3,256,117,62,2050
1,23,2,0,140,51,1103.6,141,73,36,1180
0,23,3,0,162,41,1316.1,165,76,36,1288
0,27,3,2,166,47,1427,207,75,37,1461
1,24,2,2,130,38,967.1,129.225,52,34.46,1035
0,16,3,2,173,58,1574.7,249,53,60,1748
0,34,3,0,170,105,1901.1,306,151,104,2764
0,23,3,3,160,48,1377.8,171,78,55,1491
1,29,2,0,164,55,1252.5,159,69,39,1263
1,20,2,2,155,58,1273.4,162,93,40,1380
0,22,3,0,175,61,1602.3,259,84,63,1939
1,27,3,0,168,56,1356.1,195,74,45,1481
1,21,4,1,174,70,1534,150,100,78,1702
0,24,3,1,180,97,2009,355,148,52,2480
1,22,2,3,155,42,1136.2,160,60,41,1249
0,70,2,0,169,76,1443.9,155,105,76,1724
0,22,3,4,175,60,1615.3,254,87,50,1814
1,19,3,0,166,72,1508.4,183,84,56,1572
0,24,3,0,168,114,2073.8,378,112,101,2869
1,21,2,0,173,48,1286.3,141,70,37,1177
1,26,2,3,156,60,1284.6,228,69,34.46,1498
0,32,3,0,168,117,2070.9,383,158,77,2857
0,20,3,0,168,75,1724.4,263,112,59,2031
1,20,2,0,144,73,1346.9,223,86,58,1758
1,28,2,0,169,61,1367.3,173,55,50,1362
0,18,4,3,172,72,1658.3,276,112,44,1948
0,23,3,2,170,91,1873.1,277,127,67,2219
1,23,2,0,167,110,1880.5,386,83,94,2722
1,32,3,0,141,95,1473,313,101,58,2178
0,21,3,0,172,74,1663.4,231,73,55,1711
0,33,3,0,162,99,1828.4,285,148,57,2245
0,27,4,2,173,74,1691.7,246,85,91,2143
0,26,3,1,170,69,1659.4,189,111,67,1803
1,20,4,3,157,51,1254,193,51.69,41,1348
1,21,3,0,165,49,1282.1,161,51.69,46,1265
1,22,4,0,156,64,1353.5,190,90,46,1534
1,39,3,0,154,74,1300.3,213,74,79,1859
0,19,3,0,157,42,1285.9,174,82,41,1393
1,29,3,0,142,88,1454.3,288,94,74,2194
0,26,3,1,168,87,1782.4,385,89,72,2544
0,27,3,2,180,64,1660.8,272,112,71,2175
1,33,2,1,153,48,1084.4,131,87,35,1187
0,25,3,0,163,40,1296.2,159,52,53,1321
1,60,4,4,157,51,994.7,147,51.69,46,1209
0,22,3,0,169,63,1576.4,218,81,62,1754
1,18,3,4,158,88,1640.1,257,97,69,2037
1,22,3,1,164,53,1300.5,165,85,35,1315
1,28,3,3,163,69,1392.5,190,87,65,1693
1,22,3,0,166,49,1254.2,163,78,41,1333
0,28,3,1,179,126,2179.4,394,158,105,3153
0,21,4,3,166,70,1662.2,270,89,72,2084
1,17,2,0,143,69,1340.8,226,73,37,1529
1,51,4,0,163,50,1130.5,149,63,52,1316
0,34,4,1,150,84,1666,313,110,79,2403
0,23,2,0,170,99,1929.5,384,132,67,2667
0,21,2,0,169,57,1458.9,239,93,47,1751
1,28,3,4,163,69,1400,189,78,63,1635
1,32,4,0,162,95,1609.6,203,89,84,1924
0,26,2,4,166,90,1791.3,386,146,56,2632
1,20,3,0,150,52,1198.8,211,56,38,1410
0,21,3,0,159,45,1388.2,129.225,78,47,1252
1,20,4,0,142,77,1368,195,110,40,1580
1,46,3,1,161,48,1096.4,174,51.69,34.46,1213
0,24,3,1,165,65,1567.3,252,79,44,1720
0,23,3,4,170,71,1600.8,305,118,58,2214
0,23,2,2,180,63,1574.6,188,112,59,1731
0,24,3,1,173,72,1687.3,271,130,74,2270
1,34,3,1,164,69,1415.7,166,119,61,1689
1,21,3,0,161,52,1274.3,153,77,47,1343
1,23,2,1,161,59,1343,141,91,43,1315
0,30,3,0,175,51,1458.6,181,53,40,1296
0,21,3,0,170,66,1614.7,264,98,47,1871
1,39,2,0,161,80,1454.1,201,131,44,1724
0,21,3,0,168,72,1643.2,322,108,74,2386
0,22,3,0,169,124,2203.8,377,156,104,3068
0,23,3,0,172,76,1710.7,152,108,59,1571
1,22,3,0,160,38,1080.5,129.225,52,34.46,1035
0,22,3,0,163,93,1855,281,71,94,2254
0,22,4,0,166,68,1641.4,282,85,65,2053
0,19,3,0,164,43,1351,157,70,37,1241
0,29,2,4,173,94,1871.4,235,115,88,2192
0,22,3,0,167,69,1583.9,221,110,52,1792
0,25,3,0,163,116,2110.5,378,151,101,3025
0,22,2,1,178,98,2025.3,341,149,83,2707
0,22,3,1,159,84,1783.3,283,142,75,2375
1,30,3,0,139,101,1521.4,361,79,66,2354
0,28,4,0,163,102,1890.3,329,134,55,2347
0,24,3,1,169,64,1577.8,227,108,65,1925
0,17,2,0,167,77,1759.2,195,97,81,1897
1,22,2,4,167,60,1393.4,147,95,45,1373
0,30,3,0,150,85,1648.5,241,90,62,1882
1,20,3,0,158,54,1251.3,197,52,39,1347
1,22,2,0,159,78,1547,217,76,63,1739
0,28,3,4,174,63,1538.5,178,90,64,1648
0,24,3,3,162,55,1452.9,180,65,40,1340
1,25,3,0,152,66,1328.9,198,80,48,1544
0,19,3,0,158,40,1302.8,181,55,34.46,1254
0,26,2,0,169,93,1851.5,377,66,85,2537
0,31,3,0,174,78,1642.4,292,108,70,2230
0,25,2,1,165,70,1654.5,224,79,65,1797
0,39,3,0,157,87,1658,315,120,82,2478
0,25,3,0,167,76,1723.1,172,98,80,1800
0,22,3,0,171,52,1461.7,196,66,57,1561
1,27,2,1,153,63,1299,193,66,49,1477
0,25,3,0,171,100,1968.8,171,117,97,2025
0,44,3,1,171,64,1488,205,109,41,1625
1,21,3,1,152,55,1219.5,159,51.69,34.46,1153
1,38,4,3,147,57,1160.3,164,56,43,1267
0,48,2,1,158,68,1397.6,214,65,68,1728
0,24,4,0,169,58,1506.7,183,76,59,1567
0,23,3,0,170,77,1697.2,291,89,57,2033
0,22,2,0,164,92,1852.7,389,126,50,2510
1,34,3,3,163,69,1380.8,149,64,69,1473
0,54,3,0,157,87,1583,229,130,59,1967
0,46,3,0,155,89,1600.4,198,99,84,1944
0,18,2,0,164,72,1625.6,283,83,73,2121
1,21,2,0,158,79,1579.3,291,74,68,2072
0,23,3,1,170,66,1615.8,241,88,61,1865
0,18,2,1,165,71,1664.6,202,92,55,1671
0,26,3,0,158,76,1617.7,198,82,86,1894
0,23,3,0,176,79,1746.8,285,91,84,2260
1,27,4,0,166,98,1739,289,107,41,1953
0,24,4,0,168,127,2183.3,394,133,105,3053
1,38,3,0,163,46,1088.3,157,61,47,1295
1,21,4,1,156,41,1101.7,129.225,68,34.46,1099
1,23,2,1,157,39,1108.9,129.225,51.69,49,1165
1,24,3,2,160,61,1346.9,160,66,63,1471
0,23,4,0,154,115,1986.9,290,156,94,2630
0,23,3,0,178,70,1739.3,295,52,84,2144
1,27,3,0,153,100,1609.3,225,112,63,1915
0,23,2,1,171,65,1592.9,151,83,68,1548
1,24,3,0,153,66,1314.6,137,97,44,1332
0,30,3,0,171,48,1364.1,213,74,53,1625
0,24,3,0,159,115,2076.8,316,134,104,2736
1,23,2,0,163,54,1260.4,199,84,34.46,1442
1,15,3,2,163,52,1302.5,140,69,45,1241
1,48,2,0,157,68,1251.3,231,75,45,1629
1,21,3,0,135,73,1353.7,246,88,72,1984
0,21,3,0,170,52,1450.9,129.225,97,72,1553
1,59,4,4,156,54,1071.6,206,58,38,1398
0,25,4,3,186,88,1890.5,255,122,63,2075
0,25,2,0,169,79,1706,230,77,78,1930
0,31,3,0,165,47,1332.6,227,58,46,1554
0,24,4,2,173,80,1767.3,266,108,78,2198
1,32,2,0,153,73,1333.1,181,76,56,1532
0,21,2,0,181,80,1887.6,288,72,75,2115
1,20,2,1,166,79,1552.4,217,85,58,1730
0,22,3,4,177,57,1516.2,141,98,46,1370
1,27,4,0,164,99,1767.3,365,76,81,2493
1,50,3,0,141,68,1110.2,174,51.69,54,1389
1,32,3,0,142,97,1512.7,297,53,73,2057
1,60,4,0,153,61,1074.8,148,67,46,1274
0,22,3,0,161,93,1831.4,283,96,63,2083
1,25,2,0,170,59,1317,227,99,53,1781
1,44,3,0,158,110,1701.8,311,125,69,2365
0,22,3,0,158,113,2057.2,358,150,104,2968
0,29,3,0,164,70,1617.8,271,93,52,1924
1,18,2,0,154,56,1262.8,131,73,58,1338
1,24,2,3,154,63,1283,138,77,51,1319
0,23,2,1,170,67,1605.9,242,65,82,1966
0,23,3,0,158,107,2003.6,338,88,86,2478
1,21,2,1,147,39,1061.5,129.225,51.69,39,1075
1,26,2,0,162,48,1170.7,181,51.69,37,1264
1,27,2,0,164,49,1251.1,192,51.69,43,1362
0,30,4,0,166,106,1941.3,296,155,103,2731
1,29,3,0,164,100,1654.9,284,106,79,2271
0,25,3,2,169,78,1693.3,287,51.69,57,1868
0,31,2,0,180,92,1885.4,291,123,73,2313
0,41,3,0,171,52,1417.6,145,108,61,1561
0,22,3,0,168,75,1690.2,251,95,64,1960
0,24,3,1,166,70,1627,248,119,74,2134
1,21,2,0,154,48,1176.9,129.225,52,45,1130
1,23,3,1,149,49,1159,129.225,66,50,1231
0,21,2,1,182,84,1874.2,304,101,75,2295
1,34,2,0,164,58,1313.4,257,51.69,52,1703
0,22,3,2,167,66,1555.4,228,65,62,1730
0,24,4,0,165,89,1798.6,314,94,83,2379
1,20,2,4,154,47,1172.9,171,76,34.46,1298
0,21,3,2,171,52,1459.4,176,86,54,1534
0,22,3,2,165,64,1541.2,250,65,79,1971
0,18,3,1,185,100,2033.4,295,119,108,2628
1,15,3,0,159,80,1574.7,259,77,72,1992
0,25,3,0,175,117,2106.7,375,143,100,2972
1,22,2,1,155,65,1376.9,232,68,62,1758
1,20,3,0,146,66,1256.9,195,73,46,1486
0,23,3,0,157,110,1987.8,188,159,102,2306
0,27,2,0,162,79,1687.1,221,149,73,2137
0,16,3,1,165,71,1670.3,187,134,42,1662
1,17,4,0,160,79,1591,231,106,77,2041
0,28,3,0,160,49,1349.3,196,67,56,1556
0,23,3,0,170,59,1554.6,237,91,59,1843
0,23,3,3,179,63,1701.2,177,91,90,1882
1,29,3,0,140,55,1161.1,129.225,72,51,1264
1,23,4,0,152,50,1197.3,134,62,36,1108
0,27,3,0,168,117,2059.4,402,131,74,2798
0,43,3,0,156,88,1559.4,376,123,48,2428
1,42,4,0,145,76,1297.8,271,78,71,2035
0,27,2,0,169,52,1427.1,206,78,40,1496
0,24,3,3,168,60,1481,167,114,57,1637
0,23,3,2,165,63,1539.2,190,82,45,1493
0,29,3,0,168,52,1375.8,202,53,50,1470
1,30,2,0,153,73,1375.3,261,93,53,1893
0,26,2,3,168,98,1853.5,295,148,70,2402
0,27,3,4,164,101,1940.9,299,154,64,2388
1,18,3,1,170,109,1893.3,343,135,42,2290
0,33,4,1,148,85,1617.1,283,161,57,2289
0,22,3,0,164,110,2011.9,384,126,102,2958
0,20,3,4,165,48,1426.1,204,51.69,61,1572
1,23,2,0,165,59,1341.7,236,62,41,1561
1,51,3,0,157,78,1391.9,214,87,39,1555
0,27,3,3,155,45,1273,250,51.69,43,1594
0,25,4,0,162,96,1842.3,387,120,51,2487
1,29,3,0,163,45,1188,134,62,37,1117
1,21,2,0,168,66,1437.6,227,67,59,1707
0,21,3,0,171,51,1467.7,190,87,48,1540
1,28,3,0,169,49,1240.6,185,54,34.46,1266
0,26,2,0,168,87,1791.8,245,131,86,2278
0,21,2,0,167,63,1603.3,193,110,40,1572
1,24,4,2,170,60,1369.3,184,103,42,1526
1,23,2,1,156,62,1294.9,172,79,43,1391
1,30,4,0,154,84,1460.4,252,51.69,68,1827
1,41,4,0,141,58,1120.4,141,78,48,1308
0,26,3,2,170,79,1734,324,105,61,2265
0,28,3,0,168,50,1384.8,194,65,45,1441
0,19,3,0,169,65,1654.4,222,95,69,1889
1,23,3,1,163,49,1254.1,137,69,45,1229
0,20,3,0,152,97,1807.4,288,124,93,2485
0,24,2,0,166,48,1388,189,68,51,1487
0,24,4,0,158,87,1721.2,262,72,96,2200
1,22,3,0,163,51,1255,180,71,45,1409
1,50,4,0,140,73,1152.5,159,106,34.46,1370
0,20,3,0,170,64,1624.4,230,117,47,1811
0,27,2,0,163,47,1426,164,91,49,1461
1,58,2,0,158,69,1268.2,191,82,67,1695
0,21,3,4,170,51,1502.7,222,79,34.46,1514
1,21,3,0,155,47,1226.5,183,66,34.46,1306
1,21,4,3,157,45,1193.7,185,60,38,1322
1,36,4,0,154,48,1069.2,130,63,43,1159
0,23,3,4,169,85,1812,326,129,59,2351
1,21,4,0,156,66,1361.5,209,60,58,1598
1,26,3,0,152,54,1193.9,159,77,36,1268
1,22,2,0,131,40,887.8,129.225,53,39,1080
0,23,4,0,170,69,1670.9,314,88,67,2211
0,25,4,4,172,48,1436.9,231,71,51,1667
1,25,2,0,154,84,1568.2,233,101,84,2092
1,24,2,0,164,58,1345.2,221,64,57,1653
1,26,2,0,160,47,1129.5,139,51.69,45,1168
1,20,2,2,163,56,1337.8,227,63,42,1538
0,25,3,0,163,121,2138.2,353,159,106,3002
1,15,3,0,157,56,1266.3,185,66,40,1364
0,22,2,0,160,75,1624.1,245,58,82,1950
1,22,3,0,131,48,1021.7,158,51.69,41,1208
0,30,2,0,169,51,1439.9,135,86,67,1487
0,24,3,2,171,70,1628.7,278,95,50,1942
1,23,4,1,155,44,1117.1,171,51.69,41,1260
0,26,3,0,164,85,1721.8,239,103,91,2187
0,21,2,0,161,87,1775.4,372,134,89,2825
0,27,2,1,163,68,1587.6,276,85,68,2056
0,22,2,2,181,61,1662.1,212,107,43,1663
0,36,3,0,155,117,1937.5,359,137,77,2677
0,18,3,0,155,102,1938.7,304,79,103,2459
1,25,3,0,166,50,1192.1,169,80,46,1410
0,26,3,0,164,101,1907.3,339,146,71,2579
1,21,4,1,157,50,1271.6,161,87,44,1388
1,22,2,0,157,46,1146.5,183,51.69,44,1335
0,70,2,2,170,76,1494.6,131,90,66,1478
0,26,3,0,176,108,2037.3,360,110,97,2753
1,28,3,1,141,91,1413.6,229,83,76,1932
0,19,3,4,179,77,1797.7,311,121,54,2214
1,22,2,0,164,74,1531.2,223,63,60,1684
1,23,3,0,171,59,1414.5,180,78,54,1518
0,23,3,1,182,87,1877.7,223,120,49,1813
0,26,3,0,171,62,1491,183,89,58,1610
1,21,2,0,156,67,1405.4,175,98,59,1623
1,33,3,1,155,69,1350.5,195,99,56,1680
0,23,3,1,168,82,1785.2,250,110,47,1863
1,29,3,4,166,48,1222.6,188,51.69,54,1445
0,26,3,0,167,126,2206.2,386,150,103,3071
0,20,2,1,168,71,1651.9,279,111,47,1983
0,57,3,0,162,51,1305.9,190,77,56,1572
1,45,3,3,160,47,1073.3,161,60,34.46,1194
0,23,3,3,155,118,2078.8,372,149,98,2966
0,23,3,3,175,71,1724.8,231,79,54,1726
1,23,4,0,157,96,1612.6,261,124,78,2242
1,21,3,2,157,70,1437,139,87,41,1273
0,21,3,0,173,86,1799.4,310,101,96,2508
0,25,3,0,170,106,2027.5,387,123,88,2832
1,21,3,0,160,46,1157.6,129.225,51.69,51,1183
1,23,3,0,163,69,1413.4,232,74,58,1746
0,23,3,0,168,56,1501.9,215,56,63,1651
0,18,2,1,169,109,2090.2,376,126,100,2908
0,25,3,0,165,47,1349,149,103,52,1476
0,39,3,0,174,54,1438.1,202,96,54,1678
0,22,3,1,168,64,1581.5,223,83,58,1746
0,43,2,0,163,67,1450.8,205,106,55,1739
0,23,3,0,167,46,1340.5,156,72,60,1452
1,25,4,0,156,89,1568.4,216,122,65,1937
0,29,2,0,164,84,1753.5,204,112,86,2038
1,23,3,4,156,49,1169,195,51.69,35,1302
0,49,3,0,156,90,1605.2,297,60,72,2076
0,22,3,0,160,48,1422.3,191,87,48,1544
1,36,4,0,141,88,1464.5,301,82,49,1973
0,22,3,0,179,105,2046.3,378,146,101,3005
1,29,3,3,152,77,1405.4,291,75,57,1977
0,35,4,0,154,88,1654.2,316,54,67,2083
0,23,4,0,177,85,1826.5,278,78,80,2144
1,30,4,0,155,86,1522.5,129.225,74,108,1785
0,24,3,0,165,98,1930.1,285,127,97,2521
0,26,4,0,179,85,1774.2,325,142,83,2615
1,19,4,0,164,49,1277.8,198,67,37,1393
1,24,3,4,160,55,1274.3,130,78,39,1183
1,23,3,0,154,88,1552.4,136,95,68,1536
0,26,2,0,170,65,1589.4,184,102,63,1711
0,22,3,0,164,62,1547.8,204,107,55,1739
0,23,3,0,166,86,1801,351,125,52,2372
0,31,3,0,164,99,1907.7,330,134,64,2432
0,24,4,1,163,82,1734.3,329,129,77,2525
0,35,3,0,163,112,1954.5,349,132,103,2851
0,24,3,0,168,112,2040,318,161,67,2519
1,24,3,3,163,65,1356,257,106,44,1848
1,25,4,0,180,72,1540,192,143,66,1934
0,30,3,0,168,48,1393.1,158,83,51,1423
0,24,4,0,168,103,1915.3,231,145,89,2305
1,36,3,0,163,41,1072.7,129.225,51.69,39,1075
0,35,3,2,155,87,1669.6,179,119,91,2011
1,22,4,1,156,50,1253,175,62,47,1371
1,22,2,0,166,68,1494.6,195,78,72,1740
0,23,3,4,171,69,1636.9,260,106,59,1995
1,24,3,0,157,62,1312.4,196,85,52,1592
0,28,4,0,162,93,1821.3,337,87,103,2623
0,24,4,0,163,98,1869.6,380,107,82,2686
1,37,3,4,151,42,1014.8,157,51.69,39,1186
0,24,3,0,178,90,1852.6,240,132,97,2361
1,20,2,0,144,73,1360.5,180,138,65,1857
0,21,2,0,163,57,1522.5,129.225,114,51,1432
1,44,4,2,140,76,1270.1,200,91,56,1668
0,23,3,0,154,95,1807.9,279,61,97,2233
0,29,3,0,168,87,1767.6,324,134,85,2597
1,24,2,0,155,67,1386.4,164,93,66,1622
0,25,2,2,160,69,1557.3,212,111,52,1760
0,28,3,0,164,99,1945.5,269,125,98,2458
1,18,3,0,167,90,1659.1,268,104,64,2064
0,23,3,1,170,86,1799,297,107,79,2327
0,32,3,0,161,118,2014.2,374,150,87,2879
1,40,2,2,161,80,1430.4,244,61,38,1562
0,23,4,0,173,71,1642.9,310,118,58,2234
0,30,4,1,168,106,1989.2,329,144,89,2693
0,21,3,0,170,52,1497.9,182,97,53,1593
0,24,3,2,167,70,1616,235,107,60,1908
1,22,2,0,156,67,1394.9,223,63,56,1648
1,23,2,0,156,79,1467.7,206,78,71,1775
1,27,3,0,152,99,1644.6,205,137,64,1944
0,23,4,4,172,68,1652.8,235,70,72,1868
0,20,2,1,163,76,1638.8,271,90,39,1795
1,15,3,0,159,80,1551.2,145,103,87,1775
1,44,2,0,165,87,1501.3,259,109,55,1967
0,24,3,1,161,87,1802.6,298,93,78,2266
0,27,3,0,174,51,1480.2,173,70,61,1521
0,21,3,0,163,40,1339.5,149,60,39,1187
1,28,2,1,161,82,1532.9,214,137,55,1899
1,23,3,0,156,42,1067.9,141,51.69,35,1086
0,26,3,0,155,105,1867.4,314,116,104,2656
0,33,4,0,168,99,1837.5,253,133,100,2444
1,24,2,1,160,78,1459.5,200,110,58,1762
0,27,3,0,162,99,1872.3,224,104,103,2239
0,28,3,0,165,71,1639.7,257,126,70,2162
0,25,3,2,165,66,1578.3,179,100,55,1611
1,23,2,0,170,81,1618.2,248,115,74,2118
1,23,3,0,160,56,1310.8,204,73,46,1522
0,22,3,0,166,60,1518.1,218,79,34.46,1498
0,28,4,0,179,97,1889.1,369,145,74,2722
0,16,3,4,173,84,1779.4,241,118,74,2102
1,46,3,3,157,64,1200.9,244,81,34.46,1610
1,27,3,0,147,51,1114.3,159,63,44,1284
0,24,2,0,172,67,1654.4,286,66,76,2092
1,30,3,0,153,98,1601.8,216,125,59,1895
1,29,2,0,157,76,1400.9,251,95,53,1861
1,46,3,0,140,70,1174.2,153,92,45,1385
1,27,2,0,151,56,1260.3,141,62,47,1235
0,26,3,3,180,77,1734.9,228,149,84,2264
0,25,2,1,168,68,1581.6,220,107,61,1857
0,24,2,0,169,78,1674.5,327,103,62,2278
0,24,3,1,169,91,1832.7,218,147,75,2135
0,20,2,0,158,40,1234.1,142,55,34.46,1098
0,20,3,0,166,49,1466.6,227,57,39,1487
0,23,4,2,179,70,1715,232,112,72,2024
0,22,3,3,171,71,1666,253,91,91,2195
0,34,3,0,158,108,1982.2,411,86,60,2528
0,22,2,0,166,48,1418,139,92,54,1410
1,22,2,3,167,52,1346,217,81,44,1588
1,35,3,0,142,81,1380.8,129.225,100,73,1574
1,20,2,0,145,73,1354,228,103,56,1828
1,23,3,0,157,50,1214.1,143,82,38,1242
0,29,3,0,175,122,2138.8,323,154,67,2511
1,20,4,0,138,56,1201,222,53,42,1478
0,25,3,0,159,44,1312,183,75,34.46,1342
1,25,2,3,166,69,1460.5,149,104,66,1606
0,21,2,1,166,85,1801.7,216,68,83,1883
0,21,2,0,165,62,1516,205,90,70,1810
1,20,2,0,157,47,1176.4,165,51.69,50,1317
0,20,2,0,165,64,1544.3,270,84,52,1884
0,23,4,0,181,62,1613.2,183,121,43,1603
0,24,3,0,169,85,1786.7,249,118,54,1954
0,32,3,0,167,50,1368.5,174,82,34.46,1334
0,27,2,0,160,103,1903.4,324,133,104,2764
1,27,3,3,144,85,1446.2,224,80,73,1873
0,23,4,3,168,68,1605.6,181,102,63,1699
1,44,4,0,141,76,1306.3,251,96,61,1937
1,21,3,0,160,50,1214.8,132,61,44,1168
0,22,3,0,158,122,2116.5,368,139,87,2811
0,28,3,1,168,90,1802.6,234,142,71,2143
1,23,3,0,135,85,1417.2,233,121,74,2082
1,21,3,0,160,42,1159.8,162,57,36,1200
1,25,3,1,153,64,1285.9,182,71,66,1606
0,26,3,0,166,51,1411.2,235,51.69,48,1579
0,47,3,3,172,83,1698.2,299,120,66,2270
0,23,3,0,160,104,1952.4,362,150,97,2921
0,16,2,1,173,83,1734,271,142,68,2264
1,22,2,1,156,66,1401.9,210,78,58,1674
1,23,3,0,164,56,1294.2,169,77,49,1425
1,20,3,0,148,52,1167.7,152,51.69,34.46,1125
0,30,3,0,164,47,1358.9,239,66,44,1616
1,33,3,0,143,80,1377.7,251,94,56,1884
1,32,3,0,141,79,1357.5,241,87,66,1906
0,22,3,0,184,85,1834.7,210,117,85,2073
0,18,4,3,171,73,1775.6,243,129,36,1812
0,16,3,4,174,81,1850.1,194,108,94,2054
1,20,3,2,156,70,1383.1,177,76,57,1525
1,23,2,0,157,51,1252.5,185,80,46,1474
0,23,2,3,181,63,1632.7,244,103,60,1928
0,29,3,0,174,72,1657.2,296,64,37,1773
0,20,3,0,171,51,1436,146,59,48,1252
0,24,3,2,179,61,1590.6,203,94,69,1809
1,38,3,0,135,89,1364.3,295,85,60,2060
0,23,3,0,166,111,1994,326,126,93,2645
1,35,3,0,161,79,1470.9,234,73,66,1822
0,23,3,1,171,58,1505.2,158,94,58,1530
0,26,3,0,163,101,1866.9,362,99,69,2465
0,48,2,0,185,108,2024,222,157,105,2461
1,36,4,0,158,99,1653,320,104,90,2506
1,20,3,0,146,65,1304.3,183,94,43,1495
1,22,4,0,156,88,1606,255,99,57,1929
0,19,3,0,155,99,1812.5,223,119,96,2232
1,18,3,0,145,67,1338.9,213,76,51,1615
1,26,3,0,166,87,1575.5,240,95,60,1880
0,21,3,0,173,52,1503.9,201,75,51,1563
0,31,3,0,168,49,1398.1,129.225,80,65,1422
1,19,2,4,154,47,1215.7,154,81,38,1282
1,21,2,0,165,71,1459.9,209,89,55,1687
0,24,3,0,164,119,2102.7,328,131,97,2709
0,25,2,1,168,57,1509.3,238,92,52,1788
0,21,2,2,163,58,1432.9,227,75,55,1703
0,18,3,1,170,108,2101.3,257,80,116,2392
0,28,2,0,168,49,1377.6,204,51.69,44,1419
0,30,4,0,168,51,1386.4,167,59,58,1426
0,29,3,0,168,58,1471,231,87,49,1713
1,19,3,0,163,48,1193,135,61,41,1153
0,24,3,2,168,74,1664.3,298,103,80,2324
0,32,3,0,165,103,1904.5,283,158,105,2709
0,27,3,0,171,82,1748,211,142,83,2159
1,20,4,0,145,99,1644.8,321,106,70,2338
0,27,3,0,174,53,1456.7,222,90,43,1635
0,43,2,0,163,68,1492.9,194,85,49,1557
0,25,3,0,165,47,1381.8,136,112,36,1316
1,28,3,0,144,94,1502.4,129.225,99,77,1606
1,22,3,0,158,44,1099.4,143,53,39,1135
0,25,3,1,170,88,1822.6,296,119,66,2254
1,31,2,0,155,76,1413.5,164,81,74,1646
0,26,2,0,172,105,2017,346,132,102,2830
1,24,2,0,168,49,1210.5,137,86,54,1378
0,24,3,0,158,75,1566.1,224,87,91,2063
1,44,3,0,163,48,1125.6,156,51.69,53,1308
0,23,2,0,179,79,1809.8,301,129,73,2377
0,22,2,3,170,65,1639.1,205,109,58,1778
0,29,2,4,173,83,1749.2,233,114,74,2054
1,55,3,0,142,111,1624.6,304,83,79,2259
0,29,3,0,171,50,1416.2,197,65,48,1480
1,46,3,1,160,48,1109.8,192,51.69,39,1326
